{
  "url": "https://www.11ty.dev/",
  "requestedUrl": "https://www.11ty.dev/",
  "timestamp": 1613729466466,
  "ranks": {
    "hundos": 2,
    "performance": 3,
    "accessibility": 1,
    "cumulative": 1
  },
  "lighthouse": {
    "version": "6.5.0",
    "performance": 0.99,
    "accessibility": 1,
    "bestPractices": 1,
    "seo": 1,
    "total": 399
  },
  "firstContentfulPaint": 1214.8139999999999,
  "speedIndex": 1214.8139999999999,
  "largestContentfulPaint": 1214.8139999999999,
  "totalBlockingTime": 20,
  "cumulativeLayoutShift": 0.11489149305555556,
  "timeToInteractive": 1323.8139999999999,
  "maxPotentialFirstInputDelay": 78,
  "timeToFirstByte": 20.69099999999999,
  "weight": {
    "summary": "25 requests • 161 KiB",
    "total": 165129,
    "image": 105437,
    "imageCount": 21,
    "script": 7668,
    "scriptCount": 1,
    "document": 33109,
    "font": 15509,
    "fontCount": 1,
    "stylesheet": 3406,
    "stylesheetCount": 1,
    "thirdParty": 15509,
    "thirdPartyCount": 1
  },
  "run": {
    "number": 2,
    "total": 3
  },
  "axe": {
    "passes": 837,
    "violations": 0
  }
}