{
  "url": "https://www.11ty.dev/",
  "requestedUrl": "https://www.11ty.dev/",
  "timestamp": 1615975957755,
  "ranks": {
    "hundos": 1,
    "performance": 2,
    "accessibility": 1,
    "cumulative": 1
  },
  "lighthouse": {
    "version": "6.5.0",
    "performance": 0.99,
    "accessibility": 1,
    "bestPractices": 1,
    "seo": 1,
    "total": 399
  },
  "firstContentfulPaint": 1008.59,
  "speedIndex": 1008.59,
  "largestContentfulPaint": 1279.5900000000001,
  "totalBlockingTime": 36.500000000000114,
  "cumulativeLayoutShift": 0.11666286892361111,
  "timeToInteractive": 1170.0900000000001,
  "maxPotentialFirstInputDelay": 83.00000000000011,
  "timeToFirstByte": 7.192999999999998,
  "weight": {
    "summary": "25 requests • 158 KiB",
    "total": 161357,
    "image": 105273,
    "imageCount": 21,
    "script": 7640,
    "scriptCount": 1,
    "document": 29504,
    "font": 15510,
    "fontCount": 1,
    "stylesheet": 3430,
    "stylesheetCount": 1,
    "thirdParty": 15510,
    "thirdPartyCount": 1
  },
  "run": {
    "number": 3,
    "total": 3
  },
  "axe": {
    "passes": 837,
    "violations": 0
  }
}