{
  "url": "https://www.11ty.dev/",
  "requestedUrl": "https://www.11ty.dev/",
  "timestamp": 1616062261589,
  "ranks": {
    "hundos": 2,
    "performance": 2,
    "accessibility": 1,
    "cumulative": 1
  },
  "lighthouse": {
    "version": "6.5.0",
    "performance": 0.99,
    "accessibility": 1,
    "bestPractices": 1,
    "seo": 1,
    "total": 399
  },
  "firstContentfulPaint": 1053.5700000000002,
  "speedIndex": 1053.5700000000002,
  "largestContentfulPaint": 1053.5700000000002,
  "totalBlockingTime": 45.5,
  "cumulativeLayoutShift": 0.11489149305555556,
  "timeToInteractive": 1243.5700000000002,
  "maxPotentialFirstInputDelay": 87,
  "timeToFirstByte": 8.476999999999997,
  "weight": {
    "summary": "25 requests • 158 KiB",
    "total": 161343,
    "image": 105256,
    "imageCount": 21,
    "script": 7641,
    "scriptCount": 1,
    "document": 29534,
    "font": 15510,
    "fontCount": 1,
    "stylesheet": 3402,
    "stylesheetCount": 1,
    "thirdParty": 15510,
    "thirdPartyCount": 1
  },
  "run": {
    "number": 2,
    "total": 3
  },
  "axe": {
    "passes": 837,
    "violations": 0
  }
}