{
  "url": "https://www.11ty.dev/",
  "requestedUrl": "https://www.11ty.dev/",
  "timestamp": 1617524177650,
  "ranks": {
    "hundos": 2,
    "performance": 3,
    "accessibility": 1,
    "cumulative": 1
  },
  "lighthouse": {
    "version": "6.5.0",
    "performance": 0.99,
    "accessibility": 1,
    "bestPractices": 1,
    "seo": 1,
    "total": 399
  },
  "firstContentfulPaint": 1076.658,
  "speedIndex": 1076.658,
  "largestContentfulPaint": 1076.658,
  "totalBlockingTime": 36.5,
  "cumulativeLayoutShift": 0.11489149305555556,
  "timeToInteractive": 1238.158,
  "maxPotentialFirstInputDelay": 105,
  "timeToFirstByte": 24.960000000000008,
  "weight": {
    "summary": "15 requests • 108 KiB",
    "total": 110406,
    "image": 54260,
    "imageCount": 11,
    "script": 7667,
    "scriptCount": 1,
    "document": 29541,
    "font": 15510,
    "fontCount": 1,
    "stylesheet": 3428,
    "stylesheetCount": 1,
    "thirdParty": 15510,
    "thirdPartyCount": 1
  },
  "run": {
    "number": 2,
    "total": 3
  },
  "axe": {
    "passes": 837,
    "violations": 0
  }
}