{
  "url": "https://www.11ty.dev/",
  "requestedUrl": "https://www.11ty.dev/",
  "timestamp": 1613038360608,
  "ranks": {
    "hundos": 1,
    "performance": 2,
    "accessibility": 1,
    "cumulative": 1
  },
  "lighthouse": {
    "version": "6.5.0",
    "performance": 0.99,
    "accessibility": 1,
    "bestPractices": 1,
    "seo": 1,
    "total": 399
  },
  "firstContentfulPaint": 1360.848,
  "speedIndex": 1360.848,
  "largestContentfulPaint": 1382.277,
  "totalBlockingTime": 1,
  "cumulativeLayoutShift": 0.11489149305555556,
  "timeToInteractive": 1386.848,
  "maxPotentialFirstInputDelay": 171,
  "timeToFirstByte": 67.93099999999998,
  "weight": {
    "summary": "17 requests • 165 KiB",
    "total": 168459,
    "image": 108751,
    "imageCount": 13,
    "script": 7641,
    "scriptCount": 1,
    "document": 33127,
    "font": 15510,
    "fontCount": 1,
    "stylesheet": 3430,
    "stylesheetCount": 1,
    "thirdParty": 15510,
    "thirdPartyCount": 1
  },
  "run": {
    "number": 3,
    "total": 3
  },
  "axe": {
    "passes": 837,
    "violations": 0
  }
}