{
  "url": "https://www.11ty.dev/",
  "requestedUrl": "https://www.11ty.dev/",
  "timestamp": 1613470151732,
  "ranks": {
    "hundos": 2,
    "performance": 3,
    "accessibility": 1,
    "cumulative": 1
  },
  "lighthouse": {
    "version": "6.5.0",
    "performance": 0.99,
    "accessibility": 1,
    "bestPractices": 1,
    "seo": 1,
    "total": 399
  },
  "firstContentfulPaint": 1262.092,
  "speedIndex": 1399.5068415924347,
  "largestContentfulPaint": 1583.9225,
  "totalBlockingTime": 58.5,
  "cumulativeLayoutShift": 0.11489149305555556,
  "timeToInteractive": 1370.592,
  "maxPotentialFirstInputDelay": 119,
  "timeToFirstByte": 8.896999999999991,
  "weight": {
    "summary": "25 requests • 161 KiB",
    "total": 165012,
    "image": 105328,
    "imageCount": 21,
    "script": 7643,
    "scriptCount": 1,
    "document": 33102,
    "font": 15509,
    "fontCount": 1,
    "stylesheet": 3430,
    "stylesheetCount": 1,
    "thirdParty": 15509,
    "thirdPartyCount": 1
  },
  "run": {
    "number": 1,
    "total": 3
  },
  "axe": {
    "passes": 837,
    "violations": 0
  }
}