{
  "url": "https://www.11ty.dev/",
  "requestedUrl": "https://www.11ty.dev/",
  "timestamp": 1617178562966,
  "ranks": {
    "hundos": 2,
    "performance": 3,
    "accessibility": 1,
    "cumulative": 1
  },
  "lighthouse": {
    "version": "6.5.0",
    "performance": 0.99,
    "accessibility": 1,
    "bestPractices": 1,
    "seo": 1,
    "total": 399
  },
  "firstContentfulPaint": 1162.8490000000002,
  "speedIndex": 1162.8490000000002,
  "largestContentfulPaint": 1162.8490000000002,
  "totalBlockingTime": 62.5,
  "cumulativeLayoutShift": 0.11489149305555556,
  "timeToInteractive": 1345.8490000000002,
  "maxPotentialFirstInputDelay": 174,
  "timeToFirstByte": 24.843999999999994,
  "weight": {
    "summary": "25 requests • 158 KiB",
    "total": 161652,
    "image": 105215,
    "imageCount": 21,
    "script": 7992,
    "scriptCount": 1,
    "document": 29536,
    "font": 15510,
    "fontCount": 1,
    "stylesheet": 3399,
    "stylesheetCount": 1,
    "thirdParty": 15510,
    "thirdPartyCount": 1
  },
  "run": {
    "number": 1,
    "total": 3
  },
  "axe": {
    "passes": 837,
    "violations": 0
  }
}