{
  "url": "https://www.11ty.dev/",
  "requestedUrl": "https://www.11ty.dev/",
  "timestamp": 1612696252891,
  "ranks": {
    "hundos": 1,
    "performance": 2,
    "accessibility": 1,
    "cumulative": 1
  },
  "lighthouse": {
    "version": "6.5.0",
    "performance": 0.99,
    "accessibility": 1,
    "bestPractices": 1,
    "seo": 1,
    "total": 399
  },
  "firstContentfulPaint": 1066.8279999999997,
  "speedIndex": 1066.8279999999997,
  "largestContentfulPaint": 1318.4554999999998,
  "totalBlockingTime": 15,
  "cumulativeLayoutShift": 0.11489149305555556,
  "timeToInteractive": 1170.8279999999997,
  "maxPotentialFirstInputDelay": 72,
  "timeToFirstByte": 7.425999999999988,
  "weight": {
    "summary": "17 requests • 164 KiB",
    "total": 168402,
    "image": 108695,
    "imageCount": 13,
    "script": 7641,
    "scriptCount": 1,
    "document": 33127,
    "font": 15509,
    "fontCount": 1,
    "stylesheet": 3430,
    "stylesheetCount": 1,
    "thirdParty": 15509,
    "thirdPartyCount": 1
  },
  "run": {
    "number": 3,
    "total": 3
  },
  "axe": {
    "passes": 837,
    "violations": 0
  }
}