{
  "url": "https://www.11ty.dev/",
  "requestedUrl": "https://www.11ty.dev/",
  "timestamp": 1613124658013,
  "ranks": {
    "hundos": 2,
    "performance": 3,
    "accessibility": 1,
    "cumulative": 1
  },
  "lighthouse": {
    "version": "6.5.0",
    "performance": 0.99,
    "accessibility": 1,
    "bestPractices": 1,
    "seo": 1,
    "total": 399
  },
  "firstContentfulPaint": 1420.6699999999998,
  "speedIndex": 1867.1425321310599,
  "largestContentfulPaint": 1420.6699999999998,
  "totalBlockingTime": 3.5,
  "cumulativeLayoutShift": 0.11489149305555556,
  "timeToInteractive": 1465.6699999999998,
  "maxPotentialFirstInputDelay": 57,
  "timeToFirstByte": 257.775,
  "weight": {
    "summary": "17 requests • 164 KiB",
    "total": 168430,
    "image": 108722,
    "imageCount": 13,
    "script": 7661,
    "scriptCount": 1,
    "document": 33108,
    "font": 15510,
    "fontCount": 1,
    "stylesheet": 3429,
    "stylesheetCount": 1,
    "thirdParty": 15510,
    "thirdPartyCount": 1
  },
  "run": {
    "number": 2,
    "total": 3
  },
  "axe": {
    "passes": 837,
    "violations": 0
  }
}