{
  "url": "https://www.11ty.dev/",
  "requestedUrl": "https://www.11ty.dev/",
  "timestamp": 1615025592543,
  "ranks": {
    "hundos": 2,
    "performance": 3,
    "accessibility": 1,
    "cumulative": 2
  },
  "lighthouse": {
    "version": "6.5.0",
    "performance": 0.96,
    "accessibility": 1,
    "bestPractices": 1,
    "seo": 1,
    "total": 396
  },
  "firstContentfulPaint": 1240.094,
  "speedIndex": 1240.094,
  "largestContentfulPaint": 1527.675,
  "totalBlockingTime": 51,
  "cumulativeLayoutShift": 0.39645833333333336,
  "timeToInteractive": 1341.094,
  "maxPotentialFirstInputDelay": 142,
  "timeToFirstByte": 165.07100000000003,
  "weight": {
    "summary": "25 requests • 158 KiB",
    "total": 161416,
    "image": 105342,
    "imageCount": 21,
    "script": 7640,
    "scriptCount": 1,
    "document": 29497,
    "font": 15509,
    "fontCount": 1,
    "stylesheet": 3428,
    "stylesheetCount": 1,
    "thirdParty": 15509,
    "thirdPartyCount": 1
  },
  "run": {
    "number": 3,
    "total": 3
  },
  "axe": {
    "passes": 837,
    "violations": 0
  }
}