{
  "url": "https://www.11ty.dev/",
  "requestedUrl": "https://www.11ty.dev/",
  "timestamp": 1617092347104,
  "ranks": {
    "hundos": 1,
    "performance": 2,
    "accessibility": 1,
    "cumulative": 1
  },
  "lighthouse": {
    "version": "6.5.0",
    "performance": 0.99,
    "accessibility": 1,
    "bestPractices": 1,
    "seo": 1,
    "total": 399
  },
  "firstContentfulPaint": 1134.8450000000003,
  "speedIndex": 1134.8450000000003,
  "largestContentfulPaint": 1134.8450000000003,
  "totalBlockingTime": 21,
  "cumulativeLayoutShift": 0.11489149305555556,
  "timeToInteractive": 1257.8450000000003,
  "maxPotentialFirstInputDelay": 78,
  "timeToFirstByte": 37.17499999999998,
  "weight": {
    "summary": "25 requests • 158 KiB",
    "total": 161456,
    "image": 105331,
    "imageCount": 21,
    "script": 7639,
    "scriptCount": 1,
    "document": 29546,
    "font": 15510,
    "fontCount": 1,
    "stylesheet": 3430,
    "stylesheetCount": 1,
    "thirdParty": 15510,
    "thirdPartyCount": 1
  },
  "run": {
    "number": 3,
    "total": 3
  },
  "axe": {
    "passes": 837,
    "violations": 0
  }
}