{
  "url": "https://www.11ty.dev/",
  "requestedUrl": "https://www.11ty.dev/",
  "timestamp": 1616836570161,
  "ranks": {
    "hundos": 2,
    "performance": 3,
    "accessibility": 1,
    "cumulative": 1
  },
  "lighthouse": {
    "version": "6.5.0",
    "performance": 0.99,
    "accessibility": 1,
    "bestPractices": 1,
    "seo": 1,
    "total": 399
  },
  "firstContentfulPaint": 1110.8890000000001,
  "speedIndex": 1324.1794846209123,
  "largestContentfulPaint": 1142.8890000000001,
  "totalBlockingTime": 47,
  "cumulativeLayoutShift": 0.11489149305555556,
  "timeToInteractive": 1253.8890000000001,
  "maxPotentialFirstInputDelay": 90,
  "timeToFirstByte": 332.753,
  "weight": {
    "summary": "25 requests • 157 KiB",
    "total": 161252,
    "image": 105153,
    "imageCount": 21,
    "script": 7639,
    "scriptCount": 1,
    "document": 29526,
    "font": 15510,
    "fontCount": 1,
    "stylesheet": 3424,
    "stylesheetCount": 1,
    "thirdParty": 15510,
    "thirdPartyCount": 1
  },
  "run": {
    "number": 3,
    "total": 3
  },
  "axe": {
    "passes": 837,
    "violations": 0
  }
}