{
  "url": "https://www.11ty.dev/",
  "requestedUrl": "https://www.11ty.dev/",
  "timestamp": 1615371204434,
  "ranks": {
    "hundos": 1,
    "performance": 2,
    "accessibility": 1,
    "cumulative": 1
  },
  "lighthouse": {
    "version": "6.5.0",
    "performance": 0.99,
    "accessibility": 1,
    "bestPractices": 1,
    "seo": 1,
    "total": 399
  },
  "firstContentfulPaint": 1044.364,
  "speedIndex": 1044.364,
  "largestContentfulPaint": 1280.364,
  "totalBlockingTime": 70,
  "cumulativeLayoutShift": 0.11666286892361111,
  "timeToInteractive": 1242.364,
  "maxPotentialFirstInputDelay": 106,
  "timeToFirstByte": 9.097999999999999,
  "weight": {
    "summary": "25 requests • 158 KiB",
    "total": 161338,
    "image": 105272,
    "imageCount": 21,
    "script": 7648,
    "scriptCount": 1,
    "document": 29506,
    "font": 15510,
    "fontCount": 1,
    "stylesheet": 3402,
    "stylesheetCount": 1,
    "thirdParty": 15510,
    "thirdPartyCount": 1
  },
  "run": {
    "number": 3,
    "total": 3
  },
  "axe": {
    "passes": 837,
    "violations": 0
  }
}