{
  "url": "https://www.11ty.dev/",
  "requestedUrl": "https://www.11ty.dev/",
  "timestamp": 1616494429303,
  "ranks": {
    "hundos": 1,
    "performance": 2,
    "accessibility": 1,
    "cumulative": 1
  },
  "lighthouse": {
    "version": "6.5.0",
    "performance": 0.99,
    "accessibility": 1,
    "bestPractices": 1,
    "seo": 1,
    "total": 399
  },
  "firstContentfulPaint": 1009.998,
  "speedIndex": 1009.998,
  "largestContentfulPaint": 1183.718,
  "totalBlockingTime": 45.5,
  "cumulativeLayoutShift": 0.11489149305555556,
  "timeToInteractive": 1155.498,
  "maxPotentialFirstInputDelay": 83,
  "timeToFirstByte": 7.350999999999999,
  "weight": {
    "summary": "25 requests • 157 KiB",
    "total": 161279,
    "image": 105181,
    "imageCount": 21,
    "script": 7638,
    "scriptCount": 1,
    "document": 29523,
    "font": 15510,
    "fontCount": 1,
    "stylesheet": 3427,
    "stylesheetCount": 1,
    "thirdParty": 15510,
    "thirdPartyCount": 1
  },
  "run": {
    "number": 3,
    "total": 3
  },
  "axe": {
    "passes": 837,
    "violations": 0
  }
}