{
  "url": "https://www.11ty.dev/",
  "requestedUrl": "https://www.11ty.dev/",
  "timestamp": 1616750364418,
  "ranks": {
    "hundos": 2,
    "performance": 3,
    "accessibility": 1,
    "cumulative": 2
  },
  "lighthouse": {
    "version": "6.5.0",
    "performance": 0.96,
    "accessibility": 1,
    "bestPractices": 1,
    "seo": 1,
    "total": 396
  },
  "firstContentfulPaint": 1048.894,
  "speedIndex": 1048.894,
  "largestContentfulPaint": 1325.8265000000001,
  "totalBlockingTime": 47,
  "cumulativeLayoutShift": 0.3737847222222222,
  "timeToInteractive": 1225.394,
  "maxPotentialFirstInputDelay": 130,
  "timeToFirstByte": 17.857000000000014,
  "weight": {
    "summary": "25 requests • 158 KiB",
    "total": 161937,
    "image": 105232,
    "imageCount": 21,
    "script": 7961,
    "scriptCount": 1,
    "document": 29522,
    "font": 15510,
    "fontCount": 1,
    "stylesheet": 3712,
    "stylesheetCount": 1,
    "thirdParty": 15510,
    "thirdPartyCount": 1
  },
  "run": {
    "number": 2,
    "total": 3
  },
  "axe": {
    "passes": 837,
    "violations": 0
  }
}