{
  "url": "https://www.11ty.dev/",
  "requestedUrl": "https://www.11ty.dev/",
  "timestamp": 1614334586174,
  "ranks": {
    "hundos": 1,
    "performance": 2,
    "accessibility": 1,
    "cumulative": 1
  },
  "lighthouse": {
    "version": "6.5.0",
    "performance": 0.99,
    "accessibility": 1,
    "bestPractices": 1,
    "seo": 1,
    "total": 399
  },
  "firstContentfulPaint": 1210.2640000000001,
  "speedIndex": 1210.2640000000001,
  "largestContentfulPaint": 1407.7020000000002,
  "totalBlockingTime": 3,
  "cumulativeLayoutShift": 0.11666286892361111,
  "timeToInteractive": 1238.2640000000001,
  "maxPotentialFirstInputDelay": 251,
  "timeToFirstByte": 17.53,
  "weight": {
    "summary": "25 requests • 161 KiB",
    "total": 165168,
    "image": 105478,
    "imageCount": 21,
    "script": 7675,
    "scriptCount": 1,
    "document": 33075,
    "font": 15510,
    "fontCount": 1,
    "stylesheet": 3430,
    "stylesheetCount": 1,
    "thirdParty": 15510,
    "thirdPartyCount": 1
  },
  "run": {
    "number": 3,
    "total": 3
  },
  "axe": {
    "passes": 837,
    "violations": 0
  }
}