{
  "url": "https://www.11ty.dev/",
  "requestedUrl": "https://www.11ty.dev/",
  "timestamp": 1616922992609,
  "ranks": {
    "hundos": 2,
    "performance": 3,
    "accessibility": 1,
    "cumulative": 1
  },
  "lighthouse": {
    "version": "6.5.0",
    "performance": 0.99,
    "accessibility": 1,
    "bestPractices": 1,
    "seo": 1,
    "total": 399
  },
  "firstContentfulPaint": 1065.3539999999998,
  "speedIndex": 1065.3539999999998,
  "largestContentfulPaint": 1065.3539999999998,
  "totalBlockingTime": 50,
  "cumulativeLayoutShift": 0.11489149305555556,
  "timeToInteractive": 1283.8539999999998,
  "maxPotentialFirstInputDelay": 88,
  "timeToFirstByte": 26.213999999999984,
  "weight": {
    "summary": "25 requests • 158 KiB",
    "total": 161383,
    "image": 105225,
    "imageCount": 21,
    "script": 7675,
    "scriptCount": 1,
    "document": 29544,
    "font": 15510,
    "fontCount": 1,
    "stylesheet": 3429,
    "stylesheetCount": 1,
    "thirdParty": 15510,
    "thirdPartyCount": 1
  },
  "run": {
    "number": 3,
    "total": 3
  },
  "axe": {
    "passes": 837,
    "violations": 0
  }
}