{
  "url": "https://www.11ty.dev/",
  "requestedUrl": "https://www.11ty.dev/",
  "timestamp": 1613643055809,
  "ranks": {
    "hundos": 1,
    "performance": 2,
    "accessibility": 1,
    "cumulative": 1
  },
  "lighthouse": {
    "version": "6.5.0",
    "performance": 0.99,
    "accessibility": 1,
    "bestPractices": 1,
    "seo": 1,
    "total": 399
  },
  "firstContentfulPaint": 1115.781,
  "speedIndex": 1115.781,
  "largestContentfulPaint": 1335.541,
  "totalBlockingTime": 0,
  "cumulativeLayoutShift": 0.11489149305555556,
  "timeToInteractive": 1115.781,
  "maxPotentialFirstInputDelay": 29,
  "timeToFirstByte": 25.00999999999999,
  "weight": {
    "summary": "25 requests • 161 KiB",
    "total": 165023,
    "image": 105345,
    "imageCount": 21,
    "script": 7647,
    "scriptCount": 1,
    "document": 33096,
    "font": 15510,
    "fontCount": 1,
    "stylesheet": 3425,
    "stylesheetCount": 1,
    "thirdParty": 15510,
    "thirdPartyCount": 1
  },
  "run": {
    "number": 2,
    "total": 3
  },
  "axe": {
    "passes": 837,
    "violations": 0
  }
}