{
  "url": "https://www.11ty.dev/",
  "requestedUrl": "https://www.11ty.dev/",
  "timestamp": 1615198231657,
  "ranks": {
    "hundos": 2,
    "performance": 3,
    "accessibility": 1,
    "cumulative": 2
  },
  "lighthouse": {
    "version": "6.5.0",
    "performance": 0.96,
    "accessibility": 1,
    "bestPractices": 1,
    "seo": 1,
    "total": 396
  },
  "firstContentfulPaint": 1137.991,
  "speedIndex": 1137.991,
  "largestContentfulPaint": 1401.991,
  "totalBlockingTime": 93.5,
  "cumulativeLayoutShift": 0.39645833333333336,
  "timeToInteractive": 1406.491,
  "maxPotentialFirstInputDelay": 158,
  "timeToFirstByte": 7.626000000000005,
  "weight": {
    "summary": "25 requests • 158 KiB",
    "total": 161403,
    "image": 105292,
    "imageCount": 21,
    "script": 7669,
    "scriptCount": 1,
    "document": 29502,
    "font": 15510,
    "fontCount": 1,
    "stylesheet": 3430,
    "stylesheetCount": 1,
    "thirdParty": 15510,
    "thirdPartyCount": 1
  },
  "run": {
    "number": 1,
    "total": 3
  },
  "axe": {
    "passes": 837,
    "violations": 0
  }
}