{
  "url": "https://www.11ty.dev/",
  "requestedUrl": "https://www.11ty.dev/",
  "timestamp": 1612779391001,
  "ranks": {
    "hundos": 1,
    "performance": 2,
    "accessibility": 1,
    "cumulative": 1
  },
  "lighthouse": {
    "version": "6.5.0",
    "performance": 0.99,
    "accessibility": 1,
    "bestPractices": 1,
    "seo": 1,
    "total": 399
  },
  "firstContentfulPaint": 1705.6109999999999,
  "speedIndex": 2067.7761775996833,
  "largestContentfulPaint": 1705.6109999999999,
  "totalBlockingTime": 6,
  "cumulativeLayoutShift": 0.11489149305555556,
  "timeToInteractive": 1754.6109999999999,
  "maxPotentialFirstInputDelay": 62,
  "timeToFirstByte": 160.949,
  "weight": {
    "summary": "17 requests • 164 KiB",
    "total": 168381,
    "image": 108680,
    "imageCount": 13,
    "script": 7665,
    "scriptCount": 1,
    "document": 33119,
    "font": 15509,
    "fontCount": 1,
    "stylesheet": 3408,
    "stylesheetCount": 1,
    "thirdParty": 15509,
    "thirdPartyCount": 1
  },
  "run": {
    "number": 2,
    "total": 3
  },
  "axe": {
    "passes": 837,
    "violations": 0
  }
}