{
  "url": "https://www.11ty.dev/",
  "requestedUrl": "https://www.11ty.dev/",
  "timestamp": 1617265402187,
  "ranks": {
    "hundos": 1,
    "performance": 2,
    "accessibility": 1,
    "cumulative": 1
  },
  "lighthouse": {
    "version": "6.5.0",
    "performance": 0.99,
    "accessibility": 1,
    "bestPractices": 1,
    "seo": 1,
    "total": 399
  },
  "firstContentfulPaint": 1075.2199999999998,
  "speedIndex": 1075.2199999999998,
  "largestContentfulPaint": 1075.2199999999998,
  "totalBlockingTime": 32,
  "cumulativeLayoutShift": 0.11489149305555556,
  "timeToInteractive": 1240.2199999999998,
  "maxPotentialFirstInputDelay": 72,
  "timeToFirstByte": 19.48599999999999,
  "weight": {
    "summary": "15 requests • 108 KiB",
    "total": 110387,
    "image": 54287,
    "imageCount": 11,
    "script": 7640,
    "scriptCount": 1,
    "document": 29549,
    "font": 15510,
    "fontCount": 1,
    "stylesheet": 3401,
    "stylesheetCount": 1,
    "thirdParty": 15510,
    "thirdPartyCount": 1
  },
  "run": {
    "number": 2,
    "total": 3
  },
  "axe": {
    "passes": 837,
    "violations": 0
  }
}