{
  "url": "https://www.11ty.dev/",
  "requestedUrl": "https://www.11ty.dev/",
  "timestamp": 1615802991803,
  "ranks": {
    "hundos": 2,
    "performance": 5,
    "accessibility": 1,
    "cumulative": 2
  },
  "lighthouse": {
    "version": "6.5.0",
    "performance": 0.96,
    "accessibility": 1,
    "bestPractices": 1,
    "seo": 1,
    "total": 396
  },
  "firstContentfulPaint": 1039.3939999999998,
  "speedIndex": 1039.3939999999998,
  "largestContentfulPaint": 1321.6164999999996,
  "totalBlockingTime": 67.5,
  "cumulativeLayoutShift": 0.39645833333333336,
  "timeToInteractive": 1295.8939999999998,
  "maxPotentialFirstInputDelay": 93,
  "timeToFirstByte": 7.994,
  "weight": {
    "summary": "25 requests • 158 KiB",
    "total": 161372,
    "image": 105282,
    "imageCount": 21,
    "script": 7647,
    "scriptCount": 1,
    "document": 29502,
    "font": 15510,
    "fontCount": 1,
    "stylesheet": 3431,
    "stylesheetCount": 1,
    "thirdParty": 15510,
    "thirdPartyCount": 1
  },
  "run": {
    "number": 1,
    "total": 3
  },
  "axe": {
    "passes": 837,
    "violations": 0
  }
}