{
  "url": "https://www.11ty.dev/",
  "requestedUrl": "https://www.11ty.dev/",
  "timestamp": 1612609846482,
  "ranks": {
    "hundos": 1,
    "performance": 2,
    "accessibility": 1,
    "cumulative": 1
  },
  "lighthouse": {
    "version": "6.5.0",
    "performance": 0.99,
    "accessibility": 1,
    "bestPractices": 1,
    "seo": 1,
    "total": 399
  },
  "firstContentfulPaint": 1332.7949999999998,
  "speedIndex": 1332.7949999999998,
  "largestContentfulPaint": 1380.0089999999998,
  "totalBlockingTime": 0,
  "cumulativeLayoutShift": 0.11489149305555556,
  "timeToInteractive": 1343.7949999999998,
  "maxPotentialFirstInputDelay": 27,
  "timeToFirstByte": 69.945,
  "weight": {
    "summary": "17 requests • 164 KiB",
    "total": 168424,
    "image": 108698,
    "imageCount": 13,
    "script": 7641,
    "scriptCount": 1,
    "document": 33146,
    "font": 15509,
    "fontCount": 1,
    "stylesheet": 3430,
    "stylesheetCount": 1,
    "thirdParty": 15509,
    "thirdPartyCount": 1
  },
  "run": {
    "number": 3,
    "total": 3
  },
  "axe": {
    "passes": 837,
    "violations": 0
  }
}