{
  "url": "https://www.11ty.dev/",
  "requestedUrl": "https://www.11ty.dev/",
  "timestamp": 1616663742972,
  "ranks": {
    "hundos": 1,
    "performance": 2,
    "accessibility": 1,
    "cumulative": 1
  },
  "lighthouse": {
    "version": "6.5.0",
    "performance": 0.99,
    "accessibility": 1,
    "bestPractices": 1,
    "seo": 1,
    "total": 399
  },
  "firstContentfulPaint": 1140.669,
  "speedIndex": 1140.669,
  "largestContentfulPaint": 1249.9765000000002,
  "totalBlockingTime": 68.5,
  "cumulativeLayoutShift": 0.11489149305555556,
  "timeToInteractive": 1382.669,
  "maxPotentialFirstInputDelay": 209,
  "timeToFirstByte": 4.344000000000001,
  "weight": {
    "summary": "25 requests • 158 KiB",
    "total": 161351,
    "image": 105230,
    "imageCount": 21,
    "script": 7639,
    "scriptCount": 1,
    "document": 29545,
    "font": 15509,
    "fontCount": 1,
    "stylesheet": 3428,
    "stylesheetCount": 1,
    "thirdParty": 15509,
    "thirdPartyCount": 1
  },
  "run": {
    "number": 1,
    "total": 3
  },
  "axe": {
    "passes": 837,
    "violations": 0
  }
}