{
  "url": "https://www.11ty.dev/",
  "requestedUrl": "https://www.11ty.dev/",
  "timestamp": 1616321530049,
  "ranks": {
    "hundos": 1,
    "performance": 2,
    "accessibility": 1,
    "cumulative": 1
  },
  "lighthouse": {
    "version": "6.5.0",
    "performance": 0.99,
    "accessibility": 1,
    "bestPractices": 1,
    "seo": 1,
    "total": 399
  },
  "firstContentfulPaint": 1343.148,
  "speedIndex": 1343.148,
  "largestContentfulPaint": 1375.648,
  "totalBlockingTime": 56,
  "cumulativeLayoutShift": 0.11489149305555556,
  "timeToInteractive": 1536.648,
  "maxPotentialFirstInputDelay": 96,
  "timeToFirstByte": 26.012999999999977,
  "weight": {
    "summary": "25 requests • 158 KiB",
    "total": 161404,
    "image": 105254,
    "imageCount": 21,
    "script": 7670,
    "scriptCount": 1,
    "document": 29541,
    "font": 15510,
    "fontCount": 1,
    "stylesheet": 3429,
    "stylesheetCount": 1,
    "thirdParty": 15510,
    "thirdPartyCount": 1
  },
  "run": {
    "number": 2,
    "total": 3
  },
  "axe": {
    "passes": 837,
    "violations": 0
  }
}