{
  "url": "https://www.11ty.dev/",
  "requestedUrl": "https://www.11ty.dev/",
  "timestamp": 1614161602200,
  "ranks": {
    "hundos": 1,
    "performance": 2,
    "accessibility": 1,
    "cumulative": 1
  },
  "lighthouse": {
    "version": "6.5.0",
    "performance": 0.99,
    "accessibility": 1,
    "bestPractices": 1,
    "seo": 1,
    "total": 399
  },
  "firstContentfulPaint": 1327.4389999999999,
  "speedIndex": 1327.4389999999999,
  "largestContentfulPaint": 1327.4389999999999,
  "totalBlockingTime": 3,
  "cumulativeLayoutShift": 0.11666286892361111,
  "timeToInteractive": 1391.9389999999999,
  "maxPotentialFirstInputDelay": 152,
  "timeToFirstByte": 20.692000000000007,
  "weight": {
    "summary": "25 requests • 161 KiB",
    "total": 165057,
    "image": 105422,
    "imageCount": 21,
    "script": 7641,
    "scriptCount": 1,
    "document": 33078,
    "font": 15510,
    "fontCount": 1,
    "stylesheet": 3406,
    "stylesheetCount": 1,
    "thirdParty": 15510,
    "thirdPartyCount": 1
  },
  "run": {
    "number": 3,
    "total": 3
  },
  "axe": {
    "passes": 837,
    "violations": 0
  }
}