{
  "url": "https://www.11ty.dev/",
  "requestedUrl": "https://www.11ty.dev/",
  "timestamp": 1612523497046,
  "ranks": {
    "hundos": 2,
    "performance": 3,
    "accessibility": 1,
    "cumulative": 1
  },
  "lighthouse": {
    "version": "6.5.0",
    "performance": 0.99,
    "accessibility": 1,
    "bestPractices": 1,
    "seo": 1,
    "total": 399
  },
  "firstContentfulPaint": 1088.1419999999998,
  "speedIndex": 1088.1419999999998,
  "largestContentfulPaint": 1088.1419999999998,
  "totalBlockingTime": 6.5,
  "cumulativeLayoutShift": 0.11666286892361111,
  "timeToInteractive": 1199.1419999999998,
  "maxPotentialFirstInputDelay": 57,
  "timeToFirstByte": 15.343000000000004,
  "weight": {
    "summary": "14 requests • 142 KiB",
    "total": 145649,
    "image": 85926,
    "imageCount": 10,
    "script": 7669,
    "scriptCount": 1,
    "document": 33114,
    "font": 15510,
    "fontCount": 1,
    "stylesheet": 3430,
    "stylesheetCount": 1,
    "thirdParty": 15510,
    "thirdPartyCount": 1
  },
  "run": {
    "number": 3,
    "total": 3
  },
  "axe": {
    "passes": 837,
    "violations": 0
  }
}