{
  "url": "https://www.11ty.dev/",
  "requestedUrl": "https://www.11ty.dev/",
  "timestamp": 1612865339547,
  "ranks": {
    "hundos": 1,
    "performance": 2,
    "accessibility": 1,
    "cumulative": 1
  },
  "lighthouse": {
    "version": "6.5.0",
    "performance": 0.99,
    "accessibility": 1,
    "bestPractices": 1,
    "seo": 1,
    "total": 399
  },
  "firstContentfulPaint": 1491.146,
  "speedIndex": 1724.8181711333482,
  "largestContentfulPaint": 1491.146,
  "totalBlockingTime": 108,
  "cumulativeLayoutShift": 0.11489149305555556,
  "timeToInteractive": 1699.146,
  "maxPotentialFirstInputDelay": 161,
  "timeToFirstByte": 16.022999999999968,
  "weight": {
    "summary": "17 requests • 165 KiB",
    "total": 168489,
    "image": 108750,
    "imageCount": 13,
    "script": 7669,
    "scriptCount": 1,
    "document": 33130,
    "font": 15510,
    "fontCount": 1,
    "stylesheet": 3430,
    "stylesheetCount": 1,
    "thirdParty": 15510,
    "thirdPartyCount": 1
  },
  "run": {
    "number": 1,
    "total": 3
  },
  "axe": {
    "passes": 837,
    "violations": 0
  }
}