{
  "url": "https://www.11ty.dev/",
  "requestedUrl": "https://www.11ty.dev/",
  "timestamp": 1614939096773,
  "ranks": {
    "hundos": 2,
    "performance": 3,
    "accessibility": 1,
    "cumulative": 1
  },
  "lighthouse": {
    "version": "6.5.0",
    "performance": 0.99,
    "accessibility": 1,
    "bestPractices": 1,
    "seo": 1,
    "total": 399
  },
  "firstContentfulPaint": 1116.663,
  "speedIndex": 1116.663,
  "largestContentfulPaint": 1116.663,
  "totalBlockingTime": 39,
  "cumulativeLayoutShift": 0.11666286892361111,
  "timeToInteractive": 1284.663,
  "maxPotentialFirstInputDelay": 78,
  "timeToFirstByte": 37.246999999999986,
  "weight": {
    "summary": "25 requests • 158 KiB",
    "total": 161423,
    "image": 105352,
    "imageCount": 21,
    "script": 7641,
    "scriptCount": 1,
    "document": 29519,
    "font": 15509,
    "fontCount": 1,
    "stylesheet": 3402,
    "stylesheetCount": 1,
    "thirdParty": 15509,
    "thirdPartyCount": 1
  },
  "run": {
    "number": 2,
    "total": 3
  },
  "axe": {
    "passes": 837,
    "violations": 0
  }
}