{
  "url": "https://www.11ty.dev/",
  "requestedUrl": "https://www.11ty.dev/",
  "timestamp": 1613211117976,
  "ranks": {
    "hundos": 2,
    "performance": 3,
    "accessibility": 1,
    "cumulative": 1
  },
  "lighthouse": {
    "version": "6.5.0",
    "performance": 0.99,
    "accessibility": 1,
    "bestPractices": 1,
    "seo": 1,
    "total": 399
  },
  "firstContentfulPaint": 1322.1159999999998,
  "speedIndex": 1359.858001761983,
  "largestContentfulPaint": 1382.4459999999997,
  "totalBlockingTime": 0,
  "cumulativeLayoutShift": 0.11666286892361111,
  "timeToInteractive": 1333.1159999999998,
  "maxPotentialFirstInputDelay": 32,
  "timeToFirstByte": 69.93100000000001,
  "weight": {
    "summary": "17 requests • 164 KiB",
    "total": 168407,
    "image": 108734,
    "imageCount": 13,
    "script": 7642,
    "scriptCount": 1,
    "document": 33119,
    "font": 15509,
    "fontCount": 1,
    "stylesheet": 3403,
    "stylesheetCount": 1,
    "thirdParty": 15509,
    "thirdPartyCount": 1
  },
  "run": {
    "number": 3,
    "total": 3
  },
  "axe": {
    "passes": 837,
    "violations": 0
  }
}