{
  "url": "https://www.11ty.dev/",
  "requestedUrl": "https://www.11ty.dev/",
  "timestamp": 1615457570585,
  "ranks": {
    "hundos": 1,
    "performance": 2,
    "accessibility": 1,
    "cumulative": 1
  },
  "lighthouse": {
    "version": "6.5.0",
    "performance": 0.99,
    "accessibility": 1,
    "bestPractices": 1,
    "seo": 1,
    "total": 399
  },
  "firstContentfulPaint": 1098.1599999999999,
  "speedIndex": 1098.1599999999999,
  "largestContentfulPaint": 1098.1599999999999,
  "totalBlockingTime": 53.5,
  "cumulativeLayoutShift": 0.11489149305555556,
  "timeToInteractive": 1304.1599999999999,
  "maxPotentialFirstInputDelay": 85,
  "timeToFirstByte": 19.537999999999997,
  "weight": {
    "summary": "25 requests • 158 KiB",
    "total": 161496,
    "image": 105384,
    "imageCount": 21,
    "script": 7646,
    "scriptCount": 1,
    "document": 29531,
    "font": 15510,
    "fontCount": 1,
    "stylesheet": 3425,
    "stylesheetCount": 1,
    "thirdParty": 15510,
    "thirdPartyCount": 1
  },
  "run": {
    "number": 3,
    "total": 3
  },
  "axe": {
    "passes": 837,
    "violations": 0
  }
}