{
  "url": "https://www.11ty.dev/",
  "requestedUrl": "https://www.11ty.dev/",
  "timestamp": 1613988585446,
  "ranks": {
    "hundos": 1,
    "performance": 2,
    "accessibility": 1,
    "cumulative": 1
  },
  "lighthouse": {
    "version": "6.5.0",
    "performance": 0.99,
    "accessibility": 1,
    "bestPractices": 1,
    "seo": 1,
    "total": 399
  },
  "firstContentfulPaint": 1235.9009999999998,
  "speedIndex": 1235.9009999999998,
  "largestContentfulPaint": 1303.6439999999998,
  "totalBlockingTime": 0,
  "cumulativeLayoutShift": 0.11666286892361111,
  "timeToInteractive": 1259.4009999999998,
  "maxPotentialFirstInputDelay": 184,
  "timeToFirstByte": 20.156000000000006,
  "weight": {
    "summary": "25 requests • 161 KiB",
    "total": 165029,
    "image": 105379,
    "imageCount": 21,
    "script": 7646,
    "scriptCount": 1,
    "document": 33092,
    "font": 15510,
    "fontCount": 1,
    "stylesheet": 3402,
    "stylesheetCount": 1,
    "thirdParty": 15510,
    "thirdPartyCount": 1
  },
  "run": {
    "number": 2,
    "total": 3
  },
  "axe": {
    "passes": 837,
    "violations": 0
  }
}