{
  "url": "https://www.11ty.dev/",
  "requestedUrl": "https://www.11ty.dev/",
  "timestamp": 1617610759426,
  "ranks": {
    "hundos": 2,
    "performance": 4,
    "accessibility": 1,
    "cumulative": 2
  },
  "lighthouse": {
    "version": "6.5.0",
    "performance": 0.96,
    "accessibility": 1,
    "bestPractices": 1,
    "seo": 1,
    "total": 396
  },
  "firstContentfulPaint": 1053.357,
  "speedIndex": 1053.357,
  "largestContentfulPaint": 1053.357,
  "totalBlockingTime": 49,
  "cumulativeLayoutShift": 0.3737847222222222,
  "timeToInteractive": 1209.357,
  "maxPotentialFirstInputDelay": 93,
  "timeToFirstByte": 27.876000000000005,
  "weight": {
    "summary": "14 requests • 104 KiB",
    "total": 106687,
    "image": 50571,
    "imageCount": 10,
    "script": 7639,
    "scriptCount": 1,
    "document": 29539,
    "font": 15510,
    "fontCount": 1,
    "stylesheet": 3428,
    "stylesheetCount": 1,
    "thirdParty": 15510,
    "thirdPartyCount": 1
  },
  "run": {
    "number": 3,
    "total": 3
  },
  "axe": {
    "passes": 837,
    "violations": 0
  }
}