{
  "url": "https://www.11ty.dev/",
  "requestedUrl": "https://www.11ty.dev/",
  "timestamp": 1614852773413,
  "ranks": {
    "hundos": 2,
    "performance": 5,
    "accessibility": 1,
    "cumulative": 2
  },
  "lighthouse": {
    "version": "6.5.0",
    "performance": 0.96,
    "accessibility": 1,
    "bestPractices": 1,
    "seo": 1,
    "total": 396
  },
  "firstContentfulPaint": 1076.147,
  "speedIndex": 1076.147,
  "largestContentfulPaint": 1325.1019999999999,
  "totalBlockingTime": 46,
  "cumulativeLayoutShift": 0.39645833333333336,
  "timeToInteractive": 1197.147,
  "maxPotentialFirstInputDelay": 94,
  "timeToFirstByte": 15.009,
  "weight": {
    "summary": "25 requests • 161 KiB",
    "total": 165188,
    "image": 105362,
    "imageCount": 21,
    "script": 7641,
    "scriptCount": 1,
    "document": 33245,
    "font": 15510,
    "fontCount": 1,
    "stylesheet": 3430,
    "stylesheetCount": 1,
    "thirdParty": 15510,
    "thirdPartyCount": 1
  },
  "run": {
    "number": 3,
    "total": 3
  },
  "axe": {
    "passes": 837,
    "violations": 0
  }
}