{
  "url": "https://www.11ty.dev/",
  "requestedUrl": "https://www.11ty.dev/",
  "timestamp": 1616148811231,
  "ranks": {
    "hundos": 1,
    "performance": 2,
    "accessibility": 1,
    "cumulative": 1
  },
  "lighthouse": {
    "version": "6.5.0",
    "performance": 0.99,
    "accessibility": 1,
    "bestPractices": 1,
    "seo": 1,
    "total": 399
  },
  "firstContentfulPaint": 1108.165,
  "speedIndex": 1108.165,
  "largestContentfulPaint": 1108.165,
  "totalBlockingTime": 45,
  "cumulativeLayoutShift": 0.11489149305555556,
  "timeToInteractive": 1276.165,
  "maxPotentialFirstInputDelay": 92,
  "timeToFirstByte": 27.551999999999992,
  "weight": {
    "summary": "25 requests • 158 KiB",
    "total": 161406,
    "image": 105257,
    "imageCount": 21,
    "script": 7675,
    "scriptCount": 1,
    "document": 29535,
    "font": 15509,
    "fontCount": 1,
    "stylesheet": 3430,
    "stylesheetCount": 1,
    "thirdParty": 15509,
    "thirdPartyCount": 1
  },
  "run": {
    "number": 3,
    "total": 3
  },
  "axe": {
    "passes": 837,
    "violations": 0
  }
}