{
  "url": "https://www.11ty.dev/",
  "requestedUrl": "https://www.11ty.dev/",
  "timestamp": 1613556749002,
  "ranks": {
    "hundos": 1,
    "performance": 2,
    "accessibility": 1,
    "cumulative": 1
  },
  "lighthouse": {
    "version": "6.5.0",
    "performance": 0.99,
    "accessibility": 1,
    "bestPractices": 1,
    "seo": 1,
    "total": 399
  },
  "firstContentfulPaint": 1506.426,
  "speedIndex": 1506.426,
  "largestContentfulPaint": 1543.6799999999998,
  "totalBlockingTime": 17,
  "cumulativeLayoutShift": 0.11489149305555556,
  "timeToInteractive": 1548.426,
  "maxPotentialFirstInputDelay": 176,
  "timeToFirstByte": 72.18799999999999,
  "weight": {
    "summary": "25 requests • 161 KiB",
    "total": 165096,
    "image": 105415,
    "imageCount": 21,
    "script": 7641,
    "scriptCount": 1,
    "document": 33100,
    "font": 15510,
    "fontCount": 1,
    "stylesheet": 3430,
    "stylesheetCount": 1,
    "thirdParty": 15510,
    "thirdPartyCount": 1
  },
  "run": {
    "number": 3,
    "total": 3
  },
  "axe": {
    "passes": 837,
    "violations": 0
  }
}