{
  "url": "https://www.11ty.dev/",
  "requestedUrl": "https://www.11ty.dev/",
  "timestamp": 1613815946182,
  "ranks": {
    "hundos": 2,
    "performance": 4,
    "accessibility": 1,
    "cumulative": 2
  },
  "lighthouse": {
    "version": "6.5.0",
    "performance": 0.96,
    "accessibility": 1,
    "bestPractices": 1,
    "seo": 1,
    "total": 396
  },
  "firstContentfulPaint": 1152.429,
  "speedIndex": 1152.429,
  "largestContentfulPaint": 1382.5415,
  "totalBlockingTime": 32.5,
  "cumulativeLayoutShift": 0.39645833333333336,
  "timeToInteractive": 1259.929,
  "maxPotentialFirstInputDelay": 85,
  "timeToFirstByte": 5.856999999999999,
  "weight": {
    "summary": "25 requests • 161 KiB",
    "total": 165011,
    "image": 105331,
    "imageCount": 21,
    "script": 7640,
    "scriptCount": 1,
    "document": 33102,
    "font": 15509,
    "fontCount": 1,
    "stylesheet": 3429,
    "stylesheetCount": 1,
    "thirdParty": 15509,
    "thirdPartyCount": 1
  },
  "run": {
    "number": 3,
    "total": 3
  },
  "axe": {
    "passes": 837,
    "violations": 0
  }
}