{
  "url": "https://www.11ty.dev/",
  "requestedUrl": "https://www.11ty.dev/",
  "timestamp": 1612439595162,
  "ranks": {
    "hundos": 2,
    "performance": 3,
    "accessibility": 1,
    "cumulative": 2
  },
  "lighthouse": {
    "version": "6.5.0",
    "performance": 0.96,
    "accessibility": 1,
    "bestPractices": 1,
    "seo": 1,
    "total": 396
  },
  "firstContentfulPaint": 1333.397,
  "speedIndex": 1637.4508067318952,
  "largestContentfulPaint": 1370.272,
  "totalBlockingTime": 7,
  "cumulativeLayoutShift": 0.39645833333333336,
  "timeToInteractive": 1365.397,
  "maxPotentialFirstInputDelay": 64,
  "timeToFirstByte": 69.41400000000004,
  "weight": {
    "summary": "15 requests • 152 KiB",
    "total": 155300,
    "image": 95572,
    "imageCount": 11,
    "script": 7667,
    "scriptCount": 1,
    "document": 33123,
    "font": 15510,
    "fontCount": 1,
    "stylesheet": 3428,
    "stylesheetCount": 1,
    "thirdParty": 15510,
    "thirdPartyCount": 1
  },
  "run": {
    "number": 2,
    "total": 3
  },
  "axe": {
    "passes": 837,
    "violations": 0
  }
}