{
  "url": "https://www.11ty.dev/",
  "requestedUrl": "https://www.11ty.dev/",
  "timestamp": 1615111885063,
  "ranks": {
    "hundos": 2,
    "performance": 3,
    "accessibility": 1,
    "cumulative": 1
  },
  "lighthouse": {
    "version": "6.5.0",
    "performance": 0.99,
    "accessibility": 1,
    "bestPractices": 1,
    "seo": 1,
    "total": 399
  },
  "firstContentfulPaint": 1126.028,
  "speedIndex": 1126.028,
  "largestContentfulPaint": 1379.748,
  "totalBlockingTime": 45.5,
  "cumulativeLayoutShift": 0.11489149305555556,
  "timeToInteractive": 1284.028,
  "maxPotentialFirstInputDelay": 99,
  "timeToFirstByte": 3.271000000000001,
  "weight": {
    "summary": "25 requests • 158 KiB",
    "total": 161451,
    "image": 105360,
    "imageCount": 21,
    "script": 7642,
    "scriptCount": 1,
    "document": 29509,
    "font": 15510,
    "fontCount": 1,
    "stylesheet": 3430,
    "stylesheetCount": 1,
    "thirdParty": 15510,
    "thirdPartyCount": 1
  },
  "run": {
    "number": 2,
    "total": 3
  },
  "axe": {
    "passes": 837,
    "violations": 0
  }
}