{
  "url": "https://www.11ty.dev/",
  "requestedUrl": "https://www.11ty.dev/",
  "timestamp": 1614075082399,
  "ranks": {
    "hundos": 2,
    "performance": 4,
    "accessibility": 1,
    "cumulative": 2
  },
  "lighthouse": {
    "version": "6.5.0",
    "performance": 0.96,
    "accessibility": 1,
    "bestPractices": 1,
    "seo": 1,
    "total": 396
  },
  "firstContentfulPaint": 1170.29,
  "speedIndex": 1170.29,
  "largestContentfulPaint": 1319.107,
  "totalBlockingTime": 1,
  "cumulativeLayoutShift": 0.39645833333333336,
  "timeToInteractive": 1242.29,
  "maxPotentialFirstInputDelay": 187,
  "timeToFirstByte": 29.927999999999997,
  "weight": {
    "summary": "25 requests • 161 KiB",
    "total": 165109,
    "image": 105435,
    "imageCount": 21,
    "script": 7650,
    "scriptCount": 1,
    "document": 33085,
    "font": 15509,
    "fontCount": 1,
    "stylesheet": 3430,
    "stylesheetCount": 1,
    "thirdParty": 15509,
    "thirdPartyCount": 1
  },
  "run": {
    "number": 2,
    "total": 3
  },
  "axe": {
    "passes": 837,
    "violations": 0
  }
}