{
  "url": "https://www.11ty.dev/",
  "requestedUrl": "https://www.11ty.dev/",
  "timestamp": 1614507129613,
  "ranks": {
    "hundos": 2,
    "performance": 3,
    "accessibility": 1,
    "cumulative": 1
  },
  "lighthouse": {
    "version": "6.5.0",
    "performance": 0.99,
    "accessibility": 1,
    "bestPractices": 1,
    "seo": 1,
    "total": 399
  },
  "firstContentfulPaint": 1109.72,
  "speedIndex": 1109.72,
  "largestContentfulPaint": 1109.72,
  "totalBlockingTime": 6.5,
  "cumulativeLayoutShift": 0.11489149305555556,
  "timeToInteractive": 1181.72,
  "maxPotentialFirstInputDelay": 60,
  "timeToFirstByte": 19.222,
  "weight": {
    "summary": "25 requests • 161 KiB",
    "total": 165058,
    "image": 105244,
    "imageCount": 21,
    "script": 7641,
    "scriptCount": 1,
    "document": 33261,
    "font": 15510,
    "fontCount": 1,
    "stylesheet": 3402,
    "stylesheetCount": 1,
    "thirdParty": 15510,
    "thirdPartyCount": 1
  },
  "run": {
    "number": 3,
    "total": 3
  },
  "axe": {
    "passes": 837,
    "violations": 0
  }
}