{
  "url": "https://www.11ty.dev/",
  "requestedUrl": "https://www.11ty.dev/",
  "timestamp": 1614248613320,
  "ranks": {
    "hundos": 2,
    "performance": 3,
    "accessibility": 1,
    "cumulative": 1
  },
  "lighthouse": {
    "version": "6.5.0",
    "performance": 0.99,
    "accessibility": 1,
    "bestPractices": 1,
    "seo": 1,
    "total": 399
  },
  "firstContentfulPaint": 1156.206,
  "speedIndex": 1156.206,
  "largestContentfulPaint": 1401.902,
  "totalBlockingTime": 0,
  "cumulativeLayoutShift": 0.11666286892361111,
  "timeToInteractive": 1156.206,
  "maxPotentialFirstInputDelay": 35,
  "timeToFirstByte": 26.191999999999993,
  "weight": {
    "summary": "25 requests • 161 KiB",
    "total": 165081,
    "image": 105384,
    "imageCount": 21,
    "script": 7675,
    "scriptCount": 1,
    "document": 33088,
    "font": 15509,
    "fontCount": 1,
    "stylesheet": 3425,
    "stylesheetCount": 1,
    "thirdParty": 15509,
    "thirdPartyCount": 1
  },
  "run": {
    "number": 3,
    "total": 3
  },
  "axe": {
    "passes": 837,
    "violations": 0
  }
}