{
  "url": "https://www.11ty.dev/",
  "requestedUrl": "https://www.11ty.dev/",
  "timestamp": 1615630173206,
  "ranks": {
    "hundos": 2,
    "performance": 3,
    "accessibility": 1,
    "cumulative": 1
  },
  "lighthouse": {
    "version": "6.5.0",
    "performance": 0.99,
    "accessibility": 1,
    "bestPractices": 1,
    "seo": 1,
    "total": 399
  },
  "firstContentfulPaint": 1049.9170000000001,
  "speedIndex": 1054.953395003346,
  "largestContentfulPaint": 1049.9170000000001,
  "totalBlockingTime": 41.5,
  "cumulativeLayoutShift": 0.11666286892361111,
  "timeToInteractive": 1209.9170000000001,
  "maxPotentialFirstInputDelay": 104,
  "timeToFirstByte": 7.659999999999997,
  "weight": {
    "summary": "25 requests • 158 KiB",
    "total": 161374,
    "image": 105259,
    "imageCount": 21,
    "script": 7669,
    "scriptCount": 1,
    "document": 29506,
    "font": 15510,
    "fontCount": 1,
    "stylesheet": 3430,
    "stylesheetCount": 1,
    "thirdParty": 15510,
    "thirdPartyCount": 1
  },
  "run": {
    "number": 1,
    "total": 3
  },
  "axe": {
    "passes": 837,
    "violations": 0
  }
}