{
  "url": "https://www.11ty.dev/",
  "requestedUrl": "https://www.11ty.dev/",
  "timestamp": 1615716676844,
  "ranks": {
    "hundos": 2,
    "performance": 3,
    "accessibility": 1,
    "cumulative": 1
  },
  "lighthouse": {
    "version": "6.5.0",
    "performance": 0.99,
    "accessibility": 1,
    "bestPractices": 1,
    "seo": 1,
    "total": 399
  },
  "firstContentfulPaint": 1178.255,
  "speedIndex": 1178.255,
  "largestContentfulPaint": 1178.255,
  "totalBlockingTime": 19,
  "cumulativeLayoutShift": 0.11666286892361111,
  "timeToInteractive": 1267.255,
  "maxPotentialFirstInputDelay": 82,
  "timeToFirstByte": 20.418999999999997,
  "weight": {
    "summary": "25 requests • 158 KiB",
    "total": 161496,
    "image": 105411,
    "imageCount": 21,
    "script": 7641,
    "scriptCount": 1,
    "document": 29504,
    "font": 15510,
    "fontCount": 1,
    "stylesheet": 3430,
    "stylesheetCount": 1,
    "thirdParty": 15510,
    "thirdPartyCount": 1
  },
  "run": {
    "number": 2,
    "total": 3
  },
  "axe": {
    "passes": 837,
    "violations": 0
  }
}