{
  "url": "https://www.11ty.dev/",
  "requestedUrl": "https://www.11ty.dev/",
  "timestamp": 1615284949289,
  "ranks": {
    "hundos": 1,
    "performance": 2,
    "accessibility": 1,
    "cumulative": 1
  },
  "lighthouse": {
    "version": "6.5.0",
    "performance": 0.99,
    "accessibility": 1,
    "bestPractices": 1,
    "seo": 1,
    "total": 399
  },
  "firstContentfulPaint": 1076.5639999999999,
  "speedIndex": 1076.5639999999999,
  "largestContentfulPaint": 1173.0639999999999,
  "totalBlockingTime": 40,
  "cumulativeLayoutShift": 0.11489149305555556,
  "timeToInteractive": 1245.5639999999999,
  "maxPotentialFirstInputDelay": 112.99999999999989,
  "timeToFirstByte": 8.759,
  "weight": {
    "summary": "25 requests • 158 KiB",
    "total": 161405,
    "image": 105283,
    "imageCount": 21,
    "script": 7668,
    "scriptCount": 1,
    "document": 29515,
    "font": 15510,
    "fontCount": 1,
    "stylesheet": 3429,
    "stylesheetCount": 1,
    "thirdParty": 15510,
    "thirdPartyCount": 1
  },
  "run": {
    "number": 2,
    "total": 3
  },
  "axe": {
    "passes": 837,
    "violations": 0
  }
}