{
  "url": "https://www.11ty.dev/",
  "requestedUrl": "https://www.11ty.dev/",
  "timestamp": 1614679899111,
  "ranks": {
    "hundos": 2,
    "performance": 3,
    "accessibility": 1,
    "cumulative": 2
  },
  "lighthouse": {
    "version": "6.5.0",
    "performance": 0.96,
    "accessibility": 1,
    "bestPractices": 1,
    "seo": 1,
    "total": 396
  },
  "firstContentfulPaint": 1129.569,
  "speedIndex": 1129.569,
  "largestContentfulPaint": 1182.569,
  "totalBlockingTime": 43.5,
  "cumulativeLayoutShift": 0.39645833333333336,
  "timeToInteractive": 1223.069,
  "maxPotentialFirstInputDelay": 106,
  "timeToFirstByte": 20.238,
  "weight": {
    "summary": "25 requests • 161 KiB",
    "total": 165148,
    "image": 105368,
    "imageCount": 21,
    "script": 7641,
    "scriptCount": 1,
    "document": 33227,
    "font": 15510,
    "fontCount": 1,
    "stylesheet": 3402,
    "stylesheetCount": 1,
    "thirdParty": 15510,
    "thirdPartyCount": 1
  },
  "run": {
    "number": 3,
    "total": 3
  },
  "axe": {
    "passes": 837,
    "violations": 0
  }
}