{
  "url": "https://www.11ty.dev/",
  "requestedUrl": "https://www.11ty.dev/",
  "timestamp": 1617437881200,
  "ranks": {
    "hundos": 2,
    "performance": 3,
    "accessibility": 1,
    "cumulative": 2
  },
  "lighthouse": {
    "version": "6.5.0",
    "performance": 0.96,
    "accessibility": 1,
    "bestPractices": 1,
    "seo": 1,
    "total": 396
  },
  "firstContentfulPaint": 1013.463,
  "speedIndex": 1013.463,
  "largestContentfulPaint": 1353.463,
  "totalBlockingTime": 62.5,
  "cumulativeLayoutShift": 0.3737847222222222,
  "timeToInteractive": 1175.963,
  "maxPotentialFirstInputDelay": 90,
  "timeToFirstByte": 6.640000000000001,
  "weight": {
    "summary": "14 requests • 104 KiB",
    "total": 106709,
    "image": 50596,
    "imageCount": 10,
    "script": 7639,
    "scriptCount": 1,
    "document": 29537,
    "font": 15509,
    "fontCount": 1,
    "stylesheet": 3428,
    "stylesheetCount": 1,
    "thirdParty": 15509,
    "thirdPartyCount": 1
  },
  "run": {
    "number": 3,
    "total": 3
  },
  "axe": {
    "passes": 837,
    "violations": 0
  }
}