{
  "url": "https://www.11ty.dev/",
  "requestedUrl": "https://www.11ty.dev/",
  "timestamp": 1616578019648,
  "ranks": {
    "hundos": 1,
    "performance": 2,
    "accessibility": 1,
    "cumulative": 1
  },
  "lighthouse": {
    "version": "6.5.0",
    "performance": 0.99,
    "accessibility": 1,
    "bestPractices": 1,
    "seo": 1,
    "total": 399
  },
  "firstContentfulPaint": 1025.3939999999998,
  "speedIndex": 1025.3939999999998,
  "largestContentfulPaint": 1360.0139999999997,
  "totalBlockingTime": 49,
  "cumulativeLayoutShift": 0.11489149305555556,
  "timeToInteractive": 1197.8939999999998,
  "maxPotentialFirstInputDelay": 148,
  "timeToFirstByte": 36.81199999999998,
  "weight": {
    "summary": "25 requests • 158 KiB",
    "total": 161594,
    "image": 105170,
    "imageCount": 21,
    "script": 7668,
    "scriptCount": 1,
    "document": 29531,
    "font": 15510,
    "fontCount": 1,
    "stylesheet": 3715,
    "stylesheetCount": 1,
    "thirdParty": 15510,
    "thirdPartyCount": 1
  },
  "run": {
    "number": 2,
    "total": 3
  },
  "axe": {
    "passes": 837,
    "violations": 0
  }
}