{
  "url": "https://www.11ty.dev/",
  "requestedUrl": "https://www.11ty.dev/",
  "timestamp": 1612951740953,
  "ranks": {
    "hundos": 1,
    "performance": 2,
    "accessibility": 1,
    "cumulative": 1
  },
  "lighthouse": {
    "version": "6.5.0",
    "performance": 0.99,
    "accessibility": 1,
    "bestPractices": 1,
    "seo": 1,
    "total": 399
  },
  "firstContentfulPaint": 1188.3,
  "speedIndex": 1188.3,
  "largestContentfulPaint": 1205.3,
  "totalBlockingTime": 12,
  "cumulativeLayoutShift": 0.11489149305555556,
  "timeToInteractive": 1242.3,
  "maxPotentialFirstInputDelay": 74,
  "timeToFirstByte": 16.394000000000005,
  "weight": {
    "summary": "17 requests • 164 KiB",
    "total": 168439,
    "image": 108739,
    "imageCount": 13,
    "script": 7642,
    "scriptCount": 1,
    "document": 33122,
    "font": 15510,
    "fontCount": 1,
    "stylesheet": 3426,
    "stylesheetCount": 1,
    "thirdParty": 15510,
    "thirdPartyCount": 1
  },
  "run": {
    "number": 1,
    "total": 3
  },
  "axe": {
    "passes": 837,
    "violations": 0
  }
}