{
  "url": "https://www.11ty.dev/",
  "requestedUrl": "https://www.11ty.dev/",
  "timestamp": 1616407786572,
  "ranks": {
    "hundos": 1,
    "performance": 2,
    "accessibility": 1,
    "cumulative": 1
  },
  "lighthouse": {
    "version": "6.5.0",
    "performance": 0.99,
    "accessibility": 1,
    "bestPractices": 1,
    "seo": 1,
    "total": 399
  },
  "firstContentfulPaint": 1173.2959999999998,
  "speedIndex": 1310.8615168708309,
  "largestContentfulPaint": 1313.7734999999998,
  "totalBlockingTime": 72.5,
  "cumulativeLayoutShift": 0.11489149305555556,
  "timeToInteractive": 1345.7959999999998,
  "maxPotentialFirstInputDelay": 171,
  "timeToFirstByte": 185.08800000000002,
  "weight": {
    "summary": "25 requests • 157 KiB",
    "total": 161276,
    "image": 105169,
    "imageCount": 21,
    "script": 7639,
    "scriptCount": 1,
    "document": 29531,
    "font": 15510,
    "fontCount": 1,
    "stylesheet": 3427,
    "stylesheetCount": 1,
    "thirdParty": 15510,
    "thirdPartyCount": 1
  },
  "run": {
    "number": 1,
    "total": 3
  },
  "axe": {
    "passes": 837,
    "violations": 0
  }
}