{
  "url": "https://www.11ty.dev/",
  "requestedUrl": "https://www.11ty.dev/",
  "timestamp": 1613902243242,
  "ranks": {
    "hundos": 2,
    "performance": 3,
    "accessibility": 1,
    "cumulative": 1
  },
  "lighthouse": {
    "version": "6.5.0",
    "performance": 0.99,
    "accessibility": 1,
    "bestPractices": 1,
    "seo": 1,
    "total": 399
  },
  "firstContentfulPaint": 1374.9739999999997,
  "speedIndex": 1374.9739999999997,
  "largestContentfulPaint": 1495.3439999999996,
  "totalBlockingTime": 6,
  "cumulativeLayoutShift": 0.11489149305555556,
  "timeToInteractive": 1415.9739999999997,
  "maxPotentialFirstInputDelay": 62,
  "timeToFirstByte": 68.543,
  "weight": {
    "summary": "25 requests • 161 KiB",
    "total": 164910,
    "image": 105219,
    "imageCount": 21,
    "script": 7646,
    "scriptCount": 1,
    "document": 33105,
    "font": 15510,
    "fontCount": 1,
    "stylesheet": 3430,
    "stylesheetCount": 1,
    "thirdParty": 15510,
    "thirdPartyCount": 1
  },
  "run": {
    "number": 2,
    "total": 3
  },
  "axe": {
    "passes": 837,
    "violations": 0
  }
}