{
  "url": "https://vuepress.vuejs.org/",
  "requestedUrl": "https://vuepress.vuejs.org/",
  "timestamp": 1615716735992,
  "ranks": {
    "hundos": 11,
    "performance": 8,
    "accessibility": 3,
    "cumulative": 11
  },
  "lighthouse": {
    "version": "6.5.0",
    "performance": 0.73,
    "accessibility": 0.98,
    "bestPractices": 0.93,
    "seo": 0.75,
    "total": 339
  },
  "firstContentfulPaint": 1227.018,
  "speedIndex": 1227.018,
  "largestContentfulPaint": 4724.018,
  "totalBlockingTime": 422.5,
  "cumulativeLayoutShift": 0.23745871225992837,
  "timeToInteractive": 3130.482,
  "maxPotentialFirstInputDelay": 262,
  "timeToFirstByte": 11.388999999999996,
  "weight": {
    "summary": "124 requests • 618 KiB",
    "total": 632830,
    "image": 183347,
    "imageCount": 4,
    "script": 124361,
    "scriptCount": 12,
    "document": 3353,
    "font": 0,
    "fontCount": 0,
    "stylesheet": 11954,
    "stylesheetCount": 1,
    "thirdParty": 54734,
    "thirdPartyCount": 7
  },
  "run": {
    "number": 2,
    "total": 3
  },
  "axe": {
    "passes": 177,
    "violations": 2
  }
}