{
  "url": "https://vuepress.vuejs.org/",
  "requestedUrl": "https://vuepress.vuejs.org/",
  "timestamp": 1614679759946,
  "ranks": {
    "hundos": 8,
    "performance": 6,
    "accessibility": 3,
    "cumulative": 8
  },
  "lighthouse": {
    "version": "6.5.0",
    "performance": 0.74,
    "accessibility": 0.98,
    "bestPractices": 1,
    "seo": 0.75,
    "total": 347
  },
  "firstContentfulPaint": 1273.952,
  "speedIndex": 1370.6726260253004,
  "largestContentfulPaint": 4429.959999999999,
  "totalBlockingTime": 456.8515,
  "cumulativeLayoutShift": 0.21639335378011068,
  "timeToInteractive": 3080.346,
  "maxPotentialFirstInputDelay": 230,
  "timeToFirstByte": 9.497000000000007,
  "weight": {
    "summary": "129 requests • 625 KiB",
    "total": 639966,
    "image": 189337,
    "imageCount": 7,
    "script": 125400,
    "scriptCount": 12,
    "document": 3353,
    "font": 0,
    "fontCount": 0,
    "stylesheet": 11958,
    "stylesheetCount": 1,
    "thirdParty": 62736,
    "thirdPartyCount": 12
  },
  "run": {
    "number": 1,
    "total": 3
  },
  "axe": {
    "passes": 177,
    "violations": 2
  }
}