{
  "url": "https://vuepress.vuejs.org/",
  "requestedUrl": "https://vuepress.vuejs.org/",
  "timestamp": 1616062221405,
  "ranks": {
    "hundos": 10,
    "performance": 9,
    "accessibility": 3,
    "cumulative": 10
  },
  "lighthouse": {
    "version": "6.5.0",
    "performance": 0.66,
    "accessibility": 0.98,
    "bestPractices": 1,
    "seo": 0.75,
    "total": 339
  },
  "firstContentfulPaint": 1210.844,
  "speedIndex": 1624.1828902294756,
  "largestContentfulPaint": 5353.844,
  "totalBlockingTime": 541,
  "cumulativeLayoutShift": 0.23745871225992837,
  "timeToInteractive": 3122.844,
  "maxPotentialFirstInputDelay": 297,
  "timeToFirstByte": 7.483000000000004,
  "weight": {
    "summary": "125 requests • 620 KiB",
    "total": 635087,
    "image": 184600,
    "imageCount": 5,
    "script": 125240,
    "scriptCount": 12,
    "document": 3354,
    "font": 0,
    "fontCount": 0,
    "stylesheet": 11959,
    "stylesheetCount": 1,
    "thirdParty": 56896,
    "thirdPartyCount": 8
  },
  "run": {
    "number": 1,
    "total": 3
  },
  "axe": {
    "passes": 177,
    "violations": 2
  }
}