{
  "url": "https://vuepress.vuejs.org/",
  "requestedUrl": "https://vuepress.vuejs.org/",
  "timestamp": 1616578167653,
  "ranks": {
    "hundos": 11,
    "performance": 9,
    "accessibility": 3,
    "cumulative": 11
  },
  "lighthouse": {
    "version": "6.5.0",
    "performance": 0.72,
    "accessibility": 0.98,
    "bestPractices": 0.93,
    "seo": 0.75,
    "total": 338
  },
  "firstContentfulPaint": 1259.7150000000001,
  "speedIndex": 1259.7150000000001,
  "largestContentfulPaint": 4674.995000000001,
  "totalBlockingTime": 431,
  "cumulativeLayoutShift": 0.22860564931233723,
  "timeToInteractive": 3968.2934999999998,
  "maxPotentialFirstInputDelay": 203,
  "timeToFirstByte": 35.32599999999999,
  "weight": {
    "summary": "125 requests • 617 KiB",
    "total": 632109,
    "image": 183467,
    "imageCount": 5,
    "script": 124265,
    "scriptCount": 12,
    "document": 3351,
    "font": 0,
    "fontCount": 0,
    "stylesheet": 11957,
    "stylesheetCount": 1,
    "thirdParty": 54857,
    "thirdPartyCount": 8
  },
  "run": {
    "number": 3,
    "total": 3
  },
  "axe": {
    "passes": 177,
    "violations": 2
  }
}