{
  "url": "https://vuepress.vuejs.org/",
  "requestedUrl": "https://vuepress.vuejs.org/",
  "timestamp": 1615111936734,
  "ranks": {
    "hundos": 11,
    "performance": 12,
    "accessibility": 3,
    "cumulative": 11
  },
  "lighthouse": {
    "version": "6.5.0",
    "performance": 0.63,
    "accessibility": 0.98,
    "bestPractices": 1,
    "seo": 0.75,
    "total": 336
  },
  "firstContentfulPaint": 1297.7379999999998,
  "speedIndex": 1297.7379999999998,
  "largestContentfulPaint": 4901.553999999999,
  "totalBlockingTime": 742.788,
  "cumulativeLayoutShift": 0.23745871225992837,
  "timeToInteractive": 3116.798,
  "maxPotentialFirstInputDelay": 502,
  "timeToFirstByte": 4.100999999999999,
  "weight": {
    "summary": "125 requests • 639 KiB",
    "total": 654556,
    "image": 193967,
    "imageCount": 5,
    "script": 132285,
    "scriptCount": 12,
    "document": 3354,
    "font": 0,
    "fontCount": 0,
    "stylesheet": 12706,
    "stylesheetCount": 1,
    "thirdParty": 66339,
    "thirdPartyCount": 8
  },
  "run": {
    "number": 2,
    "total": 3
  },
  "axe": {
    "passes": 177,
    "violations": 2
  }
}