{
  "url": "https://vuepress.vuejs.org/",
  "requestedUrl": "https://vuepress.vuejs.org/",
  "timestamp": 1615457446165,
  "ranks": {
    "hundos": 9,
    "performance": 8,
    "accessibility": 3,
    "cumulative": 8
  },
  "lighthouse": {
    "version": "6.5.0",
    "performance": 0.78,
    "accessibility": 0.98,
    "bestPractices": 1,
    "seo": 0.75,
    "total": 351
  },
  "firstContentfulPaint": 1241.098,
  "speedIndex": 1241.098,
  "largestContentfulPaint": 3968.3089999999997,
  "totalBlockingTime": 417.16200000000003,
  "cumulativeLayoutShift": 0.21639335378011068,
  "timeToInteractive": 3170.281,
  "maxPotentialFirstInputDelay": 218,
  "timeToFirstByte": 19.586,
  "weight": {
    "summary": "125 requests • 629 KiB",
    "total": 644332,
    "image": 193979,
    "imageCount": 5,
    "script": 125331,
    "scriptCount": 12,
    "document": 3775,
    "font": 0,
    "fontCount": 0,
    "stylesheet": 11960,
    "stylesheetCount": 1,
    "thirdParty": 66348,
    "thirdPartyCount": 8
  },
  "run": {
    "number": 1,
    "total": 3
  },
  "axe": {
    "passes": 177,
    "violations": 2
  }
}