{
  "url": "https://vuepress.vuejs.org/",
  "requestedUrl": "https://vuepress.vuejs.org/",
  "timestamp": 1617437927904,
  "ranks": {
    "hundos": 9,
    "performance": 7,
    "accessibility": 3,
    "cumulative": 9
  },
  "lighthouse": {
    "version": "6.5.0",
    "performance": 0.78,
    "accessibility": 0.98,
    "bestPractices": 1,
    "seo": 0.75,
    "total": 351
  },
  "firstContentfulPaint": 1169.112,
  "speedIndex": 1169.112,
  "largestContentfulPaint": 3935.9470000000006,
  "totalBlockingTime": 416.5,
  "cumulativeLayoutShift": 0.23745871225992837,
  "timeToInteractive": 3142.367,
  "maxPotentialFirstInputDelay": 221,
  "timeToFirstByte": 19.520000000000003,
  "weight": {
    "summary": "125 requests • 620 KiB",
    "total": 634398,
    "image": 183341,
    "imageCount": 4,
    "script": 126186,
    "scriptCount": 13,
    "document": 3776,
    "font": 0,
    "fontCount": 0,
    "stylesheet": 11961,
    "stylesheetCount": 1,
    "thirdParty": 56654,
    "thirdPartyCount": 8
  },
  "run": {
    "number": 3,
    "total": 3
  },
  "axe": {
    "passes": 176,
    "violations": 2
  }
}