{
  "url": "https://vuepress.vuejs.org/",
  "requestedUrl": "https://vuepress.vuejs.org/",
  "timestamp": 1612951796009,
  "ranks": {
    "hundos": 8,
    "performance": 7,
    "accessibility": 3,
    "cumulative": 7
  },
  "lighthouse": {
    "version": "6.5.0",
    "performance": 0.9,
    "accessibility": 0.98,
    "bestPractices": 1,
    "seo": 0.75,
    "total": 363
  },
  "firstContentfulPaint": 1703.525,
  "speedIndex": 2651.626299414987,
  "largestContentfulPaint": 2673.237,
  "totalBlockingTime": 351,
  "cumulativeLayoutShift": 0,
  "timeToInteractive": 3594.257,
  "maxPotentialFirstInputDelay": 191,
  "timeToFirstByte": 224.99099999999999,
  "weight": {
    "summary": "125 requests • 625 KiB",
    "total": 639822,
    "image": 190915,
    "imageCount": 5,
    "script": 124946,
    "scriptCount": 12,
    "document": 3340,
    "font": 0,
    "fontCount": 0,
    "stylesheet": 11919,
    "stylesheetCount": 1,
    "thirdParty": 63120,
    "thirdPartyCount": 8
  },
  "run": {
    "number": 1,
    "total": 3
  },
  "axe": {
    "passes": 177,
    "violations": 2
  }
}