{
  "url": "https://vuepress.vuejs.org/",
  "requestedUrl": "https://vuepress.vuejs.org/",
  "timestamp": 1614248668198,
  "ranks": {
    "hundos": 9,
    "performance": 9,
    "accessibility": 3,
    "cumulative": 9
  },
  "lighthouse": {
    "version": "6.5.0",
    "performance": 0.74,
    "accessibility": 0.98,
    "bestPractices": 1,
    "seo": 0.75,
    "total": 347
  },
  "firstContentfulPaint": 1363.3959999999997,
  "speedIndex": 1363.3959999999997,
  "largestContentfulPaint": 3812.1029999999996,
  "totalBlockingTime": 542.5,
  "cumulativeLayoutShift": 0.23745871225992837,
  "timeToInteractive": 3362.6075,
  "maxPotentialFirstInputDelay": 314,
  "timeToFirstByte": 27.29700000000001,
  "weight": {
    "summary": "129 requests • 625 KiB",
    "total": 640406,
    "image": 189352,
    "imageCount": 7,
    "script": 125428,
    "scriptCount": 12,
    "document": 3353,
    "font": 0,
    "fontCount": 0,
    "stylesheet": 11958,
    "stylesheetCount": 1,
    "thirdParty": 62738,
    "thirdPartyCount": 12
  },
  "run": {
    "number": 3,
    "total": 3
  },
  "axe": {
    "passes": 177,
    "violations": 2
  }
}