{
  "url": "https://vuepress.vuejs.org/",
  "requestedUrl": "https://vuepress.vuejs.org/",
  "timestamp": 1615198489189,
  "ranks": {
    "hundos": 10,
    "performance": 9,
    "accessibility": 3,
    "cumulative": 10
  },
  "lighthouse": {
    "version": "6.5.0",
    "performance": 0.66,
    "accessibility": 0.98,
    "bestPractices": 1,
    "seo": 0.75,
    "total": 339
  },
  "firstContentfulPaint": 1275.8519999999999,
  "speedIndex": 1685.819469558469,
  "largestContentfulPaint": 5189.243999999998,
  "totalBlockingTime": 593.1505000000002,
  "cumulativeLayoutShift": 0.23745871225992837,
  "timeToInteractive": 3093.157,
  "maxPotentialFirstInputDelay": 344,
  "timeToFirstByte": 8.174,
  "weight": {
    "summary": "125 requests • 632 KiB",
    "total": 646706,
    "image": 196108,
    "imageCount": 5,
    "script": 125259,
    "scriptCount": 12,
    "document": 3776,
    "font": 0,
    "fontCount": 0,
    "stylesheet": 11962,
    "stylesheetCount": 1,
    "thirdParty": 68493,
    "thirdPartyCount": 8
  },
  "run": {
    "number": 3,
    "total": 3
  },
  "axe": {
    "passes": 177,
    "violations": 2
  }
}