{
  "url": "https://vuepress.vuejs.org/",
  "requestedUrl": "https://vuepress.vuejs.org/",
  "timestamp": 1615889466258,
  "ranks": {
    "hundos": 9,
    "performance": 7,
    "accessibility": 3,
    "cumulative": 9
  },
  "lighthouse": {
    "version": "6.5.0",
    "performance": 0.75,
    "accessibility": 0.98,
    "bestPractices": 1,
    "seo": 0.75,
    "total": 348
  },
  "firstContentfulPaint": 1276.1610000000016,
  "speedIndex": 1349.9677384810375,
  "largestContentfulPaint": 4272.823000000014,
  "totalBlockingTime": 456.0000000000002,
  "cumulativeLayoutShift": 0.23745871225992837,
  "timeToInteractive": 3152.7150000000056,
  "maxPotentialFirstInputDelay": 282,
  "timeToFirstByte": 20.002000000000002,
  "weight": {
    "summary": "125 requests • 625 KiB",
    "total": 639905,
    "image": 190230,
    "imageCount": 5,
    "script": 125173,
    "scriptCount": 12,
    "document": 3354,
    "font": 0,
    "fontCount": 0,
    "stylesheet": 11958,
    "stylesheetCount": 1,
    "thirdParty": 62576,
    "thirdPartyCount": 8
  },
  "run": {
    "number": 1,
    "total": 3
  },
  "axe": {
    "passes": 177,
    "violations": 2
  }
}