{
  "url": "https://vuepress.vuejs.org/",
  "requestedUrl": "https://vuepress.vuejs.org/",
  "timestamp": 1615025452325,
  "ranks": {
    "hundos": 11,
    "performance": 10,
    "accessibility": 3,
    "cumulative": 11
  },
  "lighthouse": {
    "version": "6.5.0",
    "performance": 0.71,
    "accessibility": 0.98,
    "bestPractices": 0.93,
    "seo": 0.75,
    "total": 337
  },
  "firstContentfulPaint": 1242.632,
  "speedIndex": 1242.632,
  "largestContentfulPaint": 4746.607999999997,
  "totalBlockingTime": 492.00800000000004,
  "cumulativeLayoutShift": 0.23745871225992837,
  "timeToInteractive": 3195.012,
  "maxPotentialFirstInputDelay": 272,
  "timeToFirstByte": 16.016000000000005,
  "weight": {
    "summary": "124 requests • 628 KiB",
    "total": 643366,
    "image": 183319,
    "imageCount": 4,
    "script": 131299,
    "scriptCount": 12,
    "document": 3776,
    "font": 0,
    "fontCount": 0,
    "stylesheet": 12710,
    "stylesheetCount": 1,
    "thirdParty": 54734,
    "thirdPartyCount": 7
  },
  "run": {
    "number": 1,
    "total": 3
  },
  "axe": {
    "passes": 177,
    "violations": 2
  }
}