{
  "url": "https://vuepress.vuejs.org/",
  "requestedUrl": "https://vuepress.vuejs.org/",
  "timestamp": 1614334541515,
  "ranks": {
    "hundos": 9,
    "performance": 9,
    "accessibility": 3,
    "cumulative": 9
  },
  "lighthouse": {
    "version": "6.5.0",
    "performance": 0.68,
    "accessibility": 0.98,
    "bestPractices": 1,
    "seo": 0.75,
    "total": 341
  },
  "firstContentfulPaint": 1945.004,
  "speedIndex": 1945.004,
  "largestContentfulPaint": 4608.4439999999995,
  "totalBlockingTime": 532.1299999999999,
  "cumulativeLayoutShift": 0.23745871225992837,
  "timeToInteractive": 4252.464,
  "maxPotentialFirstInputDelay": 263,
  "timeToFirstByte": 16.354999999999997,
  "weight": {
    "summary": "129 requests • 625 KiB",
    "total": 640146,
    "image": 189337,
    "imageCount": 7,
    "script": 125428,
    "scriptCount": 12,
    "document": 3354,
    "font": 0,
    "fontCount": 0,
    "stylesheet": 11959,
    "stylesheetCount": 1,
    "thirdParty": 62739,
    "thirdPartyCount": 12
  },
  "run": {
    "number": 2,
    "total": 3
  },
  "axe": {
    "passes": 177,
    "violations": 2
  }
}