{
  "url": "https://vuepress.vuejs.org/",
  "requestedUrl": "https://vuepress.vuejs.org/",
  "timestamp": 1616663902259,
  "ranks": {
    "hundos": 11,
    "performance": 9,
    "accessibility": 3,
    "cumulative": 11
  },
  "lighthouse": {
    "version": "6.5.0",
    "performance": 0.66,
    "accessibility": 0.98,
    "bestPractices": 0.93,
    "seo": 0.75,
    "total": 332
  },
  "firstContentfulPaint": 1599.6339999999998,
  "speedIndex": 1685.290624000011,
  "largestContentfulPaint": 5136.714000000001,
  "totalBlockingTime": 546,
  "cumulativeLayoutShift": 0.2101708984375,
  "timeToInteractive": 4185.2045,
  "maxPotentialFirstInputDelay": 285,
  "timeToFirstByte": 72.999,
  "weight": {
    "summary": "124 requests • 617 KiB",
    "total": 632072,
    "image": 183345,
    "imageCount": 4,
    "script": 124292,
    "scriptCount": 12,
    "document": 3354,
    "font": 0,
    "fontCount": 0,
    "stylesheet": 11922,
    "stylesheetCount": 1,
    "thirdParty": 54733,
    "thirdPartyCount": 7
  },
  "run": {
    "number": 2,
    "total": 3
  },
  "axe": {
    "passes": 177,
    "violations": 2
  }
}