{
  "url": "https://vuepress.vuejs.org/",
  "requestedUrl": "https://vuepress.vuejs.org/",
  "timestamp": 1614595589499,
  "ranks": {
    "hundos": 9,
    "performance": 8,
    "accessibility": 3,
    "cumulative": 9
  },
  "lighthouse": {
    "version": "6.5.0",
    "performance": 0.77,
    "accessibility": 0.98,
    "bestPractices": 1,
    "seo": 0.75,
    "total": 350
  },
  "firstContentfulPaint": 1226.521,
  "speedIndex": 1226.521,
  "largestContentfulPaint": 3886.4610000000002,
  "totalBlockingTime": 455.9060000000002,
  "cumulativeLayoutShift": 0.23745871225992837,
  "timeToInteractive": 3077.1000000000004,
  "maxPotentialFirstInputDelay": 262,
  "timeToFirstByte": 7.811,
  "weight": {
    "summary": "125 requests • 632 KiB",
    "total": 647063,
    "image": 197319,
    "imageCount": 5,
    "script": 125218,
    "scriptCount": 12,
    "document": 3354,
    "font": 0,
    "fontCount": 0,
    "stylesheet": 11959,
    "stylesheetCount": 1,
    "thirdParty": 69663,
    "thirdPartyCount": 8
  },
  "run": {
    "number": 3,
    "total": 3
  },
  "axe": {
    "passes": 177,
    "violations": 2
  }
}