{
  "url": "https://vuepress.vuejs.org/",
  "requestedUrl": "https://vuepress.vuejs.org/",
  "timestamp": 1612609894464,
  "ranks": {
    "hundos": 9,
    "performance": 8,
    "accessibility": 3,
    "cumulative": 9
  },
  "lighthouse": {
    "version": "6.5.0",
    "performance": 0.78,
    "accessibility": 0.98,
    "bestPractices": 1,
    "seo": 0.75,
    "total": 351
  },
  "firstContentfulPaint": 1910.8170000000002,
  "speedIndex": 1910.8170000000002,
  "largestContentfulPaint": 3735.0229999999997,
  "totalBlockingTime": 439,
  "cumulativeLayoutShift": 0.23745871225992837,
  "timeToInteractive": 3077.275,
  "maxPotentialFirstInputDelay": 286,
  "timeToFirstByte": 9.856,
  "weight": {
    "summary": "125 requests • 627 KiB",
    "total": 641974,
    "image": 192669,
    "imageCount": 5,
    "script": 124992,
    "scriptCount": 12,
    "document": 3346,
    "font": 0,
    "fontCount": 0,
    "stylesheet": 11957,
    "stylesheetCount": 1,
    "thirdParty": 64828,
    "thirdPartyCount": 8
  },
  "run": {
    "number": 3,
    "total": 3
  },
  "axe": {
    "passes": 177,
    "violations": 2
  }
}