{
  "url": "https://vuepress.vuejs.org/",
  "requestedUrl": "https://vuepress.vuejs.org/",
  "timestamp": 1615284913754,
  "ranks": {
    "hundos": 11,
    "performance": 12,
    "accessibility": 3,
    "cumulative": 11
  },
  "lighthouse": {
    "version": "6.5.0",
    "performance": 0.64,
    "accessibility": 0.98,
    "bestPractices": 1,
    "seo": 0.75,
    "total": 337
  },
  "firstContentfulPaint": 1575.6840000000002,
  "speedIndex": 8544.692759131834,
  "largestContentfulPaint": 4089.6390000000006,
  "totalBlockingTime": 382.5,
  "cumulativeLayoutShift": 0.22860564931233723,
  "timeToInteractive": 4452.742,
  "maxPotentialFirstInputDelay": 321,
  "timeToFirstByte": 69.26400000000012,
  "weight": {
    "summary": "126 requests • 629 KiB",
    "total": 643955,
    "image": 194001,
    "imageCount": 6,
    "script": 125460,
    "scriptCount": 12,
    "document": 3352,
    "font": 0,
    "fontCount": 0,
    "stylesheet": 11928,
    "stylesheetCount": 1,
    "thirdParty": 66535,
    "thirdPartyCount": 9
  },
  "run": {
    "number": 1,
    "total": 3
  },
  "axe": {
    "passes": 177,
    "violations": 2
  }
}