{
  "url": "https://vuepress.vuejs.org/",
  "requestedUrl": "https://vuepress.vuejs.org/",
  "timestamp": 1613297409596,
  "ranks": {
    "hundos": 8,
    "performance": 6,
    "accessibility": 3,
    "cumulative": 8
  },
  "lighthouse": {
    "version": "6.5.0",
    "performance": 0.75,
    "accessibility": 0.98,
    "bestPractices": 1,
    "seo": 0.75,
    "total": 348
  },
  "firstContentfulPaint": 2362.589,
  "speedIndex": 2362.589,
  "largestContentfulPaint": 4058.294,
  "totalBlockingTime": 410,
  "cumulativeLayoutShift": 0.2101708984375,
  "timeToInteractive": 4290.672500000001,
  "maxPotentialFirstInputDelay": 237,
  "timeToFirstByte": 72.637,
  "weight": {
    "summary": "125 requests • 625 KiB",
    "total": 639780,
    "image": 188231,
    "imageCount": 5,
    "script": 124937,
    "scriptCount": 12,
    "document": 3340,
    "font": 0,
    "fontCount": 0,
    "stylesheet": 11954,
    "stylesheetCount": 1,
    "thirdParty": 60422,
    "thirdPartyCount": 8
  },
  "run": {
    "number": 1,
    "total": 3
  },
  "axe": {
    "passes": 177,
    "violations": 2
  }
}