{
  "url": "https://vuepress.vuejs.org/",
  "requestedUrl": "https://vuepress.vuejs.org/",
  "timestamp": 1617610607610,
  "ranks": {
    "hundos": 7,
    "performance": 6,
    "accessibility": 3,
    "cumulative": 7
  },
  "lighthouse": {
    "version": "6.5.0",
    "performance": 0.86,
    "accessibility": 0.98,
    "bestPractices": 1,
    "seo": 0.75,
    "total": 359
  },
  "firstContentfulPaint": 1233.021,
  "speedIndex": 1713.8732522887203,
  "largestContentfulPaint": 3412.2790000000005,
  "totalBlockingTime": 380.9100000000001,
  "cumulativeLayoutShift": 0,
  "timeToInteractive": 3101.355,
  "maxPotentialFirstInputDelay": 233,
  "timeToFirstByte": 24.014999999999986,
  "weight": {
    "summary": "126 requests • 628 KiB",
    "total": 643345,
    "image": 193367,
    "imageCount": 6,
    "script": 125895,
    "scriptCount": 12,
    "document": 3352,
    "font": 0,
    "fontCount": 0,
    "stylesheet": 11940,
    "stylesheetCount": 1,
    "thirdParty": 66339,
    "thirdPartyCount": 9
  },
  "run": {
    "number": 1,
    "total": 3
  },
  "axe": {
    "passes": 176,
    "violations": 2
  }
}