{
  "url": "https://vuepress.vuejs.org/",
  "requestedUrl": "https://vuepress.vuejs.org/",
  "timestamp": 1616922863454,
  "ranks": {
    "hundos": 9,
    "performance": 8,
    "accessibility": 3,
    "cumulative": 9
  },
  "lighthouse": {
    "version": "6.5.0",
    "performance": 0.76,
    "accessibility": 0.98,
    "bestPractices": 1,
    "seo": 0.75,
    "total": 349
  },
  "firstContentfulPaint": 1212.607,
  "speedIndex": 1331.3450287011442,
  "largestContentfulPaint": 4228.444999999999,
  "totalBlockingTime": 429.9268243255615,
  "cumulativeLayoutShift": 0.21639335378011068,
  "timeToInteractive": 3159.553,
  "maxPotentialFirstInputDelay": 248,
  "timeToFirstByte": 28.101,
  "weight": {
    "summary": "125 requests • 634 KiB",
    "total": 649223,
    "image": 198605,
    "imageCount": 5,
    "script": 125298,
    "scriptCount": 12,
    "document": 3354,
    "font": 0,
    "fontCount": 0,
    "stylesheet": 11959,
    "stylesheetCount": 1,
    "thirdParty": 70927,
    "thirdPartyCount": 8
  },
  "run": {
    "number": 1,
    "total": 3
  },
  "axe": {
    "passes": 177,
    "violations": 2
  }
}