{
  "url": "https://vuepress.vuejs.org/",
  "requestedUrl": "https://vuepress.vuejs.org/",
  "timestamp": 1613643107731,
  "ranks": {
    "hundos": 8,
    "performance": 8,
    "accessibility": 3,
    "cumulative": 8
  },
  "lighthouse": {
    "version": "6.5.0",
    "performance": 0.84,
    "accessibility": 0.98,
    "bestPractices": 1,
    "seo": 0.75,
    "total": 357
  },
  "firstContentfulPaint": 1206.1730000000002,
  "speedIndex": 1206.1730000000002,
  "largestContentfulPaint": 3418.898999999999,
  "totalBlockingTime": 372.548,
  "cumulativeLayoutShift": 0.23745871225992837,
  "timeToInteractive": 2932.966,
  "maxPotentialFirstInputDelay": 255,
  "timeToFirstByte": 23.772999999999996,
  "weight": {
    "summary": "126 requests • 637 KiB",
    "total": 652218,
    "image": 202069,
    "imageCount": 6,
    "script": 125440,
    "scriptCount": 12,
    "document": 3352,
    "font": 0,
    "fontCount": 0,
    "stylesheet": 11958,
    "stylesheetCount": 1,
    "thirdParty": 74528,
    "thirdPartyCount": 9
  },
  "run": {
    "number": 2,
    "total": 3
  },
  "axe": {
    "passes": 177,
    "violations": 2
  }
}