{
  "url": "https://vuepress.vuejs.org/",
  "requestedUrl": "https://vuepress.vuejs.org/",
  "timestamp": 1613988732802,
  "ranks": {
    "hundos": 10,
    "performance": 8,
    "accessibility": 3,
    "cumulative": 10
  },
  "lighthouse": {
    "version": "6.5.0",
    "performance": 0.73,
    "accessibility": 0.98,
    "bestPractices": 1,
    "seo": 0.75,
    "total": 346
  },
  "firstContentfulPaint": 1332.633,
  "speedIndex": 1565.7659999076682,
  "largestContentfulPaint": 4743.630999999998,
  "totalBlockingTime": 427.40049999999997,
  "cumulativeLayoutShift": 0.23745871225992837,
  "timeToInteractive": 3027.0870000000004,
  "maxPotentialFirstInputDelay": 248,
  "timeToFirstByte": 13.550999999999998,
  "weight": {
    "summary": "129 requests • 626 KiB",
    "total": 640574,
    "image": 189588,
    "imageCount": 7,
    "script": 125489,
    "scriptCount": 12,
    "document": 3354,
    "font": 0,
    "fontCount": 0,
    "stylesheet": 11959,
    "stylesheetCount": 1,
    "thirdParty": 62968,
    "thirdPartyCount": 12
  },
  "run": {
    "number": 3,
    "total": 3
  },
  "axe": {
    "passes": 177,
    "violations": 2
  }
}