{
  "url": "https://vuepress.vuejs.org/",
  "requestedUrl": "https://vuepress.vuejs.org/",
  "timestamp": 1617524140007,
  "ranks": {
    "hundos": 10,
    "performance": 11,
    "accessibility": 3,
    "cumulative": 10
  },
  "lighthouse": {
    "version": "6.5.0",
    "performance": 0.71,
    "accessibility": 0.98,
    "bestPractices": 1,
    "seo": 0.75,
    "total": 344
  },
  "firstContentfulPaint": 2045.1760000000002,
  "speedIndex": 2045.1760000000002,
  "largestContentfulPaint": 4951.919999999999,
  "totalBlockingTime": 451.83600000000024,
  "cumulativeLayoutShift": 0.21639335378011068,
  "timeToInteractive": 3140.34,
  "maxPotentialFirstInputDelay": 300,
  "timeToFirstByte": 25.211,
  "weight": {
    "summary": "126 requests • 632 KiB",
    "total": 647477,
    "image": 193395,
    "imageCount": 6,
    "script": 125948,
    "scriptCount": 12,
    "document": 3354,
    "font": 0,
    "fontCount": 0,
    "stylesheet": 11953,
    "stylesheetCount": 1,
    "thirdParty": 66350,
    "thirdPartyCount": 9
  },
  "run": {
    "number": 1,
    "total": 3
  },
  "axe": {
    "passes": 176,
    "violations": 2
  }
}