{
  "url": "https://vuepress.vuejs.org/",
  "requestedUrl": "https://vuepress.vuejs.org/",
  "timestamp": 1613124806879,
  "ranks": {
    "hundos": 9,
    "performance": 7,
    "accessibility": 3,
    "cumulative": 9
  },
  "lighthouse": {
    "version": "6.5.0",
    "performance": 0.81,
    "accessibility": 0.98,
    "bestPractices": 1,
    "seo": 0.75,
    "total": 354
  },
  "firstContentfulPaint": 1599.5240000000001,
  "speedIndex": 1599.5240000000001,
  "largestContentfulPaint": 3872.6760000000004,
  "totalBlockingTime": 308,
  "cumulativeLayoutShift": 0.2101708984375,
  "timeToInteractive": 4226.7705000000005,
  "maxPotentialFirstInputDelay": 241,
  "timeToFirstByte": 68.45400000000001,
  "weight": {
    "summary": "125 requests • 633 KiB",
    "total": 648366,
    "image": 198098,
    "imageCount": 5,
    "script": 125008,
    "scriptCount": 12,
    "document": 3339,
    "font": 0,
    "fontCount": 0,
    "stylesheet": 11953,
    "stylesheetCount": 1,
    "thirdParty": 70254,
    "thirdPartyCount": 8
  },
  "run": {
    "number": 3,
    "total": 3
  },
  "axe": {
    "passes": 177,
    "violations": 2
  }
}