{
  "url": "https://vuepress.vuejs.org/",
  "requestedUrl": "https://vuepress.vuejs.org/",
  "timestamp": 1614766380364,
  "ranks": {
    "hundos": 9,
    "performance": 7,
    "accessibility": 3,
    "cumulative": 9
  },
  "lighthouse": {
    "version": "6.5.0",
    "performance": 0.72,
    "accessibility": 0.98,
    "bestPractices": 1,
    "seo": 0.75,
    "total": 345
  },
  "firstContentfulPaint": 1330.8639999999998,
  "speedIndex": 1330.8639999999998,
  "largestContentfulPaint": 4181.804,
  "totalBlockingTime": 559.5,
  "cumulativeLayoutShift": 0.23745871225992837,
  "timeToInteractive": 3158.1944999999996,
  "maxPotentialFirstInputDelay": 324,
  "timeToFirstByte": 18.951000000000008,
  "weight": {
    "summary": "125 requests • 625 KiB",
    "total": 640069,
    "image": 190255,
    "imageCount": 5,
    "script": 125231,
    "scriptCount": 12,
    "document": 3353,
    "font": 0,
    "fontCount": 0,
    "stylesheet": 11958,
    "stylesheetCount": 1,
    "thirdParty": 62576,
    "thirdPartyCount": 8
  },
  "run": {
    "number": 2,
    "total": 3
  },
  "axe": {
    "passes": 177,
    "violations": 2
  }
}