{
  "url": "https://vuepress.vuejs.org/",
  "requestedUrl": "https://vuepress.vuejs.org/",
  "timestamp": 1616235070109,
  "ranks": {
    "hundos": 10,
    "performance": 8,
    "accessibility": 3,
    "cumulative": 10
  },
  "lighthouse": {
    "version": "6.5.0",
    "performance": 0.76,
    "accessibility": 0.98,
    "bestPractices": 0.93,
    "seo": 0.75,
    "total": 342
  },
  "firstContentfulPaint": 1246.386,
  "speedIndex": 1246.386,
  "largestContentfulPaint": 4128.6269999999995,
  "totalBlockingTime": 465,
  "cumulativeLayoutShift": 0.21639335378011068,
  "timeToInteractive": 3125.8265,
  "maxPotentialFirstInputDelay": 287,
  "timeToFirstByte": 13.972999999999999,
  "weight": {
    "summary": "124 requests • 621 KiB",
    "total": 635885,
    "image": 183315,
    "imageCount": 4,
    "script": 124344,
    "scriptCount": 12,
    "document": 3355,
    "font": 0,
    "fontCount": 0,
    "stylesheet": 11959,
    "stylesheetCount": 1,
    "thirdParty": 54733,
    "thirdPartyCount": 7
  },
  "run": {
    "number": 1,
    "total": 3
  },
  "axe": {
    "passes": 177,
    "violations": 2
  }
}