{
  "url": "https://vuepress.vuejs.org/",
  "requestedUrl": "https://vuepress.vuejs.org/",
  "timestamp": 1617092310983,
  "ranks": {
    "hundos": 12,
    "performance": 11,
    "accessibility": 3,
    "cumulative": 12
  },
  "lighthouse": {
    "version": "6.5.0",
    "performance": 0.67,
    "accessibility": 0.98,
    "bestPractices": 0.93,
    "seo": 0.75,
    "total": 333
  },
  "firstContentfulPaint": 1268.2859999999998,
  "speedIndex": 1268.2859999999998,
  "largestContentfulPaint": 5474.311000000002,
  "totalBlockingTime": 482,
  "cumulativeLayoutShift": 0.22860564931233723,
  "timeToInteractive": 3942.63,
  "maxPotentialFirstInputDelay": 205,
  "timeToFirstByte": 38.158,
  "weight": {
    "summary": "124 requests • 618 KiB",
    "total": 632947,
    "image": 183317,
    "imageCount": 4,
    "script": 124829,
    "scriptCount": 12,
    "document": 3351,
    "font": 0,
    "fontCount": 0,
    "stylesheet": 11957,
    "stylesheetCount": 1,
    "thirdParty": 55218,
    "thirdPartyCount": 7
  },
  "run": {
    "number": 2,
    "total": 3
  },
  "axe": {
    "passes": 177,
    "violations": 2
  }
}