{
  "url": "https://vuepress.vuejs.org/",
  "requestedUrl": "https://vuepress.vuejs.org/",
  "timestamp": 1617265358724,
  "ranks": {
    "hundos": 10,
    "performance": 6,
    "accessibility": 3,
    "cumulative": 10
  },
  "lighthouse": {
    "version": "6.5.0",
    "performance": 0.79,
    "accessibility": 0.98,
    "bestPractices": 1,
    "seo": 0.75,
    "total": 352
  },
  "firstContentfulPaint": 1129.838,
  "speedIndex": 1129.838,
  "largestContentfulPaint": 4119.08,
  "totalBlockingTime": 355.5,
  "cumulativeLayoutShift": 0.23745871225992837,
  "timeToInteractive": 3002.415,
  "maxPotentialFirstInputDelay": 241,
  "timeToFirstByte": 8.923000000000002,
  "weight": {
    "summary": "128 requests • 623 KiB",
    "total": 637708,
    "image": 187377,
    "imageCount": 7,
    "script": 125927,
    "scriptCount": 12,
    "document": 3354,
    "font": 0,
    "fontCount": 0,
    "stylesheet": 11921,
    "stylesheetCount": 1,
    "thirdParty": 60681,
    "thirdPartyCount": 11
  },
  "run": {
    "number": 1,
    "total": 3
  },
  "axe": {
    "passes": 177,
    "violations": 2
  }
}