{
  "url": "https://vuepress.vuejs.org/",
  "requestedUrl": "https://vuepress.vuejs.org/",
  "timestamp": 1617178723420,
  "ranks": {
    "hundos": 11,
    "performance": 8,
    "accessibility": 3,
    "cumulative": 11
  },
  "lighthouse": {
    "version": "6.5.0",
    "performance": 0.75,
    "accessibility": 0.98,
    "bestPractices": 0.93,
    "seo": 0.75,
    "total": 341
  },
  "firstContentfulPaint": 1252.089,
  "speedIndex": 1252.089,
  "largestContentfulPaint": 4203.451,
  "totalBlockingTime": 453.0725,
  "cumulativeLayoutShift": 0.23745871225992837,
  "timeToInteractive": 3133.3715,
  "maxPotentialFirstInputDelay": 294,
  "timeToFirstByte": 23.391999999999996,
  "weight": {
    "summary": "124 requests • 625 KiB",
    "total": 639914,
    "image": 183340,
    "imageCount": 4,
    "script": 131289,
    "scriptCount": 12,
    "document": 3353,
    "font": 0,
    "fontCount": 0,
    "stylesheet": 11957,
    "stylesheetCount": 1,
    "thirdParty": 55218,
    "thirdPartyCount": 7
  },
  "run": {
    "number": 2,
    "total": 3
  },
  "axe": {
    "passes": 177,
    "violations": 2
  }
}