{
  "url": "https://vuepress.vuejs.org/",
  "requestedUrl": "https://vuepress.vuejs.org/",
  "timestamp": 1616321683932,
  "ranks": {
    "hundos": 11,
    "performance": 11,
    "accessibility": 3,
    "cumulative": 11
  },
  "lighthouse": {
    "version": "6.5.0",
    "performance": 0.68,
    "accessibility": 0.98,
    "bestPractices": 1,
    "seo": 0.75,
    "total": 341
  },
  "firstContentfulPaint": 1242.7920000000001,
  "speedIndex": 1242.7920000000001,
  "largestContentfulPaint": 5110.142000000002,
  "totalBlockingTime": 512.6724999999999,
  "cumulativeLayoutShift": 0.23745871225992837,
  "timeToInteractive": 3088.9645,
  "maxPotentialFirstInputDelay": 352,
  "timeToFirstByte": 13.942,
  "weight": {
    "summary": "125 requests • 627 KiB",
    "total": 641921,
    "image": 192157,
    "imageCount": 5,
    "script": 125257,
    "scriptCount": 12,
    "document": 3353,
    "font": 0,
    "fontCount": 0,
    "stylesheet": 11958,
    "stylesheetCount": 1,
    "thirdParty": 64537,
    "thirdPartyCount": 8
  },
  "run": {
    "number": 3,
    "total": 3
  },
  "axe": {
    "passes": 177,
    "violations": 2
  }
}