{
  "url": "https://vuepress.vuejs.org/",
  "requestedUrl": "https://vuepress.vuejs.org/",
  "timestamp": 1613556807198,
  "ranks": {
    "hundos": 11,
    "performance": 10,
    "accessibility": 3,
    "cumulative": 11
  },
  "lighthouse": {
    "version": "6.5.0",
    "performance": 0.68,
    "accessibility": 0.98,
    "bestPractices": 1,
    "seo": 0.75,
    "total": 341
  },
  "firstContentfulPaint": 1287.8579999999997,
  "speedIndex": 1411.0844193438857,
  "largestContentfulPaint": 4641.757,
  "totalBlockingTime": 592.4224999999999,
  "cumulativeLayoutShift": 0.23745871225992837,
  "timeToInteractive": 3170.7264999999998,
  "maxPotentialFirstInputDelay": 431,
  "timeToFirstByte": 17.537999999999997,
  "weight": {
    "summary": "125 requests • 629 KiB",
    "total": 644366,
    "image": 194003,
    "imageCount": 5,
    "script": 125324,
    "scriptCount": 12,
    "document": 3346,
    "font": 0,
    "fontCount": 0,
    "stylesheet": 11958,
    "stylesheetCount": 1,
    "thirdParty": 66346,
    "thirdPartyCount": 8
  },
  "run": {
    "number": 3,
    "total": 3
  },
  "axe": {
    "passes": 177,
    "violations": 2
  }
}