{
  "url": "https://vuepress.vuejs.org/",
  "requestedUrl": "https://vuepress.vuejs.org/",
  "timestamp": 1613729609912,
  "ranks": {
    "hundos": 9,
    "performance": 8,
    "accessibility": 3,
    "cumulative": 9
  },
  "lighthouse": {
    "version": "6.5.0",
    "performance": 0.73,
    "accessibility": 0.98,
    "bestPractices": 1,
    "seo": 0.75,
    "total": 346
  },
  "firstContentfulPaint": 2002.692,
  "speedIndex": 2002.692,
  "largestContentfulPaint": 4740.852,
  "totalBlockingTime": 412.23,
  "cumulativeLayoutShift": 0.23745871225992837,
  "timeToInteractive": 2960.846,
  "maxPotentialFirstInputDelay": 268,
  "timeToFirstByte": 79.6,
  "weight": {
    "summary": "126 requests • 637 KiB",
    "total": 651930,
    "image": 201850,
    "imageCount": 6,
    "script": 125429,
    "scriptCount": 12,
    "document": 3345,
    "font": 0,
    "fontCount": 0,
    "stylesheet": 11958,
    "stylesheetCount": 1,
    "thirdParty": 74331,
    "thirdPartyCount": 9
  },
  "run": {
    "number": 3,
    "total": 3
  },
  "axe": {
    "passes": 177,
    "violations": 2
  }
}