{
  "url": "https://vuepress.vuejs.org/",
  "requestedUrl": "https://vuepress.vuejs.org/",
  "timestamp": 1612696120564,
  "ranks": {
    "hundos": 10,
    "performance": 10,
    "accessibility": 3,
    "cumulative": 10
  },
  "lighthouse": {
    "version": "6.5.0",
    "performance": 0.7,
    "accessibility": 0.98,
    "bestPractices": 1,
    "seo": 0.75,
    "total": 343
  },
  "firstContentfulPaint": 1564.4540000000002,
  "speedIndex": 1640.0490319999938,
  "largestContentfulPaint": 4951.795,
  "totalBlockingTime": 418.50000000000045,
  "cumulativeLayoutShift": 0.22860564931233723,
  "timeToInteractive": 4562.7215000000015,
  "maxPotentialFirstInputDelay": 358.0000000000009,
  "timeToFirstByte": 68.49599999999998,
  "weight": {
    "summary": "129 requests • 625 KiB",
    "total": 639535,
    "image": 189341,
    "imageCount": 7,
    "script": 125082,
    "scriptCount": 12,
    "document": 3347,
    "font": 0,
    "fontCount": 0,
    "stylesheet": 11953,
    "stylesheetCount": 1,
    "thirdParty": 62568,
    "thirdPartyCount": 12
  },
  "run": {
    "number": 1,
    "total": 3
  },
  "axe": {
    "passes": 177,
    "violations": 2
  }
}