{
  "url": "https://vuepress.vuejs.org/",
  "requestedUrl": "https://vuepress.vuejs.org/",
  "timestamp": 1614161651692,
  "ranks": {
    "hundos": 10,
    "performance": 9,
    "accessibility": 3,
    "cumulative": 10
  },
  "lighthouse": {
    "version": "6.5.0",
    "performance": 0.7,
    "accessibility": 0.98,
    "bestPractices": 1,
    "seo": 0.75,
    "total": 343
  },
  "firstContentfulPaint": 1240.843,
  "speedIndex": 1240.843,
  "largestContentfulPaint": 5276.078000000001,
  "totalBlockingTime": 439.45942329406694,
  "cumulativeLayoutShift": 0.22860564931233723,
  "timeToInteractive": 3818.6755,
  "maxPotentialFirstInputDelay": 241,
  "timeToFirstByte": 8.845999999999997,
  "weight": {
    "summary": "126 requests • 622 KiB",
    "total": 637166,
    "image": 187393,
    "imageCount": 6,
    "script": 125389,
    "scriptCount": 12,
    "document": 3352,
    "font": 0,
    "fontCount": 0,
    "stylesheet": 11957,
    "stylesheetCount": 1,
    "thirdParty": 59916,
    "thirdPartyCount": 9
  },
  "run": {
    "number": 3,
    "total": 3
  },
  "axe": {
    "passes": 177,
    "violations": 2
  }
}