{
  "url": "https://vuepress.vuejs.org/",
  "requestedUrl": "https://vuepress.vuejs.org/",
  "timestamp": 1617006658185,
  "ranks": {
    "hundos": 11,
    "performance": 10,
    "accessibility": 3,
    "cumulative": 11
  },
  "lighthouse": {
    "version": "6.5.0",
    "performance": 0.64,
    "accessibility": 0.98,
    "bestPractices": 0.93,
    "seo": 0.75,
    "total": 330
  },
  "firstContentfulPaint": 1255.8880000000001,
  "speedIndex": 1255.8880000000001,
  "largestContentfulPaint": 4892.478999999998,
  "totalBlockingTime": 682.3005,
  "cumulativeLayoutShift": 0.23745871225992837,
  "timeToInteractive": 3126.8855000000003,
  "maxPotentialFirstInputDelay": 405,
  "timeToFirstByte": 3.7349999999999994,
  "weight": {
    "summary": "124 requests • 617 KiB",
    "total": 632130,
    "image": 183327,
    "imageCount": 4,
    "script": 124313,
    "scriptCount": 12,
    "document": 3353,
    "font": 0,
    "fontCount": 0,
    "stylesheet": 11956,
    "stylesheetCount": 1,
    "thirdParty": 54735,
    "thirdPartyCount": 7
  },
  "run": {
    "number": 3,
    "total": 3
  },
  "axe": {
    "passes": 177,
    "violations": 2
  }
}