{
  "url": "https://vuepress.vuejs.org/",
  "requestedUrl": "https://vuepress.vuejs.org/",
  "timestamp": 1613211167128,
  "ranks": {
    "hundos": 11,
    "performance": 11,
    "accessibility": 3,
    "cumulative": 11
  },
  "lighthouse": {
    "version": "6.5.0",
    "performance": 0.67,
    "accessibility": 0.98,
    "bestPractices": 1,
    "seo": 0.75,
    "total": 340
  },
  "firstContentfulPaint": 1434.3549999999998,
  "speedIndex": 1479.9201860000132,
  "largestContentfulPaint": 6872.533000000003,
  "totalBlockingTime": 397,
  "cumulativeLayoutShift": 0.2101708984375,
  "timeToInteractive": 4108.5285,
  "maxPotentialFirstInputDelay": 225,
  "timeToFirstByte": 69.37299999999999,
  "weight": {
    "summary": "125 requests • 634 KiB",
    "total": 649139,
    "image": 199972,
    "imageCount": 5,
    "script": 124941,
    "scriptCount": 12,
    "document": 3339,
    "font": 0,
    "fontCount": 0,
    "stylesheet": 11958,
    "stylesheetCount": 1,
    "thirdParty": 72174,
    "thirdPartyCount": 8
  },
  "run": {
    "number": 3,
    "total": 3
  },
  "axe": {
    "passes": 177,
    "violations": 2
  }
}