{
  "url": "https://gridsome.org/",
  "requestedUrl": "https://gridsome.org/",
  "timestamp": 1613124799581,
  "ranks": {
    "hundos": 7,
    "performance": 8,
    "accessibility": 6,
    "cumulative": 7
  },
  "lighthouse": {
    "version": "6.5.0",
    "performance": 0.76,
    "accessibility": 0.97,
    "bestPractices": 1,
    "seo": 0.92,
    "total": 365
  },
  "firstContentfulPaint": 1684.412,
  "speedIndex": 1768.4258933320536,
  "largestContentfulPaint": 4518.423758804322,
  "totalBlockingTime": 258,
  "cumulativeLayoutShift": 0.9542718469831678,
  "timeToInteractive": 3494.4237588043216,
  "maxPotentialFirstInputDelay": 210,
  "timeToFirstByte": 67.32300000000001,
  "weight": {
    "summary": "103 requests • 985 KiB",
    "total": 1008711,
    "image": 0,
    "imageCount": 0,
    "script": 178277,
    "scriptCount": 3,
    "document": 50586,
    "font": 143356,
    "fontCount": 4,
    "stylesheet": 14020,
    "stylesheetCount": 1,
    "thirdParty": 18951,
    "thirdPartyCount": 2
  },
  "run": {
    "number": 3,
    "total": 3
  },
  "axe": {
    "passes": 774,
    "violations": 38
  }
}