{
  "url": "https://gridsome.org/",
  "requestedUrl": "https://gridsome.org/",
  "timestamp": 1612865381052,
  "ranks": {
    "hundos": 8,
    "performance": 11,
    "accessibility": 6,
    "cumulative": 8
  },
  "lighthouse": {
    "version": "6.5.0",
    "performance": 0.73,
    "accessibility": 0.97,
    "bestPractices": 1,
    "seo": 0.92,
    "total": 362
  },
  "firstContentfulPaint": 1204.326,
  "speedIndex": 1510.787512283979,
  "largestContentfulPaint": 5387.337758804321,
  "totalBlockingTime": 253,
  "cumulativeLayoutShift": 0.973327556822035,
  "timeToInteractive": 3074.3377588043213,
  "maxPotentialFirstInputDelay": 150,
  "timeToFirstByte": 108.273,
  "weight": {
    "summary": "103 requests • 985 KiB",
    "total": 1008456,
    "image": 0,
    "imageCount": 0,
    "script": 178304,
    "scriptCount": 3,
    "document": 50575,
    "font": 143325,
    "fontCount": 4,
    "stylesheet": 13991,
    "stylesheetCount": 1,
    "thirdParty": 18951,
    "thirdPartyCount": 2
  },
  "run": {
    "number": 1,
    "total": 3
  },
  "axe": {
    "passes": 774,
    "violations": 38
  }
}