{
  "url": "https://gridsome.org/",
  "requestedUrl": "https://gridsome.org/",
  "timestamp": 1617610697988,
  "ranks": {
    "hundos": 10,
    "performance": 11,
    "accessibility": 6,
    "cumulative": 10
  },
  "lighthouse": {
    "version": "6.5.0",
    "performance": 0.61,
    "accessibility": 0.97,
    "bestPractices": 1,
    "seo": 0.92,
    "total": 350
  },
  "firstContentfulPaint": 1342.18,
  "speedIndex": 1527.3606073584554,
  "largestContentfulPaint": 5886.191758804322,
  "totalBlockingTime": 560.9882411956787,
  "cumulativeLayoutShift": 1.004798675113254,
  "timeToInteractive": 3527.1917588043216,
  "maxPotentialFirstInputDelay": 467,
  "timeToFirstByte": 41.161,
  "weight": {
    "summary": "105 requests • 1,033 KiB",
    "total": 1057283,
    "image": 0,
    "imageCount": 0,
    "script": 179317,
    "scriptCount": 3,
    "document": 54142,
    "font": 143365,
    "fontCount": 4,
    "stylesheet": 14019,
    "stylesheetCount": 1,
    "thirdParty": 19597,
    "thirdPartyCount": 2
  },
  "run": {
    "number": 2,
    "total": 3
  },
  "axe": {
    "passes": 778,
    "violations": 38
  }
}