{
  "url": "https://gridsome.org/",
  "requestedUrl": "https://gridsome.org/",
  "timestamp": 1617265532394,
  "ranks": {
    "hundos": 9,
    "performance": 11,
    "accessibility": 6,
    "cumulative": 9
  },
  "lighthouse": {
    "version": "6.5.0",
    "performance": 0.65,
    "accessibility": 0.97,
    "bestPractices": 1,
    "seo": 0.92,
    "total": 354
  },
  "firstContentfulPaint": 1175.306,
  "speedIndex": 1189.581633276854,
  "largestContentfulPaint": 5679.317758804322,
  "totalBlockingTime": 469.4882411956787,
  "cumulativeLayoutShift": 1.004798675113254,
  "timeToInteractive": 3143.8177588043213,
  "maxPotentialFirstInputDelay": 315,
  "timeToFirstByte": 13.107999999999997,
  "weight": {
    "summary": "105 requests • 1,027 KiB",
    "total": 1052060,
    "image": 0,
    "imageCount": 0,
    "script": 179249,
    "scriptCount": 3,
    "document": 50596,
    "font": 143354,
    "fontCount": 4,
    "stylesheet": 14022,
    "stylesheetCount": 1,
    "thirdParty": 19597,
    "thirdPartyCount": 2
  },
  "run": {
    "number": 3,
    "total": 3
  },
  "axe": {
    "passes": 778,
    "violations": 38
  }
}