{
  "url": "https://gridsome.org/",
  "requestedUrl": "https://gridsome.org/",
  "timestamp": 1615112018445,
  "ranks": {
    "hundos": 8,
    "performance": 10,
    "accessibility": 6,
    "cumulative": 8
  },
  "lighthouse": {
    "version": "6.5.0",
    "performance": 0.65,
    "accessibility": 0.97,
    "bestPractices": 1,
    "seo": 0.92,
    "total": 354
  },
  "firstContentfulPaint": 1217.17,
  "speedIndex": 1557.7658824186483,
  "largestContentfulPaint": 5679.181758804321,
  "totalBlockingTime": 485.5,
  "cumulativeLayoutShift": 0.9997547622256808,
  "timeToInteractive": 3240.1817588043214,
  "maxPotentialFirstInputDelay": 318,
  "timeToFirstByte": 9.558999999999997,
  "weight": {
    "summary": "105 requests • 1,043 KiB",
    "total": 1067986,
    "image": 0,
    "imageCount": 0,
    "script": 178794,
    "scriptCount": 3,
    "document": 54139,
    "font": 154576,
    "fontCount": 4,
    "stylesheet": 13989,
    "stylesheetCount": 1,
    "thirdParty": 19114,
    "thirdPartyCount": 2
  },
  "run": {
    "number": 3,
    "total": 3
  },
  "axe": {
    "passes": 778,
    "violations": 38
  }
}