{
  "url": "https://gridsome.org/",
  "requestedUrl": "https://gridsome.org/",
  "timestamp": 1612951881293,
  "ranks": {
    "hundos": 7,
    "performance": 9,
    "accessibility": 6,
    "cumulative": 9
  },
  "lighthouse": {
    "version": "6.5.0",
    "performance": 0.74,
    "accessibility": 0.97,
    "bestPractices": 1,
    "seo": 0.92,
    "total": 363
  },
  "firstContentfulPaint": 1720.5259999999998,
  "speedIndex": 1975.8689538599726,
  "largestContentfulPaint": 4097.537758804321,
  "totalBlockingTime": 389.5,
  "cumulativeLayoutShift": 0.9542718469831678,
  "timeToInteractive": 3759.037758804321,
  "maxPotentialFirstInputDelay": 209,
  "timeToFirstByte": 97.49899999999997,
  "weight": {
    "summary": "103 requests • 985 KiB",
    "total": 1008344,
    "image": 0,
    "imageCount": 0,
    "script": 178298,
    "scriptCount": 3,
    "document": 50583,
    "font": 143352,
    "fontCount": 4,
    "stylesheet": 13990,
    "stylesheetCount": 1,
    "thirdParty": 18951,
    "thirdPartyCount": 2
  },
  "run": {
    "number": 2,
    "total": 3
  },
  "axe": {
    "passes": 774,
    "violations": 38
  }
}