{
  "url": "https://gridsome.org/",
  "requestedUrl": "https://gridsome.org/",
  "timestamp": 1616922948200,
  "ranks": {
    "hundos": 8,
    "performance": 12,
    "accessibility": 6,
    "cumulative": 8
  },
  "lighthouse": {
    "version": "6.5.0",
    "performance": 0.65,
    "accessibility": 0.97,
    "bestPractices": 1,
    "seo": 0.92,
    "total": 354
  },
  "firstContentfulPaint": 1280.403,
  "speedIndex": 1589.8560914583495,
  "largestContentfulPaint": 5854.4147588043215,
  "totalBlockingTime": 461.9882411956787,
  "cumulativeLayoutShift": 0.9997547622256808,
  "timeToInteractive": 3286.4147588043215,
  "maxPotentialFirstInputDelay": 416,
  "timeToFirstByte": 41.73000000000002,
  "weight": {
    "summary": "105 requests • 1,040 KiB",
    "total": 1064697,
    "image": 0,
    "imageCount": 0,
    "script": 178800,
    "scriptCount": 3,
    "document": 50595,
    "font": 147605,
    "fontCount": 4,
    "stylesheet": 13987,
    "stylesheetCount": 1,
    "thirdParty": 19114,
    "thirdPartyCount": 2
  },
  "run": {
    "number": 2,
    "total": 3
  },
  "axe": {
    "passes": 778,
    "violations": 38
  }
}