{
  "url": "https://gridsome.org/",
  "requestedUrl": "https://gridsome.org/",
  "timestamp": 1613815988105,
  "ranks": {
    "hundos": 9,
    "performance": 12,
    "accessibility": 6,
    "cumulative": 9
  },
  "lighthouse": {
    "version": "6.5.0",
    "performance": 0.6,
    "accessibility": 0.97,
    "bestPractices": 1,
    "seo": 0.92,
    "total": 349
  },
  "firstContentfulPaint": 1260.344,
  "speedIndex": 1260.344,
  "largestContentfulPaint": 5900.355758804321,
  "totalBlockingTime": 743.9882411956787,
  "cumulativeLayoutShift": 0.110865873336792,
  "timeToInteractive": 3530.3557588043213,
  "maxPotentialFirstInputDelay": 614,
  "timeToFirstByte": 15.106000000000002,
  "weight": {
    "summary": "105 requests • 1,027 KiB",
    "total": 1051961,
    "image": 0,
    "imageCount": 0,
    "script": 178826,
    "scriptCount": 3,
    "document": 54145,
    "font": 143351,
    "fontCount": 4,
    "stylesheet": 14018,
    "stylesheetCount": 1,
    "thirdParty": 19114,
    "thirdPartyCount": 2
  },
  "run": {
    "number": 3,
    "total": 3
  },
  "axe": {
    "passes": 778,
    "violations": 38
  }
}