{
  "url": "https://gridsome.org/",
  "requestedUrl": "https://gridsome.org/",
  "timestamp": 1613556611050,
  "ranks": {
    "hundos": 8,
    "performance": 12,
    "accessibility": 6,
    "cumulative": 8
  },
  "lighthouse": {
    "version": "6.5.0",
    "performance": 0.59,
    "accessibility": 0.97,
    "bestPractices": 1,
    "seo": 0.92,
    "total": 348
  },
  "firstContentfulPaint": 1259.103,
  "speedIndex": 1383.6937614295337,
  "largestContentfulPaint": 5791.114758804321,
  "totalBlockingTime": 669.9882411956787,
  "cumulativeLayoutShift": 0.9997547622256808,
  "timeToInteractive": 3413.1147588043214,
  "maxPotentialFirstInputDelay": 452,
  "timeToFirstByte": 9.805999999999997,
  "weight": {
    "summary": "105 requests • 1,024 KiB",
    "total": 1048424,
    "image": 0,
    "imageCount": 0,
    "script": 178769,
    "scriptCount": 3,
    "document": 50600,
    "font": 143343,
    "fontCount": 4,
    "stylesheet": 13991,
    "stylesheetCount": 1,
    "thirdParty": 19114,
    "thirdPartyCount": 2
  },
  "run": {
    "number": 1,
    "total": 3
  },
  "axe": {
    "passes": 778,
    "violations": 38
  }
}