{
  "url": "https://gridsome.org/",
  "requestedUrl": "https://gridsome.org/",
  "timestamp": 1613210985722,
  "ranks": {
    "hundos": 7,
    "performance": 7,
    "accessibility": 6,
    "cumulative": 7
  },
  "lighthouse": {
    "version": "6.5.0",
    "performance": 0.79,
    "accessibility": 0.97,
    "bestPractices": 1,
    "seo": 0.92,
    "total": 368
  },
  "firstContentfulPaint": 1720.7669999999998,
  "speedIndex": 1782.8546106529434,
  "largestContentfulPaint": 4146.778758804321,
  "totalBlockingTime": 248,
  "cumulativeLayoutShift": 0.9665852129194471,
  "timeToInteractive": 3452.778758804321,
  "maxPotentialFirstInputDelay": 183,
  "timeToFirstByte": 90.64200000000002,
  "weight": {
    "summary": "105 requests • 1,024 KiB",
    "total": 1048086,
    "image": 0,
    "imageCount": 0,
    "script": 178662,
    "scriptCount": 3,
    "document": 50601,
    "font": 143355,
    "fontCount": 4,
    "stylesheet": 13991,
    "stylesheetCount": 1,
    "thirdParty": 18951,
    "thirdPartyCount": 2
  },
  "run": {
    "number": 1,
    "total": 3
  },
  "axe": {
    "passes": 778,
    "violations": 38
  }
}