{
  "url": "https://gridsome.org/",
  "requestedUrl": "https://gridsome.org/",
  "timestamp": 1613297500428,
  "ranks": {
    "hundos": 7,
    "performance": 10,
    "accessibility": 6,
    "cumulative": 7
  },
  "lighthouse": {
    "version": "6.5.0",
    "performance": 0.62,
    "accessibility": 0.97,
    "bestPractices": 1,
    "seo": 0.92,
    "total": 351
  },
  "firstContentfulPaint": 1213.335,
  "speedIndex": 1295.9728747884274,
  "largestContentfulPaint": 5761.346758804321,
  "totalBlockingTime": 718.9882411956787,
  "cumulativeLayoutShift": 0.07977894655863443,
  "timeToInteractive": 3353.3467588043213,
  "maxPotentialFirstInputDelay": 510,
  "timeToFirstByte": 10.177,
  "weight": {
    "summary": "105 requests • 1,024 KiB",
    "total": 1048293,
    "image": 0,
    "imageCount": 0,
    "script": 178629,
    "scriptCount": 3,
    "document": 50600,
    "font": 143371,
    "fontCount": 4,
    "stylesheet": 14024,
    "stylesheetCount": 1,
    "thirdParty": 18951,
    "thirdPartyCount": 2
  },
  "run": {
    "number": 2,
    "total": 3
  },
  "axe": {
    "passes": 778,
    "violations": 38
  }
}