{
  "url": "https://gridsome.org/",
  "requestedUrl": "https://gridsome.org/",
  "timestamp": 1614939138726,
  "ranks": {
    "hundos": 8,
    "performance": 12,
    "accessibility": 6,
    "cumulative": 8
  },
  "lighthouse": {
    "version": "6.5.0",
    "performance": 0.66,
    "accessibility": 0.97,
    "bestPractices": 1,
    "seo": 0.92,
    "total": 355
  },
  "firstContentfulPaint": 1253.074,
  "speedIndex": 1521.1238078380616,
  "largestContentfulPaint": 5802.085758804322,
  "totalBlockingTime": 440.9882411956787,
  "cumulativeLayoutShift": 0.973327556822035,
  "timeToInteractive": 3224.0857588043214,
  "maxPotentialFirstInputDelay": 412,
  "timeToFirstByte": 38.56800000000001,
  "weight": {
    "summary": "105 requests • 1,030 KiB",
    "total": 1055204,
    "image": 0,
    "imageCount": 0,
    "script": 178799,
    "scriptCount": 3,
    "document": 54141,
    "font": 143360,
    "fontCount": 4,
    "stylesheet": 13991,
    "stylesheetCount": 1,
    "thirdParty": 19114,
    "thirdPartyCount": 2
  },
  "run": {
    "number": 2,
    "total": 3
  },
  "axe": {
    "passes": 778,
    "violations": 38
  }
}