{
  "url": "https://gridsome.org/",
  "requestedUrl": "https://gridsome.org/",
  "timestamp": 1612439546792,
  "ranks": {
    "hundos": 8,
    "performance": 10,
    "accessibility": 6,
    "cumulative": 8
  },
  "lighthouse": {
    "version": "6.5.0",
    "performance": 0.66,
    "accessibility": 0.97,
    "bestPractices": 1,
    "seo": 0.92,
    "total": 355
  },
  "firstContentfulPaint": 1356.341,
  "speedIndex": 1584.0046961144585,
  "largestContentfulPaint": 5768.352758804322,
  "totalBlockingTime": 437.5,
  "cumulativeLayoutShift": 0.9997547622256808,
  "timeToInteractive": 3332.352758804321,
  "maxPotentialFirstInputDelay": 324,
  "timeToFirstByte": 8.664999999999992,
  "weight": {
    "summary": "103 requests • 987 KiB",
    "total": 1011120,
    "image": 0,
    "imageCount": 0,
    "script": 178279,
    "scriptCount": 3,
    "document": 54078,
    "font": 143339,
    "fontCount": 4,
    "stylesheet": 13990,
    "stylesheetCount": 1,
    "thirdParty": 18951,
    "thirdPartyCount": 2
  },
  "run": {
    "number": 1,
    "total": 3
  },
  "axe": {
    "passes": 774,
    "violations": 38
  }
}