{
  "url": "https://gridsome.org/",
  "requestedUrl": "https://gridsome.org/",
  "timestamp": 1616750320664,
  "ranks": {
    "hundos": 8,
    "performance": 12,
    "accessibility": 6,
    "cumulative": 8
  },
  "lighthouse": {
    "version": "6.5.0",
    "performance": 0.69,
    "accessibility": 0.97,
    "bestPractices": 1,
    "seo": 0.92,
    "total": 358
  },
  "firstContentfulPaint": 1224.7849999999999,
  "speedIndex": 1465.4194473427551,
  "largestContentfulPaint": 5708.796758804321,
  "totalBlockingTime": 354.9882411956787,
  "cumulativeLayoutShift": 0.9550036330752902,
  "timeToInteractive": 3146.796758804321,
  "maxPotentialFirstInputDelay": 240,
  "timeToFirstByte": 25.727999999999994,
  "weight": {
    "summary": "105 requests • 1,030 KiB",
    "total": 1054404,
    "image": 0,
    "imageCount": 0,
    "script": 178803,
    "scriptCount": 3,
    "document": 50587,
    "font": 143338,
    "fontCount": 4,
    "stylesheet": 14019,
    "stylesheetCount": 1,
    "thirdParty": 19114,
    "thirdPartyCount": 2
  },
  "run": {
    "number": 1,
    "total": 3
  },
  "axe": {
    "passes": 778,
    "violations": 38
  }
}