{
  "url": "https://gridsome.org/",
  "requestedUrl": "https://gridsome.org/",
  "timestamp": 1614507170085,
  "ranks": {
    "hundos": 9,
    "performance": 11,
    "accessibility": 6,
    "cumulative": 9
  },
  "lighthouse": {
    "version": "6.5.0",
    "performance": 0.68,
    "accessibility": 0.97,
    "bestPractices": 1,
    "seo": 0.92,
    "total": 357
  },
  "firstContentfulPaint": 1198.6770000000001,
  "speedIndex": 1413.031879827072,
  "largestContentfulPaint": 5659.688758804321,
  "totalBlockingTime": 391.4882411956787,
  "cumulativeLayoutShift": 0.9997547622256808,
  "timeToInteractive": 3086.1887588043214,
  "maxPotentialFirstInputDelay": 231,
  "timeToFirstByte": 23.072000000000003,
  "weight": {
    "summary": "105 requests • 1,027 KiB",
    "total": 1051315,
    "image": 0,
    "imageCount": 0,
    "script": 178793,
    "scriptCount": 3,
    "document": 50599,
    "font": 143320,
    "fontCount": 4,
    "stylesheet": 14018,
    "stylesheetCount": 1,
    "thirdParty": 19114,
    "thirdPartyCount": 2
  },
  "run": {
    "number": 3,
    "total": 3
  },
  "axe": {
    "passes": 778,
    "violations": 38
  }
}