{
  "url": "https://gridsome.org/",
  "requestedUrl": "https://gridsome.org/",
  "timestamp": 1613383829673,
  "ranks": {
    "hundos": 10,
    "performance": 11,
    "accessibility": 6,
    "cumulative": 10
  },
  "lighthouse": {
    "version": "6.5.0",
    "performance": 0.56,
    "accessibility": 0.97,
    "bestPractices": 1,
    "seo": 0.92,
    "total": 345
  },
  "firstContentfulPaint": 1288.806,
  "speedIndex": 1324.2072622914538,
  "largestContentfulPaint": 5895.817758804322,
  "totalBlockingTime": 775.9882411956787,
  "cumulativeLayoutShift": 0.9997547622256808,
  "timeToInteractive": 3585.8177588043213,
  "maxPotentialFirstInputDelay": 569,
  "timeToFirstByte": 10.089999999999996,
  "weight": {
    "summary": "105 requests • 1,024 KiB",
    "total": 1048223,
    "image": 0,
    "imageCount": 0,
    "script": 178662,
    "scriptCount": 3,
    "document": 50600,
    "font": 143328,
    "fontCount": 4,
    "stylesheet": 13996,
    "stylesheetCount": 1,
    "thirdParty": 18951,
    "thirdPartyCount": 2
  },
  "run": {
    "number": 1,
    "total": 3
  },
  "axe": {
    "passes": 778,
    "violations": 38
  }
}