{
  "url": "https://gridsome.org/",
  "requestedUrl": "https://gridsome.org/",
  "timestamp": 1616321574595,
  "ranks": {
    "hundos": 8,
    "performance": 12,
    "accessibility": 6,
    "cumulative": 8
  },
  "lighthouse": {
    "version": "6.5.0",
    "performance": 0.64,
    "accessibility": 0.97,
    "bestPractices": 1,
    "seo": 0.92,
    "total": 353
  },
  "firstContentfulPaint": 1239.379,
  "speedIndex": 1591.302683413163,
  "largestContentfulPaint": 5848.390758804321,
  "totalBlockingTime": 506,
  "cumulativeLayoutShift": 0.9550036330752902,
  "timeToInteractive": 3345.390758804321,
  "maxPotentialFirstInputDelay": 194,
  "timeToFirstByte": 24.206999999999994,
  "weight": {
    "summary": "105 requests • 1,026 KiB",
    "total": 1051003,
    "image": 0,
    "imageCount": 0,
    "script": 178771,
    "scriptCount": 3,
    "document": 50586,
    "font": 143313,
    "fontCount": 4,
    "stylesheet": 13986,
    "stylesheetCount": 1,
    "thirdParty": 19113,
    "thirdPartyCount": 2
  },
  "run": {
    "number": 2,
    "total": 3
  },
  "axe": {
    "passes": 778,
    "violations": 38
  }
}