{
  "url": "https://gridsome.org/",
  "requestedUrl": "https://gridsome.org/",
  "timestamp": 1617178706184,
  "ranks": {
    "hundos": 9,
    "performance": 12,
    "accessibility": 6,
    "cumulative": 9
  },
  "lighthouse": {
    "version": "6.5.0",
    "performance": 0.61,
    "accessibility": 0.97,
    "bestPractices": 1,
    "seo": 0.92,
    "total": 350
  },
  "firstContentfulPaint": 1378.8690000000001,
  "speedIndex": 1717.6828990829142,
  "largestContentfulPaint": 5675.880758804322,
  "totalBlockingTime": 596,
  "cumulativeLayoutShift": 0.8936006359524197,
  "timeToInteractive": 3445.8807588043214,
  "maxPotentialFirstInputDelay": 308,
  "timeToFirstByte": 42.212,
  "weight": {
    "summary": "105 requests • 1,027 KiB",
    "total": 1051751,
    "image": 0,
    "imageCount": 0,
    "script": 179308,
    "scriptCount": 3,
    "document": 50593,
    "font": 143354,
    "fontCount": 4,
    "stylesheet": 14014,
    "stylesheetCount": 1,
    "thirdParty": 19597,
    "thirdPartyCount": 2
  },
  "run": {
    "number": 2,
    "total": 3
  },
  "axe": {
    "passes": 778,
    "violations": 38
  }
}