{
  "url": "https://gridsome.org/",
  "requestedUrl": "https://gridsome.org/",
  "timestamp": 1615975824900,
  "ranks": {
    "hundos": 6,
    "performance": 9,
    "accessibility": 6,
    "cumulative": 6
  },
  "lighthouse": {
    "version": "6.5.0",
    "performance": 0.66,
    "accessibility": 0.97,
    "bestPractices": 1,
    "seo": 0.92,
    "total": 355
  },
  "firstContentfulPaint": 1229.085,
  "speedIndex": 1369.1065192517588,
  "largestContentfulPaint": 5684.096758804321,
  "totalBlockingTime": 437.5,
  "cumulativeLayoutShift": 0.9550036330752902,
  "timeToInteractive": 3273.0967588043213,
  "maxPotentialFirstInputDelay": 355,
  "timeToFirstByte": 13.462999999999994,
  "weight": {
    "summary": "105 requests • 1,027 KiB",
    "total": 1051837,
    "image": 0,
    "imageCount": 0,
    "script": 178799,
    "scriptCount": 3,
    "document": 50594,
    "font": 143327,
    "fontCount": 4,
    "stylesheet": 14024,
    "stylesheetCount": 1,
    "thirdParty": 19114,
    "thirdPartyCount": 2
  },
  "run": {
    "number": 1,
    "total": 3
  },
  "axe": {
    "passes": 778,
    "violations": 38
  }
}