{
  "url": "https://gridsome.org/",
  "requestedUrl": "https://gridsome.org/",
  "timestamp": 1615630293683,
  "ranks": {
    "hundos": 9,
    "performance": 12,
    "accessibility": 6,
    "cumulative": 9
  },
  "lighthouse": {
    "version": "6.5.0",
    "performance": 0.63,
    "accessibility": 0.97,
    "bestPractices": 1,
    "seo": 0.92,
    "total": 352
  },
  "firstContentfulPaint": 1232.483,
  "speedIndex": 1362.5416767327097,
  "largestContentfulPaint": 5787.4947588043215,
  "totalBlockingTime": 524.4882411956787,
  "cumulativeLayoutShift": 0.9997547622256808,
  "timeToInteractive": 3237.9947588043215,
  "maxPotentialFirstInputDelay": 411,
  "timeToFirstByte": 8.189999999999998,
  "weight": {
    "summary": "105 requests • 1,027 KiB",
    "total": 1051567,
    "image": 0,
    "imageCount": 0,
    "script": 178804,
    "scriptCount": 3,
    "document": 50594,
    "font": 143348,
    "fontCount": 4,
    "stylesheet": 13990,
    "stylesheetCount": 1,
    "thirdParty": 19114,
    "thirdPartyCount": 2
  },
  "run": {
    "number": 2,
    "total": 3
  },
  "axe": {
    "passes": 778,
    "violations": 38
  }
}