{
  "url": "https://gridsome.org/",
  "requestedUrl": "https://gridsome.org/",
  "timestamp": 1614248565138,
  "ranks": {
    "hundos": 8,
    "performance": 12,
    "accessibility": 6,
    "cumulative": 8
  },
  "lighthouse": {
    "version": "6.5.0",
    "performance": 0.6,
    "accessibility": 0.97,
    "bestPractices": 1,
    "seo": 0.92,
    "total": 349
  },
  "firstContentfulPaint": 1272.384,
  "speedIndex": 1386.164966184812,
  "largestContentfulPaint": 5811.395758804321,
  "totalBlockingTime": 607.9882411956787,
  "cumulativeLayoutShift": 0.9550036330752902,
  "timeToInteractive": 3340.3957588043213,
  "maxPotentialFirstInputDelay": 444,
  "timeToFirstByte": 34.62600000000002,
  "weight": {
    "summary": "105 requests • 1,024 KiB",
    "total": 1048197,
    "image": 0,
    "imageCount": 0,
    "script": 178827,
    "scriptCount": 3,
    "document": 50600,
    "font": 143365,
    "fontCount": 4,
    "stylesheet": 14018,
    "stylesheetCount": 1,
    "thirdParty": 19114,
    "thirdPartyCount": 2
  },
  "run": {
    "number": 2,
    "total": 3
  },
  "axe": {
    "passes": 778,
    "violations": 38
  }
}