{
  "url": "https://gridsome.org/",
  "requestedUrl": "https://gridsome.org/",
  "timestamp": 1615716719194,
  "ranks": {
    "hundos": 9,
    "performance": 12,
    "accessibility": 6,
    "cumulative": 9
  },
  "lighthouse": {
    "version": "6.5.0",
    "performance": 0.6,
    "accessibility": 0.97,
    "bestPractices": 1,
    "seo": 0.92,
    "total": 349
  },
  "firstContentfulPaint": 1213.118,
  "speedIndex": 1436.3192272464098,
  "largestContentfulPaint": 5844.129758804322,
  "totalBlockingTime": 608.9882411956787,
  "cumulativeLayoutShift": 0.9997547622256808,
  "timeToInteractive": 3374.129758804321,
  "maxPotentialFirstInputDelay": 375,
  "timeToFirstByte": 17.396,
  "weight": {
    "summary": "105 requests • 1,049 KiB",
    "total": 1074092,
    "image": 0,
    "imageCount": 0,
    "script": 182602,
    "scriptCount": 3,
    "document": 50592,
    "font": 143363,
    "fontCount": 4,
    "stylesheet": 13989,
    "stylesheetCount": 1,
    "thirdParty": 19114,
    "thirdPartyCount": 2
  },
  "run": {
    "number": 2,
    "total": 3
  },
  "axe": {
    "passes": 778,
    "violations": 38
  }
}