{
  "url": "https://gridsome.org/",
  "requestedUrl": "https://gridsome.org/",
  "timestamp": 1612609800062,
  "ranks": {
    "hundos": 8,
    "performance": 10,
    "accessibility": 6,
    "cumulative": 8
  },
  "lighthouse": {
    "version": "6.5.0",
    "performance": 0.68,
    "accessibility": 0.97,
    "bestPractices": 1,
    "seo": 0.92,
    "total": 357
  },
  "firstContentfulPaint": 1798.974,
  "speedIndex": 1968.3884283494922,
  "largestContentfulPaint": 5768.985758804321,
  "totalBlockingTime": 333.5000000000002,
  "cumulativeLayoutShift": 0.9542718469831678,
  "timeToInteractive": 3682.4857588043214,
  "maxPotentialFirstInputDelay": 194,
  "timeToFirstByte": 95.40200000000002,
  "weight": {
    "summary": "103 requests • 984 KiB",
    "total": 1007628,
    "image": 0,
    "imageCount": 0,
    "script": 178278,
    "scriptCount": 3,
    "document": 50587,
    "font": 143372,
    "fontCount": 4,
    "stylesheet": 13991,
    "stylesheetCount": 1,
    "thirdParty": 18951,
    "thirdPartyCount": 2
  },
  "run": {
    "number": 2,
    "total": 3
  },
  "axe": {
    "passes": 774,
    "violations": 38
  }
}