{
  "url": "https://gridsome.org/",
  "requestedUrl": "https://gridsome.org/",
  "timestamp": 1617524313818,
  "ranks": {
    "hundos": 9,
    "performance": 12,
    "accessibility": 6,
    "cumulative": 9
  },
  "lighthouse": {
    "version": "6.5.0",
    "performance": 0.64,
    "accessibility": 0.97,
    "bestPractices": 1,
    "seo": 0.92,
    "total": 353
  },
  "firstContentfulPaint": 2143.25,
  "speedIndex": 2546.3165755506816,
  "largestContentfulPaint": 5711.261758804321,
  "totalBlockingTime": 430.4882411956787,
  "cumulativeLayoutShift": 0.9574157621595594,
  "timeToInteractive": 4149.761758804321,
  "maxPotentialFirstInputDelay": 341,
  "timeToFirstByte": 152.14800000000002,
  "weight": {
    "summary": "105 requests • 1,035 KiB",
    "total": 1060145,
    "image": 0,
    "imageCount": 0,
    "script": 179279,
    "scriptCount": 3,
    "document": 50594,
    "font": 143340,
    "fontCount": 4,
    "stylesheet": 14018,
    "stylesheetCount": 1,
    "thirdParty": 19597,
    "thirdPartyCount": 2
  },
  "run": {
    "number": 3,
    "total": 3
  },
  "axe": {
    "passes": 778,
    "violations": 38
  }
}