{
  "url": "https://gridsome.org/",
  "requestedUrl": "https://gridsome.org/",
  "timestamp": 1615025435384,
  "ranks": {
    "hundos": 8,
    "performance": 12,
    "accessibility": 6,
    "cumulative": 8
  },
  "lighthouse": {
    "version": "6.5.0",
    "performance": 0.57,
    "accessibility": 0.97,
    "bestPractices": 1,
    "seo": 0.92,
    "total": 346
  },
  "firstContentfulPaint": 1336.25,
  "speedIndex": 1641.3395135865903,
  "largestContentfulPaint": 5882.261758804321,
  "totalBlockingTime": 747.9882411956787,
  "cumulativeLayoutShift": 0.9997547622256808,
  "timeToInteractive": 3469.2617588043213,
  "maxPotentialFirstInputDelay": 445,
  "timeToFirstByte": 8.295999999999992,
  "weight": {
    "summary": "105 requests • 1,028 KiB",
    "total": 1052305,
    "image": 0,
    "imageCount": 0,
    "script": 178822,
    "scriptCount": 3,
    "document": 50601,
    "font": 143375,
    "fontCount": 4,
    "stylesheet": 13990,
    "stylesheetCount": 1,
    "thirdParty": 19114,
    "thirdPartyCount": 2
  },
  "run": {
    "number": 1,
    "total": 3
  },
  "axe": {
    "passes": 778,
    "violations": 38
  }
}