{
  "url": "https://gridsome.org/",
  "requestedUrl": "https://gridsome.org/",
  "timestamp": 1616494292664,
  "ranks": {
    "hundos": 8,
    "performance": 12,
    "accessibility": 6,
    "cumulative": 8
  },
  "lighthouse": {
    "version": "6.5.0",
    "performance": 0.64,
    "accessibility": 0.97,
    "bestPractices": 1,
    "seo": 0.92,
    "total": 353
  },
  "firstContentfulPaint": 1263.261,
  "speedIndex": 1445.1304997559841,
  "largestContentfulPaint": 5799.272758804322,
  "totalBlockingTime": 502.5000000000002,
  "cumulativeLayoutShift": 0.9997547622256808,
  "timeToInteractive": 3339.2727588043217,
  "maxPotentialFirstInputDelay": 405.00000000000045,
  "timeToFirstByte": 12.522999999999996,
  "weight": {
    "summary": "105 requests • 1,027 KiB",
    "total": 1051224,
    "image": 0,
    "imageCount": 0,
    "script": 178825,
    "scriptCount": 3,
    "document": 50587,
    "font": 143317,
    "fontCount": 4,
    "stylesheet": 13987,
    "stylesheetCount": 1,
    "thirdParty": 19114,
    "thirdPartyCount": 2
  },
  "run": {
    "number": 1,
    "total": 3
  },
  "axe": {
    "passes": 778,
    "violations": 38
  }
}