{
  "url": "https://gridsome.org/",
  "requestedUrl": "https://gridsome.org/",
  "timestamp": 1616836611390,
  "ranks": {
    "hundos": 8,
    "performance": 11,
    "accessibility": 6,
    "cumulative": 8
  },
  "lighthouse": {
    "version": "6.5.0",
    "performance": 0.68,
    "accessibility": 0.97,
    "bestPractices": 1,
    "seo": 0.92,
    "total": 357
  },
  "firstContentfulPaint": 1234.3890000000001,
  "speedIndex": 1459.0306633885125,
  "largestContentfulPaint": 6002.400758804321,
  "totalBlockingTime": 363.5,
  "cumulativeLayoutShift": 0.9997547622256808,
  "timeToInteractive": 3463.4007588043214,
  "maxPotentialFirstInputDelay": 273,
  "timeToFirstByte": 14.222000000000001,
  "weight": {
    "summary": "105 requests • 1,076 KiB",
    "total": 1101752,
    "image": 0,
    "imageCount": 0,
    "script": 211322,
    "scriptCount": 3,
    "document": 50594,
    "font": 147590,
    "fontCount": 4,
    "stylesheet": 14902,
    "stylesheetCount": 1,
    "thirdParty": 19114,
    "thirdPartyCount": 2
  },
  "run": {
    "number": 3,
    "total": 3
  },
  "axe": {
    "passes": 778,
    "violations": 38
  }
}