{
  "url": "https://gridsome.org/",
  "requestedUrl": "https://gridsome.org/",
  "timestamp": 1616407942855,
  "ranks": {
    "hundos": 8,
    "performance": 11,
    "accessibility": 6,
    "cumulative": 8
  },
  "lighthouse": {
    "version": "6.5.0",
    "performance": 0.62,
    "accessibility": 0.97,
    "bestPractices": 1,
    "seo": 0.92,
    "total": 351
  },
  "firstContentfulPaint": 1269.154,
  "speedIndex": 1534.4507007051197,
  "largestContentfulPaint": 5800.165758804322,
  "totalBlockingTime": 546.9882411956787,
  "cumulativeLayoutShift": 0.9997547622256808,
  "timeToInteractive": 3402.1657588043213,
  "maxPotentialFirstInputDelay": 352,
  "timeToFirstByte": 12.887,
  "weight": {
    "summary": "105 requests • 1,027 KiB",
    "total": 1051224,
    "image": 0,
    "imageCount": 0,
    "script": 178798,
    "scriptCount": 3,
    "document": 50588,
    "font": 143315,
    "fontCount": 4,
    "stylesheet": 13987,
    "stylesheetCount": 1,
    "thirdParty": 19114,
    "thirdPartyCount": 2
  },
  "run": {
    "number": 2,
    "total": 3
  },
  "axe": {
    "passes": 778,
    "violations": 38
  }
}