{
  "url": "https://gridsome.org/",
  "requestedUrl": "https://gridsome.org/",
  "timestamp": 1617092208636,
  "ranks": {
    "hundos": 9,
    "performance": 12,
    "accessibility": 6,
    "cumulative": 9
  },
  "lighthouse": {
    "version": "6.5.0",
    "performance": 0.61,
    "accessibility": 0.97,
    "bestPractices": 1,
    "seo": 0.92,
    "total": 350
  },
  "firstContentfulPaint": 1348.288,
  "speedIndex": 1534.4407132297429,
  "largestContentfulPaint": 5956.299758804322,
  "totalBlockingTime": 556.9882411956787,
  "cumulativeLayoutShift": 0.9997547622256808,
  "timeToInteractive": 3384.2997588043213,
  "maxPotentialFirstInputDelay": 217,
  "timeToFirstByte": 38.343999999999994,
  "weight": {
    "summary": "105 requests • 1,027 KiB",
    "total": 1051712,
    "image": 0,
    "imageCount": 0,
    "script": 179282,
    "scriptCount": 3,
    "document": 50593,
    "font": 143342,
    "fontCount": 4,
    "stylesheet": 14015,
    "stylesheetCount": 1,
    "thirdParty": 19597,
    "thirdPartyCount": 2
  },
  "run": {
    "number": 1,
    "total": 3
  },
  "axe": {
    "passes": 778,
    "violations": 38
  }
}