{
  "url": "https://gridsome.org/",
  "requestedUrl": "https://gridsome.org/",
  "timestamp": 1613988629224,
  "ranks": {
    "hundos": 9,
    "performance": 11,
    "accessibility": 6,
    "cumulative": 9
  },
  "lighthouse": {
    "version": "6.5.0",
    "performance": 0.6,
    "accessibility": 0.97,
    "bestPractices": 1,
    "seo": 0.92,
    "total": 349
  },
  "firstContentfulPaint": 1257.4360000000001,
  "speedIndex": 1355.5430154148971,
  "largestContentfulPaint": 5933.447758804321,
  "totalBlockingTime": 763.9882411956787,
  "cumulativeLayoutShift": 0.110865873336792,
  "timeToInteractive": 3909.4477588043214,
  "maxPotentialFirstInputDelay": 577,
  "timeToFirstByte": 8.347999999999999,
  "weight": {
    "summary": "105 requests • 1,024 KiB",
    "total": 1048157,
    "image": 0,
    "imageCount": 0,
    "script": 178762,
    "scriptCount": 3,
    "document": 50600,
    "font": 143327,
    "fontCount": 4,
    "stylesheet": 14001,
    "stylesheetCount": 1,
    "thirdParty": 19114,
    "thirdPartyCount": 2
  },
  "run": {
    "number": 2,
    "total": 3
  },
  "axe": {
    "passes": 778,
    "violations": 38
  }
}