{
  "url": "https://gridsome.org/",
  "requestedUrl": "https://gridsome.org/",
  "timestamp": 1614161462584,
  "ranks": {
    "hundos": 8,
    "performance": 10,
    "accessibility": 6,
    "cumulative": 8
  },
  "lighthouse": {
    "version": "6.5.0",
    "performance": 0.64,
    "accessibility": 0.97,
    "bestPractices": 1,
    "seo": 0.92,
    "total": 353
  },
  "firstContentfulPaint": 1219.174,
  "speedIndex": 1478.3320740066965,
  "largestContentfulPaint": 5709.185758804321,
  "totalBlockingTime": 495.5,
  "cumulativeLayoutShift": 0.9997547622256808,
  "timeToInteractive": 3251.1857588043213,
  "maxPotentialFirstInputDelay": 231,
  "timeToFirstByte": 8.076,
  "weight": {
    "summary": "105 requests • 1,024 KiB",
    "total": 1048213,
    "image": 0,
    "imageCount": 0,
    "script": 178801,
    "scriptCount": 3,
    "document": 50601,
    "font": 143355,
    "fontCount": 4,
    "stylesheet": 13991,
    "stylesheetCount": 1,
    "thirdParty": 19114,
    "thirdPartyCount": 2
  },
  "run": {
    "number": 1,
    "total": 3
  },
  "axe": {
    "passes": 778,
    "violations": 38
  }
}