{
  "url": "https://gridsome.org/",
  "requestedUrl": "https://gridsome.org/",
  "timestamp": 1617437921468,
  "ranks": {
    "hundos": 8,
    "performance": 10,
    "accessibility": 6,
    "cumulative": 8
  },
  "lighthouse": {
    "version": "6.5.0",
    "performance": 0.64,
    "accessibility": 0.97,
    "bestPractices": 1,
    "seo": 0.92,
    "total": 353
  },
  "firstContentfulPaint": 1188.104,
  "speedIndex": 1252.623794712214,
  "largestContentfulPaint": 5757.115758804322,
  "totalBlockingTime": 485.9882411956787,
  "cumulativeLayoutShift": 1.004798675113254,
  "timeToInteractive": 3209.1157588043216,
  "maxPotentialFirstInputDelay": 398,
  "timeToFirstByte": 13.957,
  "weight": {
    "summary": "105 requests • 1,028 KiB",
    "total": 1052427,
    "image": 0,
    "imageCount": 0,
    "script": 179280,
    "scriptCount": 3,
    "document": 50594,
    "font": 143355,
    "fontCount": 4,
    "stylesheet": 14018,
    "stylesheetCount": 1,
    "thirdParty": 19597,
    "thirdPartyCount": 2
  },
  "run": {
    "number": 3,
    "total": 3
  },
  "axe": {
    "passes": 778,
    "violations": 38
  }
}