{
  "url": "https://gridsome.org/",
  "requestedUrl": "https://gridsome.org/",
  "timestamp": 1617351451465,
  "ranks": {
    "hundos": 9,
    "performance": 11,
    "accessibility": 6,
    "cumulative": 9
  },
  "lighthouse": {
    "version": "6.5.0",
    "performance": 0.62,
    "accessibility": 0.97,
    "bestPractices": 1,
    "seo": 0.92,
    "total": 351
  },
  "firstContentfulPaint": 1306.035,
  "speedIndex": 1513.8855143074222,
  "largestContentfulPaint": 5846.046758804321,
  "totalBlockingTime": 545.9882411956787,
  "cumulativeLayoutShift": 1.004798675113254,
  "timeToInteractive": 3428.046758804321,
  "maxPotentialFirstInputDelay": 422,
  "timeToFirstByte": 40.881000000000014,
  "weight": {
    "summary": "105 requests • 1,028 KiB",
    "total": 1052444,
    "image": 0,
    "imageCount": 0,
    "script": 179252,
    "scriptCount": 3,
    "document": 50595,
    "font": 143358,
    "fontCount": 4,
    "stylesheet": 14018,
    "stylesheetCount": 1,
    "thirdParty": 19597,
    "thirdPartyCount": 2
  },
  "run": {
    "number": 1,
    "total": 3
  },
  "axe": {
    "passes": 778,
    "violations": 38
  }
}