{
  "url": "https://gridsome.org/",
  "requestedUrl": "https://gridsome.org/",
  "timestamp": 1612696112734,
  "ranks": {
    "hundos": 6,
    "performance": 8,
    "accessibility": 6,
    "cumulative": 7
  },
  "lighthouse": {
    "version": "6.5.0",
    "performance": 0.75,
    "accessibility": 0.97,
    "bestPractices": 1,
    "seo": 0.92,
    "total": 364
  },
  "firstContentfulPaint": 1713.638,
  "speedIndex": 1808.7474484813788,
  "largestContentfulPaint": 4830.649758804321,
  "totalBlockingTime": 261,
  "cumulativeLayoutShift": 0.9542718469831679,
  "timeToInteractive": 3344.649758804321,
  "maxPotentialFirstInputDelay": 199,
  "timeToFirstByte": 67.74199999999999,
  "weight": {
    "summary": "103 requests • 984 KiB",
    "total": 1007792,
    "image": 0,
    "imageCount": 0,
    "script": 178301,
    "scriptCount": 3,
    "document": 50586,
    "font": 143367,
    "fontCount": 4,
    "stylesheet": 14017,
    "stylesheetCount": 1,
    "thirdParty": 18950,
    "thirdPartyCount": 2
  },
  "run": {
    "number": 1,
    "total": 3
  },
  "axe": {
    "passes": 774,
    "violations": 38
  }
}