{
  "url": "https://gridsome.org/",
  "requestedUrl": "https://gridsome.org/",
  "timestamp": 1614075129478,
  "ranks": {
    "hundos": 9,
    "performance": 10,
    "accessibility": 6,
    "cumulative": 9
  },
  "lighthouse": {
    "version": "6.5.0",
    "performance": 0.55,
    "accessibility": 0.97,
    "bestPractices": 1,
    "seo": 0.92,
    "total": 344
  },
  "firstContentfulPaint": 1252.644,
  "speedIndex": 1561.065196780412,
  "largestContentfulPaint": 5918.6557588043215,
  "totalBlockingTime": 820.9882411956789,
  "cumulativeLayoutShift": 0.9997547622256808,
  "timeToInteractive": 3421.6557588043215,
  "maxPotentialFirstInputDelay": 259,
  "timeToFirstByte": 9.712999999999994,
  "weight": {
    "summary": "105 requests • 1,027 KiB",
    "total": 1051768,
    "image": 0,
    "imageCount": 0,
    "script": 178818,
    "scriptCount": 3,
    "document": 54144,
    "font": 143325,
    "fontCount": 4,
    "stylesheet": 14026,
    "stylesheetCount": 1,
    "thirdParty": 19114,
    "thirdPartyCount": 2
  },
  "run": {
    "number": 2,
    "total": 3
  },
  "axe": {
    "passes": 778,
    "violations": 38
  }
}