{
  "url": "https://gridsome.org/",
  "requestedUrl": "https://gridsome.org/",
  "timestamp": 1613902374357,
  "ranks": {
    "hundos": 8,
    "performance": 11,
    "accessibility": 6,
    "cumulative": 8
  },
  "lighthouse": {
    "version": "6.5.0",
    "performance": 0.69,
    "accessibility": 0.97,
    "bestPractices": 1,
    "seo": 0.92,
    "total": 358
  },
  "firstContentfulPaint": 1708.1779999999999,
  "speedIndex": 2013.408464564215,
  "largestContentfulPaint": 4663.189758804321,
  "totalBlockingTime": 451.5,
  "cumulativeLayoutShift": 0.9545307695600721,
  "timeToInteractive": 3804.189758804321,
  "maxPotentialFirstInputDelay": 224,
  "timeToFirstByte": 92.49999999999997,
  "weight": {
    "summary": "105 requests • 1,023 KiB",
    "total": 1048020,
    "image": 0,
    "imageCount": 0,
    "script": 178821,
    "scriptCount": 3,
    "document": 50598,
    "font": 143323,
    "fontCount": 4,
    "stylesheet": 13989,
    "stylesheetCount": 1,
    "thirdParty": 19114,
    "thirdPartyCount": 2
  },
  "run": {
    "number": 3,
    "total": 3
  },
  "axe": {
    "passes": 778,
    "violations": 38
  }
}