{
  "url": "https://gridsome.org/",
  "requestedUrl": "https://gridsome.org/",
  "timestamp": 1614595576697,
  "ranks": {
    "hundos": 8,
    "performance": 10,
    "accessibility": 6,
    "cumulative": 8
  },
  "lighthouse": {
    "version": "6.5.0",
    "performance": 0.69,
    "accessibility": 0.97,
    "bestPractices": 1,
    "seo": 0.92,
    "total": 358
  },
  "firstContentfulPaint": 1216.713,
  "speedIndex": 1422.2527758689243,
  "largestContentfulPaint": 5792.724758804321,
  "totalBlockingTime": 360,
  "cumulativeLayoutShift": 0.9874413962894015,
  "timeToInteractive": 3173.724758804321,
  "maxPotentialFirstInputDelay": 175,
  "timeToFirstByte": 12.931000000000004,
  "weight": {
    "summary": "105 requests • 1,027 KiB",
    "total": 1051424,
    "image": 0,
    "imageCount": 0,
    "script": 178794,
    "scriptCount": 3,
    "document": 50600,
    "font": 143340,
    "fontCount": 4,
    "stylesheet": 13990,
    "stylesheetCount": 1,
    "thirdParty": 19114,
    "thirdPartyCount": 2
  },
  "run": {
    "number": 3,
    "total": 3
  },
  "axe": {
    "passes": 778,
    "violations": 38
  }
}