{
  "url": "https://gridsome.org/",
  "requestedUrl": "https://gridsome.org/",
  "timestamp": 1616663985544,
  "ranks": {
    "hundos": 8,
    "performance": 12,
    "accessibility": 6,
    "cumulative": 8
  },
  "lighthouse": {
    "version": "6.5.0",
    "performance": 0.6,
    "accessibility": 0.97,
    "bestPractices": 1,
    "seo": 0.92,
    "total": 349
  },
  "firstContentfulPaint": 1307.593,
  "speedIndex": 2676.994277351146,
  "largestContentfulPaint": 5780.604758804321,
  "totalBlockingTime": 587.9882411956785,
  "cumulativeLayoutShift": 0.9542001917097304,
  "timeToInteractive": 3432.604758804321,
  "maxPotentialFirstInputDelay": 412,
  "timeToFirstByte": 397.03700000000003,
  "weight": {
    "summary": "105 requests • 1,038 KiB",
    "total": 1063386,
    "image": 0,
    "imageCount": 0,
    "script": 178787,
    "scriptCount": 3,
    "document": 50580,
    "font": 143303,
    "fontCount": 4,
    "stylesheet": 14940,
    "stylesheetCount": 1,
    "thirdParty": 19114,
    "thirdPartyCount": 2
  },
  "run": {
    "number": 3,
    "total": 3
  },
  "axe": {
    "passes": 778,
    "violations": 38
  }
}