{
  "url": "https://gridsome.org/",
  "requestedUrl": "https://gridsome.org/",
  "timestamp": 1614679943624,
  "ranks": {
    "hundos": 7,
    "performance": 10,
    "accessibility": 6,
    "cumulative": 7
  },
  "lighthouse": {
    "version": "6.5.0",
    "performance": 0.6,
    "accessibility": 0.97,
    "bestPractices": 1,
    "seo": 0.92,
    "total": 349
  },
  "firstContentfulPaint": 1223.645,
  "speedIndex": 1504.261335820545,
  "largestContentfulPaint": 5863.656758804322,
  "totalBlockingTime": 613.9882411956787,
  "cumulativeLayoutShift": 0.9686678354475233,
  "timeToInteractive": 3369.6567588043213,
  "maxPotentialFirstInputDelay": 407,
  "timeToFirstByte": 12.389999999999986,
  "weight": {
    "summary": "105 requests • 1,030 KiB",
    "total": 1055044,
    "image": 0,
    "imageCount": 0,
    "script": 178797,
    "scriptCount": 3,
    "document": 54139,
    "font": 143331,
    "fontCount": 4,
    "stylesheet": 14019,
    "stylesheetCount": 1,
    "thirdParty": 19114,
    "thirdPartyCount": 2
  },
  "run": {
    "number": 3,
    "total": 3
  },
  "axe": {
    "passes": 778,
    "violations": 38
  }
}