{
  "url": "https://gridsome.org/",
  "requestedUrl": "https://gridsome.org/",
  "timestamp": 1612523543842,
  "ranks": {
    "hundos": 9,
    "performance": 11,
    "accessibility": 6,
    "cumulative": 9
  },
  "lighthouse": {
    "version": "6.5.0",
    "performance": 0.66,
    "accessibility": 0.97,
    "bestPractices": 1,
    "seo": 0.92,
    "total": 355
  },
  "firstContentfulPaint": 1250.835,
  "speedIndex": 1616.5289903254704,
  "largestContentfulPaint": 5642.846758804321,
  "totalBlockingTime": 437,
  "cumulativeLayoutShift": 0.9550036330752902,
  "timeToInteractive": 3282.8467588043213,
  "maxPotentialFirstInputDelay": 320,
  "timeToFirstByte": 34.14599999999999,
  "weight": {
    "summary": "103 requests • 984 KiB",
    "total": 1007812,
    "image": 0,
    "imageCount": 0,
    "script": 178304,
    "scriptCount": 3,
    "document": 50587,
    "font": 143371,
    "fontCount": 4,
    "stylesheet": 13990,
    "stylesheetCount": 1,
    "thirdParty": 18951,
    "thirdPartyCount": 2
  },
  "run": {
    "number": 3,
    "total": 3
  },
  "axe": {
    "passes": 774,
    "violations": 38
  }
}