{
  "url": "https://gridsome.org/",
  "requestedUrl": "https://gridsome.org/",
  "timestamp": 1617006519519,
  "ranks": {
    "hundos": 8,
    "performance": 12,
    "accessibility": 6,
    "cumulative": 8
  },
  "lighthouse": {
    "version": "6.5.0",
    "performance": 0.61,
    "accessibility": 0.97,
    "bestPractices": 1,
    "seo": 0.92,
    "total": 350
  },
  "firstContentfulPaint": 1217.209,
  "speedIndex": 1412.022170148688,
  "largestContentfulPaint": 5772.220758804321,
  "totalBlockingTime": 609.9882411956787,
  "cumulativeLayoutShift": 0.9997547622256808,
  "timeToInteractive": 3302.220758804321,
  "maxPotentialFirstInputDelay": 439,
  "timeToFirstByte": 8.425999999999998,
  "weight": {
    "summary": "105 requests • 1,027 KiB",
    "total": 1051833,
    "image": 0,
    "imageCount": 0,
    "script": 178830,
    "scriptCount": 3,
    "document": 50595,
    "font": 143324,
    "fontCount": 4,
    "stylesheet": 14017,
    "stylesheetCount": 1,
    "thirdParty": 19114,
    "thirdPartyCount": 2
  },
  "run": {
    "number": 2,
    "total": 3
  },
  "axe": {
    "passes": 778,
    "violations": 38
  }
}