{
  "url": "https://gridsome.org/",
  "requestedUrl": "https://gridsome.org/",
  "timestamp": 1615371147265,
  "ranks": {
    "hundos": 8,
    "performance": 12,
    "accessibility": 6,
    "cumulative": 9
  },
  "lighthouse": {
    "version": "6.5.0",
    "performance": 0.61,
    "accessibility": 0.97,
    "bestPractices": 1,
    "seo": 0.92,
    "total": 350
  },
  "firstContentfulPaint": 1310.026,
  "speedIndex": 1636.6061893975977,
  "largestContentfulPaint": 5848.037758804321,
  "totalBlockingTime": 572,
  "cumulativeLayoutShift": 0.9997547622256808,
  "timeToInteractive": 3379.037758804321,
  "maxPotentialFirstInputDelay": 353,
  "timeToFirstByte": 12.106000000000002,
  "weight": {
    "summary": "105 requests • 1,027 KiB",
    "total": 1051346,
    "image": 0,
    "imageCount": 0,
    "script": 178775,
    "scriptCount": 3,
    "document": 50593,
    "font": 143342,
    "fontCount": 4,
    "stylesheet": 13990,
    "stylesheetCount": 1,
    "thirdParty": 19114,
    "thirdPartyCount": 2
  },
  "run": {
    "number": 2,
    "total": 3
  },
  "axe": {
    "passes": 778,
    "violations": 38
  }
}