{
  "url": "https://gridsome.org/",
  "requestedUrl": "https://gridsome.org/",
  "timestamp": 1612779334430,
  "ranks": {
    "hundos": 8,
    "performance": 10,
    "accessibility": 6,
    "cumulative": 8
  },
  "lighthouse": {
    "version": "6.5.0",
    "performance": 0.7,
    "accessibility": 0.97,
    "bestPractices": 1,
    "seo": 0.92,
    "total": 359
  },
  "firstContentfulPaint": 1281.404,
  "speedIndex": 1538.1266387699407,
  "largestContentfulPaint": 5411.415758804322,
  "totalBlockingTime": 347.4882411956787,
  "cumulativeLayoutShift": 0.9610141908857558,
  "timeToInteractive": 3169.9157588043213,
  "maxPotentialFirstInputDelay": 285,
  "timeToFirstByte": 23.79400000000001,
  "weight": {
    "summary": "103 requests • 984 KiB",
    "total": 1007370,
    "image": 0,
    "imageCount": 0,
    "script": 178302,
    "scriptCount": 3,
    "document": 50586,
    "font": 143338,
    "fontCount": 4,
    "stylesheet": 13989,
    "stylesheetCount": 1,
    "thirdParty": 18951,
    "thirdPartyCount": 2
  },
  "run": {
    "number": 1,
    "total": 3
  },
  "axe": {
    "passes": 774,
    "violations": 38
  }
}