{
  "url": "https://gridsome.org/",
  "requestedUrl": "https://gridsome.org/",
  "timestamp": 1615198282954,
  "ranks": {
    "hundos": 8,
    "performance": 12,
    "accessibility": 6,
    "cumulative": 8
  },
  "lighthouse": {
    "version": "6.5.0",
    "performance": 0.54,
    "accessibility": 0.97,
    "bestPractices": 1,
    "seo": 0.92,
    "total": 343
  },
  "firstContentfulPaint": 1311.441,
  "speedIndex": 1546.6318207874378,
  "largestContentfulPaint": 6013.452758804321,
  "totalBlockingTime": 867,
  "cumulativeLayoutShift": 0.9997547622256808,
  "timeToInteractive": 3502.452758804321,
  "maxPotentialFirstInputDelay": 390,
  "timeToFirstByte": 18.787000000000006,
  "weight": {
    "summary": "105 requests • 1,028 KiB",
    "total": 1052280,
    "image": 0,
    "imageCount": 0,
    "script": 178819,
    "scriptCount": 3,
    "document": 50600,
    "font": 143372,
    "fontCount": 4,
    "stylesheet": 13989,
    "stylesheetCount": 1,
    "thirdParty": 19114,
    "thirdPartyCount": 2
  },
  "run": {
    "number": 1,
    "total": 3
  },
  "axe": {
    "passes": 778,
    "violations": 38
  }
}