{
  "url": "https://gridsome.org/",
  "requestedUrl": "https://gridsome.org/",
  "timestamp": 1614334532996,
  "ranks": {
    "hundos": 8,
    "performance": 11,
    "accessibility": 6,
    "cumulative": 8
  },
  "lighthouse": {
    "version": "6.5.0",
    "performance": 0.57,
    "accessibility": 0.97,
    "bestPractices": 1,
    "seo": 0.92,
    "total": 346
  },
  "firstContentfulPaint": 1260.0149999999999,
  "speedIndex": 1316.9591937698967,
  "largestContentfulPaint": 5873.026758804321,
  "totalBlockingTime": 729.9882411956787,
  "cumulativeLayoutShift": 0.9997547622256808,
  "timeToInteractive": 3594.026758804321,
  "maxPotentialFirstInputDelay": 550,
  "timeToFirstByte": 9.112000000000002,
  "weight": {
    "summary": "105 requests • 1,024 KiB",
    "total": 1048185,
    "image": 0,
    "imageCount": 0,
    "script": 178771,
    "scriptCount": 3,
    "document": 50601,
    "font": 143325,
    "fontCount": 4,
    "stylesheet": 13990,
    "stylesheetCount": 1,
    "thirdParty": 19114,
    "thirdPartyCount": 2
  },
  "run": {
    "number": 2,
    "total": 3
  },
  "axe": {
    "passes": 778,
    "violations": 38
  }
}