{
  "url": "https://gridsome.org/",
  "requestedUrl": "https://gridsome.org/",
  "timestamp": 1613643010102,
  "ranks": {
    "hundos": 9,
    "performance": 11,
    "accessibility": 6,
    "cumulative": 9
  },
  "lighthouse": {
    "version": "6.5.0",
    "performance": 0.67,
    "accessibility": 0.97,
    "bestPractices": 1,
    "seo": 0.92,
    "total": 356
  },
  "firstContentfulPaint": 1430.1480000000001,
  "speedIndex": 1701.1823055476493,
  "largestContentfulPaint": 5826.159758804321,
  "totalBlockingTime": 398.9882411956787,
  "cumulativeLayoutShift": 0.8933899523417155,
  "timeToInteractive": 3326.1597588043214,
  "maxPotentialFirstInputDelay": 237,
  "timeToFirstByte": 40.28200000000001,
  "weight": {
    "summary": "105 requests • 1,024 KiB",
    "total": 1048427,
    "image": 0,
    "imageCount": 0,
    "script": 178796,
    "scriptCount": 3,
    "document": 50600,
    "font": 143340,
    "fontCount": 4,
    "stylesheet": 13990,
    "stylesheetCount": 1,
    "thirdParty": 19114,
    "thirdPartyCount": 2
  },
  "run": {
    "number": 1,
    "total": 3
  },
  "axe": {
    "passes": 778,
    "violations": 38
  }
}