{
  "url": "https://gridsome.org/",
  "requestedUrl": "https://gridsome.org/",
  "timestamp": 1614420702281,
  "ranks": {
    "hundos": 8,
    "performance": 11,
    "accessibility": 6,
    "cumulative": 8
  },
  "lighthouse": {
    "version": "6.5.0",
    "performance": 0.65,
    "accessibility": 0.97,
    "bestPractices": 1,
    "seo": 0.92,
    "total": 354
  },
  "firstContentfulPaint": 1296.069,
  "speedIndex": 1473.9871613980206,
  "largestContentfulPaint": 5099.080758804321,
  "totalBlockingTime": 533.9882411956787,
  "cumulativeLayoutShift": 0.9547447104983859,
  "timeToInteractive": 3332.0807588043212,
  "maxPotentialFirstInputDelay": 409,
  "timeToFirstByte": 126.201,
  "weight": {
    "summary": "105 requests • 1,023 KiB",
    "total": 1047891,
    "image": 0,
    "imageCount": 0,
    "script": 178779,
    "scriptCount": 3,
    "document": 50591,
    "font": 143322,
    "fontCount": 4,
    "stylesheet": 13985,
    "stylesheetCount": 1,
    "thirdParty": 19114,
    "thirdPartyCount": 2
  },
  "run": {
    "number": 2,
    "total": 3
  },
  "axe": {
    "passes": 778,
    "violations": 38
  }
}