{
  "url": "https://gridsome.org/",
  "requestedUrl": "https://gridsome.org/",
  "timestamp": 1616578151279,
  "ranks": {
    "hundos": 9,
    "performance": 12,
    "accessibility": 6,
    "cumulative": 9
  },
  "lighthouse": {
    "version": "6.5.0",
    "performance": 0.67,
    "accessibility": 0.97,
    "bestPractices": 1,
    "seo": 0.92,
    "total": 356
  },
  "firstContentfulPaint": 1264.565,
  "speedIndex": 1373.8468558300892,
  "largestContentfulPaint": 5758.576758804322,
  "totalBlockingTime": 414,
  "cumulativeLayoutShift": 0.9547447104983859,
  "timeToInteractive": 3206.5767588043213,
  "maxPotentialFirstInputDelay": 369,
  "timeToFirstByte": 39.141000000000005,
  "weight": {
    "summary": "105 requests • 1,027 KiB",
    "total": 1051429,
    "image": 0,
    "imageCount": 0,
    "script": 178827,
    "scriptCount": 3,
    "document": 50588,
    "font": 143347,
    "fontCount": 4,
    "stylesheet": 13991,
    "stylesheetCount": 1,
    "thirdParty": 19114,
    "thirdPartyCount": 2
  },
  "run": {
    "number": 3,
    "total": 3
  },
  "axe": {
    "passes": 778,
    "violations": 38
  }
}