{
  "url": "https://gridsome.org/",
  "requestedUrl": "https://gridsome.org/",
  "timestamp": 1615285086760,
  "ranks": {
    "hundos": 7,
    "performance": 8,
    "accessibility": 6,
    "cumulative": 7
  },
  "lighthouse": {
    "version": "6.5.0",
    "performance": 0.74,
    "accessibility": 0.97,
    "bestPractices": 1,
    "seo": 0.92,
    "total": 363
  },
  "firstContentfulPaint": 1702.4470000000001,
  "speedIndex": 1819.6684823512246,
  "largestContentfulPaint": 4491.458758804321,
  "totalBlockingTime": 327,
  "cumulativeLayoutShift": 0.9874413962894015,
  "timeToInteractive": 3613.9587588043214,
  "maxPotentialFirstInputDelay": 202,
  "timeToFirstByte": 91.73499999999999,
  "weight": {
    "summary": "105 requests • 1,028 KiB",
    "total": 1052497,
    "image": 0,
    "imageCount": 0,
    "script": 178793,
    "scriptCount": 3,
    "document": 50599,
    "font": 143349,
    "fontCount": 4,
    "stylesheet": 14018,
    "stylesheetCount": 1,
    "thirdParty": 19114,
    "thirdPartyCount": 2
  },
  "run": {
    "number": 3,
    "total": 3
  },
  "axe": {
    "passes": 778,
    "violations": 38
  }
}