{
  "url": "https://gridsome.org/",
  "requestedUrl": "https://gridsome.org/",
  "timestamp": 1616062214492,
  "ranks": {
    "hundos": 7,
    "performance": 8,
    "accessibility": 6,
    "cumulative": 7
  },
  "lighthouse": {
    "version": "6.5.0",
    "performance": 0.67,
    "accessibility": 0.97,
    "bestPractices": 1,
    "seo": 0.92,
    "total": 356
  },
  "firstContentfulPaint": 1215.589,
  "speedIndex": 1443.2951890960617,
  "largestContentfulPaint": 5689.600758804321,
  "totalBlockingTime": 427.4882411956787,
  "cumulativeLayoutShift": 0.9874413962894015,
  "timeToInteractive": 3154.1007588043212,
  "maxPotentialFirstInputDelay": 289,
  "timeToFirstByte": 13.497999999999998,
  "weight": {
    "summary": "105 requests • 1,027 KiB",
    "total": 1052046,
    "image": 0,
    "imageCount": 0,
    "script": 178781,
    "scriptCount": 3,
    "document": 50594,
    "font": 143327,
    "fontCount": 4,
    "stylesheet": 13990,
    "stylesheetCount": 1,
    "thirdParty": 19114,
    "thirdPartyCount": 2
  },
  "run": {
    "number": 1,
    "total": 3
  },
  "axe": {
    "passes": 778,
    "violations": 38
  }
}