{
  "url": "https://docsify.js.org/",
  "requestedUrl": "https://docsify.js.org/",
  "timestamp": 1614679966779,
  "ranks": {
    "hundos": 9,
    "performance": 7,
    "accessibility": 11,
    "cumulative": 9
  },
  "lighthouse": {
    "version": "6.5.0",
    "performance": 0.74,
    "accessibility": 0.85,
    "bestPractices": 0.93,
    "seo": 0.92,
    "total": 344
  },
  "firstContentfulPaint": 2292.234,
  "speedIndex": 2292.234,
  "largestContentfulPaint": 4676.116,
  "totalBlockingTime": 219.50000000000045,
  "cumulativeLayoutShift": 0.4501343570285373,
  "timeToInteractive": 4958.039,
  "maxPotentialFirstInputDelay": 142,
  "timeToFirstByte": 20.499000000000002,
  "weight": {
    "summary": "65 requests • 335 KiB",
    "total": 343154,
    "image": 27550,
    "imageCount": 14,
    "script": 134109,
    "scriptCount": 14,
    "document": 2967,
    "font": 60422,
    "fontCount": 5,
    "stylesheet": 13111,
    "stylesheetCount": 5,
    "thirdParty": 253882,
    "thirdPartyCount": 41
  },
  "run": {
    "number": 3,
    "total": 3
  },
  "axe": {
    "passes": 383,
    "violations": 16
  }
}