{
  "url": "https://docsify.js.org/",
  "requestedUrl": "https://docsify.js.org/",
  "timestamp": 1614852836275,
  "ranks": {
    "hundos": 10,
    "performance": 9,
    "accessibility": 11,
    "cumulative": 10
  },
  "lighthouse": {
    "version": "6.5.0",
    "performance": 0.74,
    "accessibility": 0.85,
    "bestPractices": 0.93,
    "seo": 0.92,
    "total": 344
  },
  "firstContentfulPaint": 2300.9129999999996,
  "speedIndex": 2300.9129999999996,
  "largestContentfulPaint": 4646.6314999999995,
  "totalBlockingTime": 215.5,
  "cumulativeLayoutShift": 0.4501343570285373,
  "timeToInteractive": 4746.793,
  "maxPotentialFirstInputDelay": 137,
  "timeToFirstByte": 23.413999999999998,
  "weight": {
    "summary": "62 requests • 346 KiB",
    "total": 353898,
    "image": 38857,
    "imageCount": 12,
    "script": 133853,
    "scriptCount": 14,
    "document": 2956,
    "font": 60421,
    "fontCount": 5,
    "stylesheet": 13109,
    "stylesheetCount": 5,
    "thirdParty": 264751,
    "thirdPartyCount": 38
  },
  "run": {
    "number": 3,
    "total": 3
  },
  "axe": {
    "passes": 383,
    "violations": 16
  }
}