{
  "url": "https://docsify.js.org/",
  "requestedUrl": "https://docsify.js.org/",
  "timestamp": 1616836637248,
  "ranks": {
    "hundos": 11,
    "performance": 9,
    "accessibility": 11,
    "cumulative": 11
  },
  "lighthouse": {
    "version": "6.5.0",
    "performance": 0.74,
    "accessibility": 0.85,
    "bestPractices": 0.93,
    "seo": 0.92,
    "total": 344
  },
  "firstContentfulPaint": 2289.4130000000005,
  "speedIndex": 2289.4130000000005,
  "largestContentfulPaint": 4754.577,
  "totalBlockingTime": 173.00000000000045,
  "cumulativeLayoutShift": 0.4501343570285373,
  "timeToInteractive": 4737.7785,
  "maxPotentialFirstInputDelay": 99,
  "timeToFirstByte": 31.031999999999996,
  "weight": {
    "summary": "63 requests • 346 KiB",
    "total": 354044,
    "image": 38035,
    "imageCount": 13,
    "script": 134026,
    "scriptCount": 14,
    "document": 2983,
    "font": 60422,
    "fontCount": 5,
    "stylesheet": 13093,
    "stylesheetCount": 5,
    "thirdParty": 265752,
    "thirdPartyCount": 40
  },
  "run": {
    "number": 3,
    "total": 3
  },
  "axe": {
    "passes": 383,
    "violations": 16
  }
}