{
  "url": "https://docsify.js.org/",
  "requestedUrl": "https://docsify.js.org/",
  "timestamp": 1615630314132,
  "ranks": {
    "hundos": 11,
    "performance": 9,
    "accessibility": 11,
    "cumulative": 11
  },
  "lighthouse": {
    "version": "6.5.0",
    "performance": 0.76,
    "accessibility": 0.85,
    "bestPractices": 0.93,
    "seo": 0.92,
    "total": 346
  },
  "firstContentfulPaint": 2292.566,
  "speedIndex": 2292.566,
  "largestContentfulPaint": 4480.2055,
  "totalBlockingTime": 111.49999999999955,
  "cumulativeLayoutShift": 0.4501343570285373,
  "timeToInteractive": 4634.373,
  "maxPotentialFirstInputDelay": 86.99999999999909,
  "timeToFirstByte": 16.307,
  "weight": {
    "summary": "62 requests • 345 KiB",
    "total": 353088,
    "image": 37480,
    "imageCount": 12,
    "script": 133850,
    "scriptCount": 14,
    "document": 2957,
    "font": 60421,
    "fontCount": 5,
    "stylesheet": 13144,
    "stylesheetCount": 5,
    "thirdParty": 264858,
    "thirdPartyCount": 39
  },
  "run": {
    "number": 2,
    "total": 3
  },
  "axe": {
    "passes": 367,
    "violations": 15
  }
}