{
  "url": "https://docsify.js.org/",
  "requestedUrl": "https://docsify.js.org/",
  "timestamp": 1617178637868,
  "ranks": {
    "hundos": 10,
    "performance": 10,
    "accessibility": 11,
    "cumulative": 10
  },
  "lighthouse": {
    "version": "6.5.0",
    "performance": 0.74,
    "accessibility": 0.85,
    "bestPractices": 0.93,
    "seo": 0.92,
    "total": 344
  },
  "firstContentfulPaint": 2338.488,
  "speedIndex": 2444.1456352274818,
  "largestContentfulPaint": 4576.4349999999995,
  "totalBlockingTime": 242.5,
  "cumulativeLayoutShift": 0.4487843899197049,
  "timeToInteractive": 4862.5284999999985,
  "maxPotentialFirstInputDelay": 115,
  "timeToFirstByte": 66.751,
  "weight": {
    "summary": "61 requests • 340 KiB",
    "total": 348247,
    "image": 31742,
    "imageCount": 11,
    "script": 134078,
    "scriptCount": 14,
    "document": 2962,
    "font": 60422,
    "fontCount": 5,
    "stylesheet": 13479,
    "stylesheetCount": 5,
    "thirdParty": 259898,
    "thirdPartyCount": 38
  },
  "run": {
    "number": 1,
    "total": 3
  },
  "axe": {
    "passes": 383,
    "violations": 16
  }
}