{
  "url": "https://docsify.js.org/",
  "requestedUrl": "https://docsify.js.org/",
  "timestamp": 1615544025538,
  "ranks": {
    "hundos": 11,
    "performance": 10,
    "accessibility": 11,
    "cumulative": 11
  },
  "lighthouse": {
    "version": "6.5.0",
    "performance": 0.74,
    "accessibility": 0.85,
    "bestPractices": 0.93,
    "seo": 0.92,
    "total": 344
  },
  "firstContentfulPaint": 2277.065,
  "speedIndex": 2277.065,
  "largestContentfulPaint": 4934.4394999999995,
  "totalBlockingTime": 102,
  "cumulativeLayoutShift": 0.4501343570285373,
  "timeToInteractive": 4662.704,
  "maxPotentialFirstInputDelay": 90,
  "timeToFirstByte": 24.734999999999996,
  "weight": {
    "summary": "63 requests • 341 KiB",
    "total": 349349,
    "image": 33555,
    "imageCount": 13,
    "script": 133702,
    "scriptCount": 14,
    "document": 2961,
    "font": 60422,
    "fontCount": 5,
    "stylesheet": 13470,
    "stylesheetCount": 5,
    "thirdParty": 261088,
    "thirdPartyCount": 40
  },
  "run": {
    "number": 3,
    "total": 3
  },
  "axe": {
    "passes": 383,
    "violations": 16
  }
}