{
  "url": "https://docsify.js.org/",
  "requestedUrl": "https://docsify.js.org/",
  "timestamp": 1613038333604,
  "ranks": {
    "hundos": 11,
    "performance": 7,
    "accessibility": 11,
    "cumulative": 11
  },
  "lighthouse": {
    "version": "6.5.0",
    "performance": 0.77,
    "accessibility": 0.85,
    "bestPractices": 0.93,
    "seo": 0.92,
    "total": 347
  },
  "firstContentfulPaint": 2310.6749999999997,
  "speedIndex": 2310.6749999999997,
  "largestContentfulPaint": 4171.3595000000005,
  "totalBlockingTime": 239,
  "cumulativeLayoutShift": 0.4501343570285373,
  "timeToInteractive": 4676.5869999999995,
  "maxPotentialFirstInputDelay": 122,
  "timeToFirstByte": 38.453,
  "weight": {
    "summary": "60 requests • 331 KiB",
    "total": 338615,
    "image": 24105,
    "imageCount": 11,
    "script": 133042,
    "scriptCount": 13,
    "document": 2996,
    "font": 60421,
    "fontCount": 5,
    "stylesheet": 13454,
    "stylesheetCount": 5,
    "thirdParty": 249521,
    "thirdPartyCount": 36
  },
  "run": {
    "number": 2,
    "total": 3
  },
  "axe": {
    "passes": 380,
    "violations": 18
  }
}