{
  "url": "https://docsify.js.org/",
  "requestedUrl": "https://docsify.js.org/",
  "timestamp": 1614420723908,
  "ranks": {
    "hundos": 10,
    "performance": 8,
    "accessibility": 11,
    "cumulative": 10
  },
  "lighthouse": {
    "version": "6.5.0",
    "performance": 0.75,
    "accessibility": 0.85,
    "bestPractices": 0.93,
    "seo": 0.92,
    "total": 345
  },
  "firstContentfulPaint": 2286.611,
  "speedIndex": 2286.611,
  "largestContentfulPaint": 4708.027499999998,
  "totalBlockingTime": 111.5,
  "cumulativeLayoutShift": 0.4501343570285373,
  "timeToInteractive": 4640.401,
  "maxPotentialFirstInputDelay": 87,
  "timeToFirstByte": 12.389000000000001,
  "weight": {
    "summary": "62 requests • 342 KiB",
    "total": 349849,
    "image": 34685,
    "imageCount": 12,
    "script": 133901,
    "scriptCount": 14,
    "document": 2952,
    "font": 60422,
    "fontCount": 5,
    "stylesheet": 13110,
    "stylesheetCount": 5,
    "thirdParty": 260727,
    "thirdPartyCount": 38
  },
  "run": {
    "number": 2,
    "total": 3
  },
  "axe": {
    "passes": 383,
    "violations": 16
  }
}