{
  "url": "https://docsify.js.org/",
  "requestedUrl": "https://docsify.js.org/",
  "timestamp": 1612439571450,
  "ranks": {
    "hundos": 9,
    "performance": 8,
    "accessibility": 11,
    "cumulative": 9
  },
  "lighthouse": {
    "version": "6.5.0",
    "performance": 0.78,
    "accessibility": 0.85,
    "bestPractices": 0.93,
    "seo": 0.92,
    "total": 348
  },
  "firstContentfulPaint": 2293.955,
  "speedIndex": 2293.955,
  "largestContentfulPaint": 3955.342,
  "totalBlockingTime": 260.5,
  "cumulativeLayoutShift": 0.4501343570285373,
  "timeToInteractive": 4274.692999999999,
  "maxPotentialFirstInputDelay": 110,
  "timeToFirstByte": 24.906,
  "weight": {
    "summary": "61 requests • 292 KiB",
    "total": 298966,
    "image": 34516,
    "imageCount": 12,
    "script": 105643,
    "scriptCount": 14,
    "document": 2361,
    "font": 52570,
    "fontCount": 4,
    "stylesheet": 13089,
    "stylesheetCount": 5,
    "thirdParty": 223582,
    "thirdPartyCount": 38
  },
  "run": {
    "number": 1,
    "total": 3
  },
  "axe": {
    "passes": 398,
    "violations": 19
  }
}