{
  "url": "https://docsify.js.org/",
  "requestedUrl": "https://docsify.js.org/",
  "timestamp": 1612523366293,
  "ranks": {
    "hundos": 10,
    "performance": 7,
    "accessibility": 11,
    "cumulative": 10
  },
  "lighthouse": {
    "version": "6.5.0",
    "performance": 0.82,
    "accessibility": 0.85,
    "bestPractices": 0.93,
    "seo": 0.92,
    "total": 352
  },
  "firstContentfulPaint": 2298.877,
  "speedIndex": 2298.877,
  "largestContentfulPaint": 3962.718,
  "totalBlockingTime": 234,
  "cumulativeLayoutShift": 0.04947914462619357,
  "timeToInteractive": 4648.910999999999,
  "maxPotentialFirstInputDelay": 144,
  "timeToFirstByte": 83.485,
  "weight": {
    "summary": "61 requests • 303 KiB",
    "total": 310519,
    "image": 45842,
    "imageCount": 12,
    "script": 105697,
    "scriptCount": 14,
    "document": 2340,
    "font": 52570,
    "fontCount": 4,
    "stylesheet": 13361,
    "stylesheetCount": 5,
    "thirdParty": 235053,
    "thirdPartyCount": 38
  },
  "run": {
    "number": 1,
    "total": 3
  },
  "axe": {
    "passes": 398,
    "violations": 19
  }
}