{
  "url": "https://docsify.js.org/",
  "requestedUrl": "https://docsify.js.org/",
  "timestamp": 1613988748355,
  "ranks": {
    "hundos": 11,
    "performance": 7,
    "accessibility": 11,
    "cumulative": 11
  },
  "lighthouse": {
    "version": "6.5.0",
    "performance": 0.76,
    "accessibility": 0.85,
    "bestPractices": 0.93,
    "seo": 0.92,
    "total": 346
  },
  "firstContentfulPaint": 2312.437,
  "speedIndex": 2312.437,
  "largestContentfulPaint": 3967.184,
  "totalBlockingTime": 289,
  "cumulativeLayoutShift": 0.4501343570285373,
  "timeToInteractive": 4998.323,
  "maxPotentialFirstInputDelay": 156,
  "timeToFirstByte": 23.836,
  "weight": {
    "summary": "65 requests • 363 KiB",
    "total": 372136,
    "image": 56717,
    "imageCount": 14,
    "script": 134123,
    "scriptCount": 14,
    "document": 2970,
    "font": 60422,
    "fontCount": 5,
    "stylesheet": 13112,
    "stylesheetCount": 5,
    "thirdParty": 283066,
    "thirdPartyCount": 41
  },
  "run": {
    "number": 3,
    "total": 3
  },
  "axe": {
    "passes": 383,
    "violations": 16
  }
}