{
  "url": "https://docsify.js.org/",
  "requestedUrl": "https://docsify.js.org/",
  "timestamp": 1616235085478,
  "ranks": {
    "hundos": 11,
    "performance": 10,
    "accessibility": 11,
    "cumulative": 11
  },
  "lighthouse": {
    "version": "6.5.0",
    "performance": 0.7,
    "accessibility": 0.85,
    "bestPractices": 0.93,
    "seo": 0.92,
    "total": 340
  },
  "firstContentfulPaint": 2360.718,
  "speedIndex": 2360.718,
  "largestContentfulPaint": 4755.557999999999,
  "totalBlockingTime": 312,
  "cumulativeLayoutShift": 0.4487843899197049,
  "timeToInteractive": 5100.633499999999,
  "maxPotentialFirstInputDelay": 149,
  "timeToFirstByte": 43.74799999999999,
  "weight": {
    "summary": "60 requests • 331 KiB",
    "total": 338820,
    "image": 23633,
    "imageCount": 10,
    "script": 132953,
    "scriptCount": 14,
    "document": 2955,
    "font": 60422,
    "fontCount": 5,
    "stylesheet": 13082,
    "stylesheetCount": 5,
    "thirdParty": 250209,
    "thirdPartyCount": 37
  },
  "run": {
    "number": 1,
    "total": 3
  },
  "axe": {
    "passes": 383,
    "violations": 16
  }
}