{
  "url": "https://docsify.js.org/",
  "requestedUrl": "https://docsify.js.org/",
  "timestamp": 1616148878545,
  "ranks": {
    "hundos": 11,
    "performance": 9,
    "accessibility": 11,
    "cumulative": 11
  },
  "lighthouse": {
    "version": "6.5.0",
    "performance": 0.74,
    "accessibility": 0.85,
    "bestPractices": 0.93,
    "seo": 0.92,
    "total": 344
  },
  "firstContentfulPaint": 2365.309,
  "speedIndex": 2365.309,
  "largestContentfulPaint": 4672.777000000002,
  "totalBlockingTime": 202.00000000000045,
  "cumulativeLayoutShift": 0.4501343570285373,
  "timeToInteractive": 4797.957,
  "maxPotentialFirstInputDelay": 100,
  "timeToFirstByte": 47.95299999999999,
  "weight": {
    "summary": "61 requests • 342 KiB",
    "total": 350484,
    "image": 34316,
    "imageCount": 11,
    "script": 133598,
    "scriptCount": 14,
    "document": 3002,
    "font": 60421,
    "fontCount": 5,
    "stylesheet": 13414,
    "stylesheetCount": 5,
    "thirdParty": 261792,
    "thirdPartyCount": 38
  },
  "run": {
    "number": 3,
    "total": 3
  },
  "axe": {
    "passes": 383,
    "violations": 16
  }
}