{
  "url": "https://docsify.js.org/",
  "requestedUrl": "https://docsify.js.org/",
  "timestamp": 1617092325613,
  "ranks": {
    "hundos": 10,
    "performance": 8,
    "accessibility": 11,
    "cumulative": 10
  },
  "lighthouse": {
    "version": "6.5.0",
    "performance": 0.79,
    "accessibility": 0.85,
    "bestPractices": 0.93,
    "seo": 0.92,
    "total": 349
  },
  "firstContentfulPaint": 2360.624,
  "speedIndex": 2360.624,
  "largestContentfulPaint": 4030.3284999999996,
  "totalBlockingTime": 93,
  "cumulativeLayoutShift": 0.44942255147298177,
  "timeToInteractive": 4765.896,
  "maxPotentialFirstInputDelay": 99,
  "timeToFirstByte": 68.513,
  "weight": {
    "summary": "62 requests • 364 KiB",
    "total": 372771,
    "image": 56364,
    "imageCount": 12,
    "script": 133960,
    "scriptCount": 14,
    "document": 2957,
    "font": 60421,
    "fontCount": 5,
    "stylesheet": 13455,
    "stylesheetCount": 5,
    "thirdParty": 284417,
    "thirdPartyCount": 39
  },
  "run": {
    "number": 2,
    "total": 3
  },
  "axe": {
    "passes": 383,
    "violations": 16
  }
}