{
  "url": "https://docsify.js.org/",
  "requestedUrl": "https://docsify.js.org/",
  "timestamp": 1615198307832,
  "ranks": {
    "hundos": 9,
    "performance": 8,
    "accessibility": 11,
    "cumulative": 9
  },
  "lighthouse": {
    "version": "6.5.0",
    "performance": 0.72,
    "accessibility": 0.85,
    "bestPractices": 0.93,
    "seo": 0.92,
    "total": 342
  },
  "firstContentfulPaint": 2301.474,
  "speedIndex": 2301.474,
  "largestContentfulPaint": 4688.911,
  "totalBlockingTime": 276.0000000000009,
  "cumulativeLayoutShift": 0.4501343570285373,
  "timeToInteractive": 4920.362500000001,
  "maxPotentialFirstInputDelay": 145,
  "timeToFirstByte": 17.235,
  "weight": {
    "summary": "62 requests • 335 KiB",
    "total": 342647,
    "image": 26984,
    "imageCount": 12,
    "script": 133800,
    "scriptCount": 14,
    "document": 2956,
    "font": 60423,
    "fontCount": 5,
    "stylesheet": 13155,
    "stylesheetCount": 5,
    "thirdParty": 254329,
    "thirdPartyCount": 39
  },
  "run": {
    "number": 1,
    "total": 3
  },
  "axe": {
    "passes": 383,
    "violations": 16
  }
}