{
  "url": "https://docsify.js.org/",
  "requestedUrl": "https://docsify.js.org/",
  "timestamp": 1613297424978,
  "ranks": {
    "hundos": 10,
    "performance": 7,
    "accessibility": 11,
    "cumulative": 10
  },
  "lighthouse": {
    "version": "6.5.0",
    "performance": 0.74,
    "accessibility": 0.85,
    "bestPractices": 0.93,
    "seo": 0.92,
    "total": 344
  },
  "firstContentfulPaint": 2298.763,
  "speedIndex": 2298.763,
  "largestContentfulPaint": 4555.803,
  "totalBlockingTime": 232.49999999999955,
  "cumulativeLayoutShift": 0.4501343570285373,
  "timeToInteractive": 4767.819499999999,
  "maxPotentialFirstInputDelay": 168,
  "timeToFirstByte": 18.774,
  "weight": {
    "summary": "61 requests • 341 KiB",
    "total": 349536,
    "image": 34711,
    "imageCount": 11,
    "script": 133680,
    "scriptCount": 14,
    "document": 2996,
    "font": 60420,
    "fontCount": 5,
    "stylesheet": 13139,
    "stylesheetCount": 5,
    "thirdParty": 260440,
    "thirdPartyCount": 37
  },
  "run": {
    "number": 1,
    "total": 3
  },
  "axe": {
    "passes": 383,
    "violations": 16
  }
}