{
  "url": "https://docsify.js.org/",
  "requestedUrl": "https://docsify.js.org/",
  "timestamp": 1615285106933,
  "ranks": {
    "hundos": 9,
    "performance": 9,
    "accessibility": 11,
    "cumulative": 9
  },
  "lighthouse": {
    "version": "6.5.0",
    "performance": 0.74,
    "accessibility": 0.85,
    "bestPractices": 0.93,
    "seo": 0.92,
    "total": 344
  },
  "firstContentfulPaint": 2286.306,
  "speedIndex": 2286.306,
  "largestContentfulPaint": 4755.6950000000015,
  "totalBlockingTime": 196.50000000000045,
  "cumulativeLayoutShift": 0.4501343570285373,
  "timeToInteractive": 4582.607,
  "maxPotentialFirstInputDelay": 151,
  "timeToFirstByte": 13.534999999999998,
  "weight": {
    "summary": "60 requests • 349 KiB",
    "total": 357496,
    "image": 65570,
    "imageCount": 10,
    "script": 110066,
    "scriptCount": 14,
    "document": 2961,
    "font": 60423,
    "fontCount": 5,
    "stylesheet": 13153,
    "stylesheetCount": 5,
    "thirdParty": 269263,
    "thirdPartyCount": 37
  },
  "run": {
    "number": 3,
    "total": 3
  },
  "axe": {
    "passes": 383,
    "violations": 16
  }
}