{
  "url": "https://docsify.js.org/",
  "requestedUrl": "https://docsify.js.org/",
  "timestamp": 1617610624330,
  "ranks": {
    "hundos": 11,
    "performance": 7,
    "accessibility": 11,
    "cumulative": 11
  },
  "lighthouse": {
    "version": "6.5.0",
    "performance": 0.76,
    "accessibility": 0.85,
    "bestPractices": 0.93,
    "seo": 0.92,
    "total": 346
  },
  "firstContentfulPaint": 2344.068,
  "speedIndex": 2344.068,
  "largestContentfulPaint": 3849.5740000000005,
  "totalBlockingTime": 307,
  "cumulativeLayoutShift": 0.4487843899197049,
  "timeToInteractive": 5046.5345,
  "maxPotentialFirstInputDelay": 130,
  "timeToFirstByte": 71.64800000000002,
  "weight": {
    "summary": "62 requests • 371 KiB",
    "total": 380354,
    "image": 63977,
    "imageCount": 12,
    "script": 133995,
    "scriptCount": 14,
    "document": 2962,
    "font": 60345,
    "fontCount": 5,
    "stylesheet": 13461,
    "stylesheetCount": 5,
    "thirdParty": 291950,
    "thirdPartyCount": 39
  },
  "run": {
    "number": 1,
    "total": 3
  },
  "axe": {
    "passes": 367,
    "violations": 15
  }
}