{
  "url": "https://docsify.js.org/",
  "requestedUrl": "https://docsify.js.org/",
  "timestamp": 1614248592108,
  "ranks": {
    "hundos": 10,
    "performance": 8,
    "accessibility": 11,
    "cumulative": 10
  },
  "lighthouse": {
    "version": "6.5.0",
    "performance": 0.75,
    "accessibility": 0.85,
    "bestPractices": 0.93,
    "seo": 0.92,
    "total": 345
  },
  "firstContentfulPaint": 2285.4700000000003,
  "speedIndex": 2285.4700000000003,
  "largestContentfulPaint": 4558.317000000001,
  "totalBlockingTime": 207,
  "cumulativeLayoutShift": 0.4501343570285373,
  "timeToInteractive": 4813.202499999999,
  "maxPotentialFirstInputDelay": 148,
  "timeToFirstByte": 39.010000000000005,
  "weight": {
    "summary": "66 requests • 337 KiB",
    "total": 345559,
    "image": 29795,
    "imageCount": 14,
    "script": 133892,
    "scriptCount": 14,
    "document": 2951,
    "font": 60422,
    "fontCount": 5,
    "stylesheet": 13266,
    "stylesheetCount": 5,
    "thirdParty": 256353,
    "thirdPartyCount": 42
  },
  "run": {
    "number": 2,
    "total": 3
  },
  "axe": {
    "passes": 383,
    "violations": 16
  }
}