{
  "url": "https://docsify.js.org/",
  "requestedUrl": "https://docsify.js.org/",
  "timestamp": 1612951997697,
  "ranks": {
    "hundos": 11,
    "performance": 10,
    "accessibility": 11,
    "cumulative": 11
  },
  "lighthouse": {
    "version": "6.5.0",
    "performance": 0.73,
    "accessibility": 0.85,
    "bestPractices": 0.93,
    "seo": 0.92,
    "total": 343
  },
  "firstContentfulPaint": 2287.384,
  "speedIndex": 2287.384,
  "largestContentfulPaint": 4782.2300000000005,
  "totalBlockingTime": 243.00000000000045,
  "cumulativeLayoutShift": 0.4501343570285373,
  "timeToInteractive": 4717.502,
  "maxPotentialFirstInputDelay": 112,
  "timeToFirstByte": 20.316000000000003,
  "weight": {
    "summary": "60 requests • 331 KiB",
    "total": 338713,
    "image": 23987,
    "imageCount": 11,
    "script": 133057,
    "scriptCount": 13,
    "document": 3047,
    "font": 60422,
    "fontCount": 5,
    "stylesheet": 13433,
    "stylesheetCount": 5,
    "thirdParty": 249557,
    "thirdPartyCount": 36
  },
  "run": {
    "number": 3,
    "total": 3
  },
  "axe": {
    "passes": 380,
    "violations": 18
  }
}