{
  "url": "https://docsify.js.org/",
  "requestedUrl": "https://docsify.js.org/",
  "timestamp": 1613729443931,
  "ranks": {
    "hundos": 11,
    "performance": 9,
    "accessibility": 11,
    "cumulative": 11
  },
  "lighthouse": {
    "version": "6.5.0",
    "performance": 0.72,
    "accessibility": 0.85,
    "bestPractices": 0.93,
    "seo": 0.92,
    "total": 342
  },
  "firstContentfulPaint": 2318.303,
  "speedIndex": 2318.303,
  "largestContentfulPaint": 4928.146000000001,
  "totalBlockingTime": 228,
  "cumulativeLayoutShift": 0.4501343570285373,
  "timeToInteractive": 4949.280500000001,
  "maxPotentialFirstInputDelay": 147,
  "timeToFirstByte": 52.708,
  "weight": {
    "summary": "66 requests • 338 KiB",
    "total": 346073,
    "image": 29910,
    "imageCount": 14,
    "script": 133729,
    "scriptCount": 14,
    "document": 2950,
    "font": 60423,
    "fontCount": 5,
    "stylesheet": 13456,
    "stylesheetCount": 5,
    "thirdParty": 256992,
    "thirdPartyCount": 42
  },
  "run": {
    "number": 1,
    "total": 3
  },
  "axe": {
    "passes": 383,
    "violations": 16
  }
}