{
  "url": "https://docsify.js.org/",
  "requestedUrl": "https://docsify.js.org/",
  "timestamp": 1615976018757,
  "ranks": {
    "hundos": 8,
    "performance": 6,
    "accessibility": 11,
    "cumulative": 8
  },
  "lighthouse": {
    "version": "6.5.0",
    "performance": 0.78,
    "accessibility": 0.85,
    "bestPractices": 0.93,
    "seo": 0.92,
    "total": 348
  },
  "firstContentfulPaint": 2287.7570000000005,
  "speedIndex": 2287.7570000000005,
  "largestContentfulPaint": 4246.0535,
  "totalBlockingTime": 127.49999999999955,
  "cumulativeLayoutShift": 0.4501343570285373,
  "timeToInteractive": 4779.477,
  "maxPotentialFirstInputDelay": 98.99999999999909,
  "timeToFirstByte": 21.217000000000002,
  "weight": {
    "summary": "64 requests • 337 KiB",
    "total": 345448,
    "image": 29237,
    "imageCount": 13,
    "script": 133805,
    "scriptCount": 14,
    "document": 2957,
    "font": 60423,
    "fontCount": 5,
    "stylesheet": 13473,
    "stylesheetCount": 5,
    "thirdParty": 257205,
    "thirdPartyCount": 41
  },
  "run": {
    "number": 3,
    "total": 3
  },
  "axe": {
    "passes": 383,
    "violations": 16
  }
}