{
  "url": "https://docsify.js.org/",
  "requestedUrl": "https://docsify.js.org/",
  "timestamp": 1613124729111,
  "ranks": {
    "hundos": 11,
    "performance": 9,
    "accessibility": 11,
    "cumulative": 11
  },
  "lighthouse": {
    "version": "6.5.0",
    "performance": 0.75,
    "accessibility": 0.85,
    "bestPractices": 0.93,
    "seo": 0.92,
    "total": 345
  },
  "firstContentfulPaint": 2290.161,
  "speedIndex": 2290.161,
  "largestContentfulPaint": 4732.661,
  "totalBlockingTime": 153.13400000000047,
  "cumulativeLayoutShift": 0.4501343570285373,
  "timeToInteractive": 4493.193,
  "maxPotentialFirstInputDelay": 104,
  "timeToFirstByte": 21.406,
  "weight": {
    "summary": "60 requests • 331 KiB",
    "total": 338536,
    "image": 24013,
    "imageCount": 11,
    "script": 133089,
    "scriptCount": 13,
    "document": 2990,
    "font": 60422,
    "fontCount": 5,
    "stylesheet": 13452,
    "stylesheetCount": 5,
    "thirdParty": 249603,
    "thirdPartyCount": 36
  },
  "run": {
    "number": 2,
    "total": 3
  },
  "axe": {
    "passes": 380,
    "violations": 18
  }
}