{
  "url": "https://docsify.js.org/",
  "requestedUrl": "https://docsify.js.org/",
  "timestamp": 1616922880204,
  "ranks": {
    "hundos": 11,
    "performance": 9,
    "accessibility": 11,
    "cumulative": 11
  },
  "lighthouse": {
    "version": "6.5.0",
    "performance": 0.73,
    "accessibility": 0.85,
    "bestPractices": 0.93,
    "seo": 0.92,
    "total": 343
  },
  "firstContentfulPaint": 2459.4849999999997,
  "speedIndex": 2928.1047780592507,
  "largestContentfulPaint": 4789.096,
  "totalBlockingTime": 150.5,
  "cumulativeLayoutShift": 0.4487843899197049,
  "timeToInteractive": 4874.574,
  "maxPotentialFirstInputDelay": 100,
  "timeToFirstByte": 321.92100000000005,
  "weight": {
    "summary": "62 requests • 342 KiB",
    "total": 350290,
    "image": 34171,
    "imageCount": 12,
    "script": 133915,
    "scriptCount": 14,
    "document": 3005,
    "font": 60422,
    "fontCount": 5,
    "stylesheet": 13124,
    "stylesheetCount": 5,
    "thirdParty": 261943,
    "thirdPartyCount": 39
  },
  "run": {
    "number": 1,
    "total": 3
  },
  "axe": {
    "passes": 383,
    "violations": 16
  }
}