{
  "url": "https://docsify.js.org/",
  "requestedUrl": "https://docsify.js.org/",
  "timestamp": 1615889481624,
  "ranks": {
    "hundos": 11,
    "performance": 8,
    "accessibility": 11,
    "cumulative": 11
  },
  "lighthouse": {
    "version": "6.5.0",
    "performance": 0.73,
    "accessibility": 0.85,
    "bestPractices": 0.93,
    "seo": 0.92,
    "total": 343
  },
  "firstContentfulPaint": 2295.0699999999997,
  "speedIndex": 2295.0699999999997,
  "largestContentfulPaint": 4781.597,
  "totalBlockingTime": 249,
  "cumulativeLayoutShift": 0.4501343570285373,
  "timeToInteractive": 4771.296,
  "maxPotentialFirstInputDelay": 146,
  "timeToFirstByte": 25.052,
  "weight": {
    "summary": "64 requests • 341 KiB",
    "total": 349589,
    "image": 33611,
    "imageCount": 14,
    "script": 133670,
    "scriptCount": 14,
    "document": 2958,
    "font": 60423,
    "fontCount": 5,
    "stylesheet": 13460,
    "stylesheetCount": 5,
    "thirdParty": 261281,
    "thirdPartyCount": 41
  },
  "run": {
    "number": 1,
    "total": 3
  },
  "axe": {
    "passes": 383,
    "violations": 16
  }
}