{
  "url": "https://docsify.js.org/",
  "requestedUrl": "https://docsify.js.org/",
  "timestamp": 1613902397282,
  "ranks": {
    "hundos": 11,
    "performance": 9,
    "accessibility": 11,
    "cumulative": 11
  },
  "lighthouse": {
    "version": "6.5.0",
    "performance": 0.73,
    "accessibility": 0.85,
    "bestPractices": 0.93,
    "seo": 0.92,
    "total": 343
  },
  "firstContentfulPaint": 3062.866,
  "speedIndex": 3062.866,
  "largestContentfulPaint": 4217.8355,
  "totalBlockingTime": 195.0000000000009,
  "cumulativeLayoutShift": 0.4487843899197049,
  "timeToInteractive": 5153.5995,
  "maxPotentialFirstInputDelay": 154,
  "timeToFirstByte": 28.319000000000003,
  "weight": {
    "summary": "66 requests • 338 KiB",
    "total": 345910,
    "image": 30063,
    "imageCount": 14,
    "script": 134082,
    "scriptCount": 14,
    "document": 2951,
    "font": 60420,
    "fontCount": 5,
    "stylesheet": 13112,
    "stylesheetCount": 5,
    "thirdParty": 256674,
    "thirdPartyCount": 42
  },
  "run": {
    "number": 3,
    "total": 3
  },
  "axe": {
    "passes": 383,
    "violations": 16
  }
}