{
  "url": "https://docsify.js.org/",
  "requestedUrl": "https://docsify.js.org/",
  "timestamp": 1615803162021,
  "ranks": {
    "hundos": 10,
    "performance": 9,
    "accessibility": 11,
    "cumulative": 10
  },
  "lighthouse": {
    "version": "6.5.0",
    "performance": 0.75,
    "accessibility": 0.85,
    "bestPractices": 0.93,
    "seo": 0.92,
    "total": 345
  },
  "firstContentfulPaint": 2280.69,
  "speedIndex": 2280.69,
  "largestContentfulPaint": 4627.468499999999,
  "totalBlockingTime": 169,
  "cumulativeLayoutShift": 0.4501343570285373,
  "timeToInteractive": 4724.9015,
  "maxPotentialFirstInputDelay": 116,
  "timeToFirstByte": 17.997,
  "weight": {
    "summary": "63 requests • 341 KiB",
    "total": 349407,
    "image": 33518,
    "imageCount": 13,
    "script": 133685,
    "scriptCount": 14,
    "document": 2958,
    "font": 60423,
    "fontCount": 5,
    "stylesheet": 13475,
    "stylesheetCount": 5,
    "thirdParty": 261160,
    "thirdPartyCount": 40
  },
  "run": {
    "number": 2,
    "total": 3
  },
  "axe": {
    "passes": 383,
    "violations": 16
  }
}