{
  "url": "https://docsify.js.org/",
  "requestedUrl": "https://docsify.js.org/",
  "timestamp": 1617265470900,
  "ranks": {
    "hundos": 11,
    "performance": 8,
    "accessibility": 11,
    "cumulative": 11
  },
  "lighthouse": {
    "version": "6.5.0",
    "performance": 0.76,
    "accessibility": 0.85,
    "bestPractices": 0.93,
    "seo": 0.92,
    "total": 346
  },
  "firstContentfulPaint": 2315.983,
  "speedIndex": 2315.983,
  "largestContentfulPaint": 4382.472,
  "totalBlockingTime": 126.99999999999818,
  "cumulativeLayoutShift": 0.44812917751736114,
  "timeToInteractive": 4875.538,
  "maxPotentialFirstInputDelay": 89.99999999999909,
  "timeToFirstByte": 34.17,
  "weight": {
    "summary": "61 requests • 331 KiB",
    "total": 339056,
    "image": 23640,
    "imageCount": 11,
    "script": 133384,
    "scriptCount": 14,
    "document": 3002,
    "font": 60420,
    "fontCount": 5,
    "stylesheet": 13114,
    "stylesheetCount": 5,
    "thirdParty": 250746,
    "thirdPartyCount": 38
  },
  "run": {
    "number": 2,
    "total": 3
  },
  "axe": {
    "passes": 383,
    "violations": 16
  }
}