{
  "url": "https://docsify.js.org/",
  "requestedUrl": "https://docsify.js.org/",
  "timestamp": 1615112050017,
  "ranks": {
    "hundos": 9,
    "performance": 8,
    "accessibility": 11,
    "cumulative": 9
  },
  "lighthouse": {
    "version": "6.5.0",
    "performance": 0.75,
    "accessibility": 0.85,
    "bestPractices": 0.93,
    "seo": 0.92,
    "total": 345
  },
  "firstContentfulPaint": 2290.05,
  "speedIndex": 2290.05,
  "largestContentfulPaint": 4572.707,
  "totalBlockingTime": 177.00000000000045,
  "cumulativeLayoutShift": 0.4487843899197049,
  "timeToInteractive": 4783.23,
  "maxPotentialFirstInputDelay": 112,
  "timeToFirstByte": 31.561999999999998,
  "weight": {
    "summary": "62 requests • 371 KiB",
    "total": 379661,
    "image": 64006,
    "imageCount": 12,
    "script": 133541,
    "scriptCount": 14,
    "document": 2954,
    "font": 60421,
    "fontCount": 5,
    "stylesheet": 13447,
    "stylesheetCount": 5,
    "thirdParty": 291420,
    "thirdPartyCount": 39
  },
  "run": {
    "number": 3,
    "total": 3
  },
  "axe": {
    "passes": 383,
    "violations": 16
  }
}