{
  "url": "https://docsify.js.org/",
  "requestedUrl": "https://docsify.js.org/",
  "timestamp": 1613556634418,
  "ranks": {
    "hundos": 10,
    "performance": 8,
    "accessibility": 11,
    "cumulative": 10
  },
  "lighthouse": {
    "version": "6.5.0",
    "performance": 0.74,
    "accessibility": 0.85,
    "bestPractices": 0.93,
    "seo": 0.92,
    "total": 344
  },
  "firstContentfulPaint": 2329.374,
  "speedIndex": 2329.374,
  "largestContentfulPaint": 4358.907,
  "totalBlockingTime": 289,
  "cumulativeLayoutShift": 0.44942255147298177,
  "timeToInteractive": 4745.909000000001,
  "maxPotentialFirstInputDelay": 172,
  "timeToFirstByte": 18.673,
  "weight": {
    "summary": "62 requests • 342 KiB",
    "total": 349844,
    "image": 34521,
    "imageCount": 12,
    "script": 133531,
    "scriptCount": 14,
    "document": 2966,
    "font": 60422,
    "fontCount": 5,
    "stylesheet": 13431,
    "stylesheetCount": 5,
    "thirdParty": 260601,
    "thirdPartyCount": 38
  },
  "run": {
    "number": 1,
    "total": 3
  },
  "axe": {
    "passes": 383,
    "violations": 16
  }
}