{
  "url": "https://docsify.js.org/",
  "requestedUrl": "https://docsify.js.org/",
  "timestamp": 1612865489513,
  "ranks": {
    "hundos": 11,
    "performance": 8,
    "accessibility": 11,
    "cumulative": 11
  },
  "lighthouse": {
    "version": "6.5.0",
    "performance": 0.77,
    "accessibility": 0.85,
    "bestPractices": 0.93,
    "seo": 0.92,
    "total": 347
  },
  "firstContentfulPaint": 2309.393,
  "speedIndex": 2309.393,
  "largestContentfulPaint": 4337.342500000001,
  "totalBlockingTime": 121.279,
  "cumulativeLayoutShift": 0.4501343570285373,
  "timeToInteractive": 4574.584,
  "maxPotentialFirstInputDelay": 96,
  "timeToFirstByte": 36.671,
  "weight": {
    "summary": "60 requests • 331 KiB",
    "total": 338691,
    "image": 24016,
    "imageCount": 11,
    "script": 133326,
    "scriptCount": 13,
    "document": 2994,
    "font": 60422,
    "fontCount": 5,
    "stylesheet": 13267,
    "stylesheetCount": 5,
    "thirdParty": 249630,
    "thirdPartyCount": 36
  },
  "run": {
    "number": 2,
    "total": 3
  },
  "axe": {
    "passes": 380,
    "violations": 18
  }
}