{
  "url": "https://docsify.js.org/",
  "requestedUrl": "https://docsify.js.org/",
  "timestamp": 1613384054392,
  "ranks": {
    "hundos": 11,
    "performance": 8,
    "accessibility": 11,
    "cumulative": 11
  },
  "lighthouse": {
    "version": "6.5.0",
    "performance": 0.73,
    "accessibility": 0.85,
    "bestPractices": 0.93,
    "seo": 0.92,
    "total": 343
  },
  "firstContentfulPaint": 2292.878,
  "speedIndex": 2292.878,
  "largestContentfulPaint": 4686.524,
  "totalBlockingTime": 261,
  "cumulativeLayoutShift": 0.4501343570285373,
  "timeToInteractive": 4952.669,
  "maxPotentialFirstInputDelay": 96,
  "timeToFirstByte": 40.294000000000004,
  "weight": {
    "summary": "63 requests • 350 KiB",
    "total": 357966,
    "image": 42695,
    "imageCount": 13,
    "script": 133485,
    "scriptCount": 14,
    "document": 2996,
    "font": 60423,
    "fontCount": 5,
    "stylesheet": 13450,
    "stylesheetCount": 5,
    "thirdParty": 268698,
    "thirdPartyCount": 39
  },
  "run": {
    "number": 3,
    "total": 3
  },
  "axe": {
    "passes": 383,
    "violations": 16
  }
}