{
  "url": "https://docsify.js.org/",
  "requestedUrl": "https://docsify.js.org/",
  "timestamp": 1613815839891,
  "ranks": {
    "hundos": 11,
    "performance": 9,
    "accessibility": 11,
    "cumulative": 11
  },
  "lighthouse": {
    "version": "6.5.0",
    "performance": 0.76,
    "accessibility": 0.85,
    "bestPractices": 0.93,
    "seo": 0.92,
    "total": 346
  },
  "firstContentfulPaint": 2318.3959999999997,
  "speedIndex": 2318.3959999999997,
  "largestContentfulPaint": 4327.532999999999,
  "totalBlockingTime": 185.5,
  "cumulativeLayoutShift": 0.4501343570285373,
  "timeToInteractive": 4706.393999999999,
  "maxPotentialFirstInputDelay": 124,
  "timeToFirstByte": 20.352999999999998,
  "weight": {
    "summary": "63 requests • 341 KiB",
    "total": 349000,
    "image": 33737,
    "imageCount": 13,
    "script": 133985,
    "scriptCount": 14,
    "document": 2951,
    "font": 60422,
    "fontCount": 5,
    "stylesheet": 13110,
    "stylesheetCount": 5,
    "thirdParty": 259893,
    "thirdPartyCount": 39
  },
  "run": {
    "number": 1,
    "total": 3
  },
  "axe": {
    "passes": 383,
    "violations": 16
  }
}