{
  "url": "https://docsify.js.org/",
  "requestedUrl": "https://docsify.js.org/",
  "timestamp": 1615716750891,
  "ranks": {
    "hundos": 10,
    "performance": 9,
    "accessibility": 11,
    "cumulative": 10
  },
  "lighthouse": {
    "version": "6.5.0",
    "performance": 0.73,
    "accessibility": 0.85,
    "bestPractices": 0.93,
    "seo": 0.92,
    "total": 343
  },
  "firstContentfulPaint": 2290.865,
  "speedIndex": 2290.865,
  "largestContentfulPaint": 4810.782000000001,
  "totalBlockingTime": 228.49999999999955,
  "cumulativeLayoutShift": 0.4501343570285373,
  "timeToInteractive": 4690.373,
  "maxPotentialFirstInputDelay": 131,
  "timeToFirstByte": 21.061,
  "weight": {
    "summary": "61 requests • 330 KiB",
    "total": 338419,
    "image": 23791,
    "imageCount": 11,
    "script": 132924,
    "scriptCount": 14,
    "document": 2961,
    "font": 60421,
    "fontCount": 5,
    "stylesheet": 13100,
    "stylesheetCount": 5,
    "thirdParty": 250168,
    "thirdPartyCount": 38
  },
  "run": {
    "number": 2,
    "total": 3
  },
  "axe": {
    "passes": 383,
    "violations": 16
  }
}