{
  "url": "https://docsify.js.org/",
  "requestedUrl": "https://docsify.js.org/",
  "timestamp": 1617006541218,
  "ranks": {
    "hundos": 10,
    "performance": 7,
    "accessibility": 11,
    "cumulative": 10
  },
  "lighthouse": {
    "version": "6.5.0",
    "performance": 0.73,
    "accessibility": 0.85,
    "bestPractices": 0.93,
    "seo": 0.92,
    "total": 343
  },
  "firstContentfulPaint": 2294.05,
  "speedIndex": 2294.05,
  "largestContentfulPaint": 4799.9395,
  "totalBlockingTime": 203,
  "cumulativeLayoutShift": 0.4501343570285373,
  "timeToInteractive": 4896.124500000002,
  "maxPotentialFirstInputDelay": 111,
  "timeToFirstByte": 18.912,
  "weight": {
    "summary": "60 requests • 320 KiB",
    "total": 327788,
    "image": 35811,
    "imageCount": 10,
    "script": 110127,
    "scriptCount": 14,
    "document": 2952,
    "font": 60422,
    "fontCount": 5,
    "stylesheet": 13090,
    "stylesheetCount": 5,
    "thirdParty": 239492,
    "thirdPartyCount": 37
  },
  "run": {
    "number": 2,
    "total": 3
  },
  "axe": {
    "passes": 383,
    "violations": 16
  }
}