{
  "url": "https://docsify.js.org/",
  "requestedUrl": "https://docsify.js.org/",
  "timestamp": 1612609908776,
  "ranks": {
    "hundos": 11,
    "performance": 9,
    "accessibility": 11,
    "cumulative": 11
  },
  "lighthouse": {
    "version": "6.5.0",
    "performance": 0.77,
    "accessibility": 0.85,
    "bestPractices": 0.93,
    "seo": 0.92,
    "total": 347
  },
  "firstContentfulPaint": 2295.069,
  "speedIndex": 2295.069,
  "largestContentfulPaint": 4251.021000000001,
  "totalBlockingTime": 224.45699999999988,
  "cumulativeLayoutShift": 0.44812917751736114,
  "timeToInteractive": 4245.838,
  "maxPotentialFirstInputDelay": 125,
  "timeToFirstByte": 18.753,
  "weight": {
    "summary": "61 requests • 288 KiB",
    "total": 294674,
    "image": 30354,
    "imageCount": 12,
    "script": 105678,
    "scriptCount": 14,
    "document": 2345,
    "font": 52571,
    "fontCount": 4,
    "stylesheet": 13175,
    "stylesheetCount": 5,
    "thirdParty": 219322,
    "thirdPartyCount": 38
  },
  "run": {
    "number": 3,
    "total": 3
  },
  "axe": {
    "passes": 398,
    "violations": 19
  }
}