{
  "url": "https://docsify.js.org/",
  "requestedUrl": "https://docsify.js.org/",
  "timestamp": 1612779557791,
  "ranks": {
    "hundos": 10,
    "performance": 8,
    "accessibility": 11,
    "cumulative": 10
  },
  "lighthouse": {
    "version": "6.5.0",
    "performance": 0.75,
    "accessibility": 0.85,
    "bestPractices": 0.93,
    "seo": 0.92,
    "total": 345
  },
  "firstContentfulPaint": 2278.613,
  "speedIndex": 2356.0577119635655,
  "largestContentfulPaint": 4556.536,
  "totalBlockingTime": 181.5,
  "cumulativeLayoutShift": 0.4501343570285373,
  "timeToInteractive": 4849.7294999999995,
  "maxPotentialFirstInputDelay": 99,
  "timeToFirstByte": 18.872,
  "weight": {
    "summary": "60 requests • 330 KiB",
    "total": 338424,
    "image": 24194,
    "imageCount": 11,
    "script": 132988,
    "scriptCount": 13,
    "document": 2993,
    "font": 60421,
    "fontCount": 5,
    "stylesheet": 13373,
    "stylesheetCount": 5,
    "thirdParty": 249294,
    "thirdPartyCount": 36
  },
  "run": {
    "number": 3,
    "total": 3
  },
  "axe": {
    "passes": 380,
    "violations": 18
  }
}