{
  "url": "https://docsify.js.org/",
  "requestedUrl": "https://docsify.js.org/",
  "timestamp": 1616321603200,
  "ranks": {
    "hundos": 10,
    "performance": 8,
    "accessibility": 11,
    "cumulative": 10
  },
  "lighthouse": {
    "version": "6.5.0",
    "performance": 0.75,
    "accessibility": 0.85,
    "bestPractices": 0.93,
    "seo": 0.92,
    "total": 345
  },
  "firstContentfulPaint": 2356.605,
  "speedIndex": 2572.261143659658,
  "largestContentfulPaint": 4359.0975,
  "totalBlockingTime": 214.99999999999955,
  "cumulativeLayoutShift": 0.4501343570285373,
  "timeToInteractive": 4820.531499999999,
  "maxPotentialFirstInputDelay": 123.99999999999909,
  "timeToFirstByte": 40.940999999999995,
  "weight": {
    "summary": "62 requests • 338 KiB",
    "total": 346456,
    "image": 30438,
    "imageCount": 12,
    "script": 133885,
    "scriptCount": 14,
    "document": 2960,
    "font": 60423,
    "fontCount": 5,
    "stylesheet": 13116,
    "stylesheetCount": 5,
    "thirdParty": 257900,
    "thirdPartyCount": 39
  },
  "run": {
    "number": 2,
    "total": 3
  },
  "axe": {
    "passes": 383,
    "violations": 16
  }
}