{
  "url": "https://docsify.js.org/",
  "requestedUrl": "https://docsify.js.org/",
  "timestamp": 1617524251530,
  "ranks": {
    "hundos": 11,
    "performance": 10,
    "accessibility": 11,
    "cumulative": 11
  },
  "lighthouse": {
    "version": "6.5.0",
    "performance": 0.73,
    "accessibility": 0.85,
    "bestPractices": 0.93,
    "seo": 0.92,
    "total": 343
  },
  "firstContentfulPaint": 2345.018,
  "speedIndex": 2345.018,
  "largestContentfulPaint": 4929.780999999999,
  "totalBlockingTime": 103.99999999999955,
  "cumulativeLayoutShift": 0.4501343570285373,
  "timeToInteractive": 4748.171,
  "maxPotentialFirstInputDelay": 109,
  "timeToFirstByte": 35.843,
  "weight": {
    "summary": "60 requests • 331 KiB",
    "total": 339161,
    "image": 23618,
    "imageCount": 10,
    "script": 133420,
    "scriptCount": 14,
    "document": 2962,
    "font": 60400,
    "fontCount": 5,
    "stylesheet": 13084,
    "stylesheetCount": 5,
    "thirdParty": 250697,
    "thirdPartyCount": 37
  },
  "run": {
    "number": 2,
    "total": 3
  },
  "axe": {
    "passes": 383,
    "violations": 16
  }
}