{
  "url": "https://docsify.js.org/",
  "requestedUrl": "https://docsify.js.org/",
  "timestamp": 1612696227466,
  "ranks": {
    "hundos": 9,
    "performance": 7,
    "accessibility": 11,
    "cumulative": 9
  },
  "lighthouse": {
    "version": "6.5.0",
    "performance": 0.77,
    "accessibility": 0.85,
    "bestPractices": 0.93,
    "seo": 0.92,
    "total": 347
  },
  "firstContentfulPaint": 2294.248,
  "speedIndex": 2294.248,
  "largestContentfulPaint": 4245.210999999999,
  "totalBlockingTime": 215,
  "cumulativeLayoutShift": 0.4494791446261936,
  "timeToInteractive": 4349.4865,
  "maxPotentialFirstInputDelay": 142,
  "timeToFirstByte": 15.100999999999999,
  "weight": {
    "summary": "62 requests • 296 KiB",
    "total": 302824,
    "image": 38185,
    "imageCount": 13,
    "script": 105789,
    "scriptCount": 14,
    "document": 2343,
    "font": 52572,
    "fontCount": 4,
    "stylesheet": 13177,
    "stylesheetCount": 5,
    "thirdParty": 227428,
    "thirdPartyCount": 39
  },
  "run": {
    "number": 2,
    "total": 3
  },
  "axe": {
    "passes": 398,
    "violations": 19
  }
}