{
  "url": "https://jekyllrb.com/",
  "requestedUrl": "https://jekyllrb.com/",
  "timestamp": 1613384058834,
  "ranks": {
    "hundos": 1,
    "performance": 2,
    "accessibility": 2,
    "cumulative": 2
  },
  "lighthouse": {
    "version": "6.5.0",
    "performance": 0.99,
    "accessibility": 1,
    "bestPractices": 1,
    "seo": 1,
    "total": 399
  },
  "firstContentfulPaint": 1052.473,
  "speedIndex": 1052.473,
  "largestContentfulPaint": 2133.9359999999997,
  "totalBlockingTime": 111,
  "cumulativeLayoutShift": 0,
  "timeToInteractive": 2283.9359999999997,
  "maxPotentialFirstInputDelay": 161,
  "timeToFirstByte": 2.298,
  "weight": {
    "summary": "10 requests • 196 KiB",
    "total": 200333,
    "image": 72637,
    "imageCount": 3,
    "script": 63607,
    "scriptCount": 2,
    "document": 3643,
    "font": 46383,
    "fontCount": 2,
    "stylesheet": 13999,
    "stylesheetCount": 1,
    "thirdParty": 63671,
    "thirdPartyCount": 3
  },
  "run": {
    "number": 3,
    "total": 3
  },
  "axe": {
    "passes": 242,
    "violations": 6
  }
}