{
  "url": "https://jekyllrb.com/",
  "requestedUrl": "https://jekyllrb.com/",
  "timestamp": 1613556826931,
  "ranks": {
    "hundos": 2,
    "performance": 3,
    "accessibility": 2,
    "cumulative": 2
  },
  "lighthouse": {
    "version": "6.5.0",
    "performance": 0.98,
    "accessibility": 1,
    "bestPractices": 1,
    "seo": 1,
    "total": 398
  },
  "firstContentfulPaint": 1051.478,
  "speedIndex": 1051.478,
  "largestContentfulPaint": 2280.835,
  "totalBlockingTime": 152,
  "cumulativeLayoutShift": 0,
  "timeToInteractive": 2280.835,
  "maxPotentialFirstInputDelay": 161,
  "timeToFirstByte": 7.2989999999999995,
  "weight": {
    "summary": "10 requests • 196 KiB",
    "total": 200502,
    "image": 72592,
    "imageCount": 3,
    "script": 63744,
    "scriptCount": 2,
    "document": 3624,
    "font": 46402,
    "fontCount": 2,
    "stylesheet": 14076,
    "stylesheetCount": 1,
    "thirdParty": 63808,
    "thirdPartyCount": 3
  },
  "run": {
    "number": 3,
    "total": 3
  },
  "axe": {
    "passes": 242,
    "violations": 6
  }
}