{
  "url": "https://jekyllrb.com/",
  "requestedUrl": "https://jekyllrb.com/",
  "timestamp": 1612696231668,
  "ranks": {
    "hundos": 2,
    "performance": 3,
    "accessibility": 2,
    "cumulative": 2
  },
  "lighthouse": {
    "version": "6.5.0",
    "performance": 0.98,
    "accessibility": 1,
    "bestPractices": 1,
    "seo": 1,
    "total": 398
  },
  "firstContentfulPaint": 1059.048,
  "speedIndex": 1059.048,
  "largestContentfulPaint": 2247.1440000000002,
  "totalBlockingTime": 99,
  "cumulativeLayoutShift": 0,
  "timeToInteractive": 2247.1440000000002,
  "maxPotentialFirstInputDelay": 124,
  "timeToFirstByte": 2.5299999999999994,
  "weight": {
    "summary": "10 requests • 196 KiB",
    "total": 200486,
    "image": 72514,
    "imageCount": 3,
    "script": 63754,
    "scriptCount": 2,
    "document": 3627,
    "font": 46444,
    "fontCount": 2,
    "stylesheet": 14083,
    "stylesheetCount": 1,
    "thirdParty": 63818,
    "thirdPartyCount": 3
  },
  "run": {
    "number": 2,
    "total": 3
  },
  "axe": {
    "passes": 242,
    "violations": 6
  }
}