{
  "url": "https://jekyllrb.com/",
  "requestedUrl": "https://jekyllrb.com/",
  "timestamp": 1614507025386,
  "ranks": {
    "hundos": 1,
    "performance": 2,
    "accessibility": 2,
    "cumulative": 2
  },
  "lighthouse": {
    "version": "6.5.0",
    "performance": 0.99,
    "accessibility": 1,
    "bestPractices": 1,
    "seo": 1,
    "total": 399
  },
  "firstContentfulPaint": 955.609,
  "speedIndex": 955.609,
  "largestContentfulPaint": 2047.0459999999998,
  "totalBlockingTime": 59.5,
  "cumulativeLayoutShift": 0,
  "timeToInteractive": 2197.046,
  "maxPotentialFirstInputDelay": 145,
  "timeToFirstByte": 5.950999999999993,
  "weight": {
    "summary": "10 requests • 196 KiB",
    "total": 200450,
    "image": 72563,
    "imageCount": 3,
    "script": 63744,
    "scriptCount": 2,
    "document": 3627,
    "font": 46383,
    "fontCount": 2,
    "stylesheet": 14069,
    "stylesheetCount": 1,
    "thirdParty": 63808,
    "thirdPartyCount": 3
  },
  "run": {
    "number": 1,
    "total": 3
  },
  "axe": {
    "passes": 242,
    "violations": 6
  }
}