{
  "url": "https://jekyllrb.com/",
  "requestedUrl": "https://jekyllrb.com/",
  "timestamp": 1612951908674,
  "ranks": {
    "hundos": 2,
    "performance": 3,
    "accessibility": 2,
    "cumulative": 2
  },
  "lighthouse": {
    "version": "6.5.0",
    "performance": 0.98,
    "accessibility": 1,
    "bestPractices": 1,
    "seo": 1,
    "total": 398
  },
  "firstContentfulPaint": 1055.922,
  "speedIndex": 1055.922,
  "largestContentfulPaint": 2286.2960000000003,
  "totalBlockingTime": 137,
  "cumulativeLayoutShift": 0,
  "timeToInteractive": 2286.2960000000003,
  "maxPotentialFirstInputDelay": 157,
  "timeToFirstByte": 2.7489999999999997,
  "weight": {
    "summary": "10 requests • 196 KiB",
    "total": 200371,
    "image": 72526,
    "imageCount": 3,
    "script": 63617,
    "scriptCount": 2,
    "document": 3627,
    "font": 46537,
    "fontCount": 2,
    "stylesheet": 14000,
    "stylesheetCount": 1,
    "thirdParty": 63681,
    "thirdPartyCount": 3
  },
  "run": {
    "number": 2,
    "total": 3
  },
  "axe": {
    "passes": 242,
    "violations": 6
  }
}