{
  "url": "https://jekyllrb.com/",
  "requestedUrl": "https://jekyllrb.com/",
  "timestamp": 1616408067460,
  "ranks": {
    "hundos": 2,
    "performance": 3,
    "accessibility": 2,
    "cumulative": 2
  },
  "lighthouse": {
    "version": "6.5.0",
    "performance": 0.98,
    "accessibility": 1,
    "bestPractices": 1,
    "seo": 1,
    "total": 398
  },
  "firstContentfulPaint": 1051.1570000000002,
  "speedIndex": 1051.1570000000002,
  "largestContentfulPaint": 2154.84,
  "totalBlockingTime": 156,
  "cumulativeLayoutShift": 0,
  "timeToInteractive": 2304.84,
  "maxPotentialFirstInputDelay": 174,
  "timeToFirstByte": 10.177000000000001,
  "weight": {
    "summary": "10 requests • 196 KiB",
    "total": 200540,
    "image": 72692,
    "imageCount": 3,
    "script": 63770,
    "scriptCount": 2,
    "document": 3627,
    "font": 46382,
    "fontCount": 2,
    "stylesheet": 14005,
    "stylesheetCount": 1,
    "thirdParty": 63834,
    "thirdPartyCount": 3
  },
  "run": {
    "number": 3,
    "total": 3
  },
  "axe": {
    "passes": 242,
    "violations": 6
  }
}