{
  "url": "https://jekyllrb.com/",
  "requestedUrl": "https://jekyllrb.com/",
  "timestamp": 1615285026165,
  "ranks": {
    "hundos": 2,
    "performance": 3,
    "accessibility": 2,
    "cumulative": 2
  },
  "lighthouse": {
    "version": "6.5.0",
    "performance": 0.98,
    "accessibility": 1,
    "bestPractices": 1,
    "seo": 1,
    "total": 398
  },
  "firstContentfulPaint": 1054.022,
  "speedIndex": 1054.022,
  "largestContentfulPaint": 2258.7369999999996,
  "totalBlockingTime": 154,
  "cumulativeLayoutShift": 0,
  "timeToInteractive": 2258.7369999999996,
  "maxPotentialFirstInputDelay": 139,
  "timeToFirstByte": 8.956,
  "weight": {
    "summary": "10 requests • 196 KiB",
    "total": 200481,
    "image": 72648,
    "imageCount": 3,
    "script": 63744,
    "scriptCount": 2,
    "document": 3626,
    "font": 46374,
    "fontCount": 2,
    "stylesheet": 14025,
    "stylesheetCount": 1,
    "thirdParty": 63808,
    "thirdPartyCount": 3
  },
  "run": {
    "number": 2,
    "total": 3
  },
  "axe": {
    "passes": 242,
    "violations": 6
  }
}