{
  "url": "https://jekyllrb.com/",
  "requestedUrl": "https://jekyllrb.com/",
  "timestamp": 1612779562034,
  "ranks": {
    "hundos": 2,
    "performance": 3,
    "accessibility": 2,
    "cumulative": 2
  },
  "lighthouse": {
    "version": "6.5.0",
    "performance": 0.98,
    "accessibility": 1,
    "bestPractices": 1,
    "seo": 1,
    "total": 398
  },
  "firstContentfulPaint": 1053.12,
  "speedIndex": 1053.12,
  "largestContentfulPaint": 2403.12,
  "totalBlockingTime": 97,
  "cumulativeLayoutShift": 0,
  "timeToInteractive": 2262.317,
  "maxPotentialFirstInputDelay": 144,
  "timeToFirstByte": 5.061,
  "weight": {
    "summary": "10 requests • 196 KiB",
    "total": 200394,
    "image": 72563,
    "imageCount": 3,
    "script": 63617,
    "scriptCount": 2,
    "document": 3626,
    "font": 46400,
    "fontCount": 2,
    "stylesheet": 14124,
    "stylesheetCount": 1,
    "thirdParty": 63681,
    "thirdPartyCount": 3
  },
  "run": {
    "number": 3,
    "total": 3
  },
  "axe": {
    "passes": 242,
    "violations": 6
  }
}