{
  "url": "https://jekyllrb.com/",
  "requestedUrl": "https://jekyllrb.com/",
  "timestamp": 1614161671782,
  "ranks": {
    "hundos": 2,
    "performance": 3,
    "accessibility": 2,
    "cumulative": 2
  },
  "lighthouse": {
    "version": "6.5.0",
    "performance": 0.98,
    "accessibility": 1,
    "bestPractices": 1,
    "seo": 1,
    "total": 398
  },
  "firstContentfulPaint": 1052.426,
  "speedIndex": 1052.426,
  "largestContentfulPaint": 2297.8259999999996,
  "totalBlockingTime": 119,
  "cumulativeLayoutShift": 0,
  "timeToInteractive": 2297.8259999999996,
  "maxPotentialFirstInputDelay": 138,
  "timeToFirstByte": 18.482999999999997,
  "weight": {
    "summary": "10 requests • 196 KiB",
    "total": 200412,
    "image": 72649,
    "imageCount": 3,
    "script": 63745,
    "scriptCount": 2,
    "document": 3625,
    "font": 46359,
    "fontCount": 2,
    "stylesheet": 13970,
    "stylesheetCount": 1,
    "thirdParty": 63809,
    "thirdPartyCount": 3
  },
  "run": {
    "number": 3,
    "total": 3
  },
  "axe": {
    "passes": 242,
    "violations": 6
  }
}