{
  "url": "https://jekyllrb.com/",
  "requestedUrl": "https://jekyllrb.com/",
  "timestamp": 1616922975368,
  "ranks": {
    "hundos": 1,
    "performance": 2,
    "accessibility": 2,
    "cumulative": 2
  },
  "lighthouse": {
    "version": "6.5.0",
    "performance": 0.99,
    "accessibility": 1,
    "bestPractices": 1,
    "seo": 1,
    "total": 399
  },
  "firstContentfulPaint": 1064.066,
  "speedIndex": 1064.066,
  "largestContentfulPaint": 2065.823,
  "totalBlockingTime": 130,
  "cumulativeLayoutShift": 0,
  "timeToInteractive": 2290.823,
  "maxPotentialFirstInputDelay": 163,
  "timeToFirstByte": 17.048000000000002,
  "weight": {
    "summary": "10 requests • 196 KiB",
    "total": 200471,
    "image": 72669,
    "imageCount": 3,
    "script": 63753,
    "scriptCount": 2,
    "document": 3625,
    "font": 46352,
    "fontCount": 2,
    "stylesheet": 14008,
    "stylesheetCount": 1,
    "thirdParty": 63817,
    "thirdPartyCount": 3
  },
  "run": {
    "number": 2,
    "total": 3
  },
  "axe": {
    "passes": 242,
    "violations": 6
  }
}