{
  "url": "https://jekyllrb.com/",
  "requestedUrl": "https://jekyllrb.com/",
  "timestamp": 1614334671020,
  "ranks": {
    "hundos": 2,
    "performance": 3,
    "accessibility": 2,
    "cumulative": 2
  },
  "lighthouse": {
    "version": "6.5.0",
    "performance": 0.98,
    "accessibility": 1,
    "bestPractices": 1,
    "seo": 1,
    "total": 398
  },
  "firstContentfulPaint": 1051.0729999999999,
  "speedIndex": 1051.0729999999999,
  "largestContentfulPaint": 2299.0809999999997,
  "totalBlockingTime": 165,
  "cumulativeLayoutShift": 0,
  "timeToInteractive": 2299.0809999999997,
  "maxPotentialFirstInputDelay": 166,
  "timeToFirstByte": 2.937999999999999,
  "weight": {
    "summary": "10 requests • 196 KiB",
    "total": 200500,
    "image": 72543,
    "imageCount": 3,
    "script": 63744,
    "scriptCount": 2,
    "document": 3641,
    "font": 46355,
    "fontCount": 2,
    "stylesheet": 14153,
    "stylesheetCount": 1,
    "thirdParty": 63808,
    "thirdPartyCount": 3
  },
  "run": {
    "number": 3,
    "total": 3
  },
  "axe": {
    "passes": 242,
    "violations": 6
  }
}