{
  "url": "https://jekyllrb.com/",
  "requestedUrl": "https://jekyllrb.com/",
  "timestamp": 1612523572455,
  "ranks": {
    "hundos": 1,
    "performance": 2,
    "accessibility": 2,
    "cumulative": 2
  },
  "lighthouse": {
    "version": "6.5.0",
    "performance": 0.99,
    "accessibility": 1,
    "bestPractices": 1,
    "seo": 1,
    "total": 399
  },
  "firstContentfulPaint": 1051.346,
  "speedIndex": 1051.346,
  "largestContentfulPaint": 2071.762,
  "totalBlockingTime": 158,
  "cumulativeLayoutShift": 0,
  "timeToInteractive": 2296.762,
  "maxPotentialFirstInputDelay": 181,
  "timeToFirstByte": 5.311,
  "weight": {
    "summary": "10 requests • 196 KiB",
    "total": 200337,
    "image": 72512,
    "imageCount": 3,
    "script": 63608,
    "scriptCount": 2,
    "document": 3624,
    "font": 46389,
    "fontCount": 2,
    "stylesheet": 14140,
    "stylesheetCount": 1,
    "thirdParty": 63672,
    "thirdPartyCount": 3
  },
  "run": {
    "number": 3,
    "total": 3
  },
  "axe": {
    "passes": 242,
    "violations": 6
  }
}