{
  "url": "https://jekyllrb.com/",
  "requestedUrl": "https://jekyllrb.com/",
  "timestamp": 1613988752860,
  "ranks": {
    "hundos": 2,
    "performance": 3,
    "accessibility": 2,
    "cumulative": 2
  },
  "lighthouse": {
    "version": "6.5.0",
    "performance": 0.98,
    "accessibility": 1,
    "bestPractices": 1,
    "seo": 1,
    "total": 398
  },
  "firstContentfulPaint": 1052.134,
  "speedIndex": 1052.134,
  "largestContentfulPaint": 2402.1340000000005,
  "totalBlockingTime": 147,
  "cumulativeLayoutShift": 0,
  "timeToInteractive": 2280.6310000000003,
  "maxPotentialFirstInputDelay": 160,
  "timeToFirstByte": 7.005000000000001,
  "weight": {
    "summary": "10 requests • 196 KiB",
    "total": 200472,
    "image": 72628,
    "imageCount": 3,
    "script": 63771,
    "scriptCount": 2,
    "document": 3627,
    "font": 46377,
    "fontCount": 2,
    "stylesheet": 14005,
    "stylesheetCount": 1,
    "thirdParty": 63835,
    "thirdPartyCount": 3
  },
  "run": {
    "number": 3,
    "total": 3
  },
  "axe": {
    "passes": 242,
    "violations": 6
  }
}