{
  "url": "https://jekyllrb.com/",
  "requestedUrl": "https://jekyllrb.com/",
  "timestamp": 1614075264150,
  "ranks": {
    "hundos": 1,
    "performance": 2,
    "accessibility": 2,
    "cumulative": 1
  },
  "lighthouse": {
    "version": "6.5.0",
    "performance": 0.98,
    "accessibility": 1,
    "bestPractices": 1,
    "seo": 1,
    "total": 398
  },
  "firstContentfulPaint": 1059.783,
  "speedIndex": 1059.783,
  "largestContentfulPaint": 2409.783,
  "totalBlockingTime": 90,
  "cumulativeLayoutShift": 0,
  "timeToInteractive": 2267.544,
  "maxPotentialFirstInputDelay": 140,
  "timeToFirstByte": 15.357,
  "weight": {
    "summary": "10 requests • 196 KiB",
    "total": 200507,
    "image": 72572,
    "imageCount": 3,
    "script": 63771,
    "scriptCount": 2,
    "document": 3624,
    "font": 46402,
    "fontCount": 2,
    "stylesheet": 14074,
    "stylesheetCount": 1,
    "thirdParty": 63835,
    "thirdPartyCount": 3
  },
  "run": {
    "number": 3,
    "total": 3
  },
  "axe": {
    "passes": 242,
    "violations": 6
  }
}