{
  "url": "https://jekyllrb.com/",
  "requestedUrl": "https://jekyllrb.com/",
  "timestamp": 1612865493523,
  "ranks": {
    "hundos": 2,
    "performance": 3,
    "accessibility": 2,
    "cumulative": 2
  },
  "lighthouse": {
    "version": "6.5.0",
    "performance": 0.98,
    "accessibility": 1,
    "bestPractices": 1,
    "seo": 1,
    "total": 398
  },
  "firstContentfulPaint": 1056.316,
  "speedIndex": 1056.316,
  "largestContentfulPaint": 2236.1530000000002,
  "totalBlockingTime": 86,
  "cumulativeLayoutShift": 0,
  "timeToInteractive": 2236.1530000000002,
  "maxPotentialFirstInputDelay": 117,
  "timeToFirstByte": 4.568,
  "weight": {
    "summary": "10 requests • 196 KiB",
    "total": 200321,
    "image": 72548,
    "imageCount": 3,
    "script": 63617,
    "scriptCount": 2,
    "document": 3627,
    "font": 46495,
    "fontCount": 2,
    "stylesheet": 13970,
    "stylesheetCount": 1,
    "thirdParty": 63681,
    "thirdPartyCount": 3
  },
  "run": {
    "number": 2,
    "total": 3
  },
  "axe": {
    "passes": 242,
    "violations": 6
  }
}