{
  "url": "https://jekyllrb.com/",
  "requestedUrl": "https://jekyllrb.com/",
  "timestamp": 1616235277660,
  "ranks": {
    "hundos": 1,
    "performance": 2,
    "accessibility": 2,
    "cumulative": 2
  },
  "lighthouse": {
    "version": "6.5.0",
    "performance": 0.99,
    "accessibility": 1,
    "bestPractices": 1,
    "seo": 1,
    "total": 399
  },
  "firstContentfulPaint": 1050.3600000000001,
  "speedIndex": 1050.3600000000001,
  "largestContentfulPaint": 2103.717,
  "totalBlockingTime": 87,
  "cumulativeLayoutShift": 0,
  "timeToInteractive": 2253.717,
  "maxPotentialFirstInputDelay": 137,
  "timeToFirstByte": 5.070999999999998,
  "weight": {
    "summary": "10 requests • 196 KiB",
    "total": 200506,
    "image": 72714,
    "imageCount": 3,
    "script": 63750,
    "scriptCount": 2,
    "document": 3626,
    "font": 46357,
    "fontCount": 2,
    "stylesheet": 13995,
    "stylesheetCount": 1,
    "thirdParty": 63814,
    "thirdPartyCount": 3
  },
  "run": {
    "number": 3,
    "total": 3
  },
  "axe": {
    "passes": 242,
    "violations": 6
  }
}