{
  "url": "https://jekyllrb.com/",
  "requestedUrl": "https://jekyllrb.com/",
  "timestamp": 1613470585565,
  "ranks": {
    "hundos": 1,
    "performance": 2,
    "accessibility": 2,
    "cumulative": 2
  },
  "lighthouse": {
    "version": "6.5.0",
    "performance": 0.99,
    "accessibility": 1,
    "bestPractices": 1,
    "seo": 1,
    "total": 399
  },
  "firstContentfulPaint": 1052.0700000000002,
  "speedIndex": 1052.0700000000002,
  "largestContentfulPaint": 2218.227,
  "totalBlockingTime": 55,
  "cumulativeLayoutShift": 0,
  "timeToInteractive": 2218.2270000000003,
  "maxPotentialFirstInputDelay": 101,
  "timeToFirstByte": 7.823,
  "weight": {
    "summary": "10 requests • 196 KiB",
    "total": 200267,
    "image": 72613,
    "imageCount": 3,
    "script": 63581,
    "scriptCount": 2,
    "document": 3626,
    "font": 46413,
    "fontCount": 2,
    "stylesheet": 13970,
    "stylesheetCount": 1,
    "thirdParty": 63645,
    "thirdPartyCount": 3
  },
  "run": {
    "number": 3,
    "total": 3
  },
  "axe": {
    "passes": 242,
    "violations": 6
  }
}