{
  "url": "https://jekyllrb.com/",
  "requestedUrl": "https://jekyllrb.com/",
  "timestamp": 1616836641353,
  "ranks": {
    "hundos": 1,
    "performance": 2,
    "accessibility": 2,
    "cumulative": 2
  },
  "lighthouse": {
    "version": "6.5.0",
    "performance": 0.99,
    "accessibility": 1,
    "bestPractices": 1,
    "seo": 1,
    "total": 399
  },
  "firstContentfulPaint": 1057.028,
  "speedIndex": 1057.028,
  "largestContentfulPaint": 2125.649,
  "totalBlockingTime": 100,
  "cumulativeLayoutShift": 0,
  "timeToInteractive": 2275.649,
  "maxPotentialFirstInputDelay": 150,
  "timeToFirstByte": 6.263999999999999,
  "weight": {
    "summary": "10 requests • 196 KiB",
    "total": 200494,
    "image": 72659,
    "imageCount": 3,
    "script": 63744,
    "scriptCount": 2,
    "document": 3624,
    "font": 46391,
    "fontCount": 2,
    "stylesheet": 14012,
    "stylesheetCount": 1,
    "thirdParty": 63808,
    "thirdPartyCount": 3
  },
  "run": {
    "number": 3,
    "total": 3
  },
  "axe": {
    "passes": 242,
    "violations": 6
  }
}