{
  "url": "https://jekyllrb.com/",
  "requestedUrl": "https://jekyllrb.com/",
  "timestamp": 1615630398535,
  "ranks": {
    "hundos": 1,
    "performance": 2,
    "accessibility": 2,
    "cumulative": 2
  },
  "lighthouse": {
    "version": "6.5.0",
    "performance": 0.99,
    "accessibility": 1,
    "bestPractices": 1,
    "seo": 1,
    "total": 399
  },
  "firstContentfulPaint": 1054.6190000000001,
  "speedIndex": 1054.6190000000001,
  "largestContentfulPaint": 2050.884,
  "totalBlockingTime": 117,
  "cumulativeLayoutShift": 0,
  "timeToInteractive": 2275.884,
  "maxPotentialFirstInputDelay": 160,
  "timeToFirstByte": 5.436999999999999,
  "weight": {
    "summary": "10 requests • 196 KiB",
    "total": 200449,
    "image": 72633,
    "imageCount": 3,
    "script": 63744,
    "scriptCount": 2,
    "document": 3624,
    "font": 46376,
    "fontCount": 2,
    "stylesheet": 14008,
    "stylesheetCount": 1,
    "thirdParty": 63808,
    "thirdPartyCount": 3
  },
  "run": {
    "number": 3,
    "total": 3
  },
  "axe": {
    "passes": 242,
    "violations": 6
  }
}