{
  "url": "https://jekyllrb.com/",
  "requestedUrl": "https://jekyllrb.com/",
  "timestamp": 1615025574502,
  "ranks": {
    "hundos": 1,
    "performance": 2,
    "accessibility": 2,
    "cumulative": 1
  },
  "lighthouse": {
    "version": "6.5.0",
    "performance": 0.99,
    "accessibility": 1,
    "bestPractices": 1,
    "seo": 1,
    "total": 399
  },
  "firstContentfulPaint": 1052.007,
  "speedIndex": 1052.007,
  "largestContentfulPaint": 2129.31,
  "totalBlockingTime": 102,
  "cumulativeLayoutShift": 0,
  "timeToInteractive": 2279.31,
  "maxPotentialFirstInputDelay": 152,
  "timeToFirstByte": 2.462999999999999,
  "weight": {
    "summary": "11 requests • 196 KiB",
    "total": 200497,
    "image": 72684,
    "imageCount": 4,
    "script": 63744,
    "scriptCount": 2,
    "document": 3626,
    "font": 46376,
    "fontCount": 2,
    "stylesheet": 14003,
    "stylesheetCount": 1,
    "thirdParty": 63871,
    "thirdPartyCount": 4
  },
  "run": {
    "number": 2,
    "total": 3
  },
  "axe": {
    "passes": 242,
    "violations": 6
  }
}