{
  "url": "https://jekyllrb.com/",
  "requestedUrl": "https://jekyllrb.com/",
  "timestamp": 1613124826053,
  "ranks": {
    "hundos": 1,
    "performance": 2,
    "accessibility": 2,
    "cumulative": 2
  },
  "lighthouse": {
    "version": "6.5.0",
    "performance": 0.99,
    "accessibility": 1,
    "bestPractices": 1,
    "seo": 1,
    "total": 399
  },
  "firstContentfulPaint": 1050.879,
  "speedIndex": 1050.879,
  "largestContentfulPaint": 2037.9559999999997,
  "totalBlockingTime": 109,
  "cumulativeLayoutShift": 0,
  "timeToInteractive": 2262.9559999999997,
  "maxPotentialFirstInputDelay": 145,
  "timeToFirstByte": 1.625,
  "weight": {
    "summary": "10 requests • 196 KiB",
    "total": 200324,
    "image": 72657,
    "imageCount": 3,
    "script": 63608,
    "scriptCount": 2,
    "document": 3626,
    "font": 46373,
    "fontCount": 2,
    "stylesheet": 13996,
    "stylesheetCount": 1,
    "thirdParty": 63672,
    "thirdPartyCount": 3
  },
  "run": {
    "number": 3,
    "total": 3
  },
  "axe": {
    "passes": 242,
    "violations": 6
  }
}