{
  "url": "https://jekyllrb.com/",
  "requestedUrl": "https://jekyllrb.com/",
  "timestamp": 1617006545616,
  "ranks": {
    "hundos": 2,
    "performance": 3,
    "accessibility": 2,
    "cumulative": 2
  },
  "lighthouse": {
    "version": "6.5.0",
    "performance": 0.98,
    "accessibility": 1,
    "bestPractices": 1,
    "seo": 1,
    "total": 398
  },
  "firstContentfulPaint": 1054.8029999999999,
  "speedIndex": 1054.8029999999999,
  "largestContentfulPaint": 2289.593,
  "totalBlockingTime": 185.99999999999977,
  "cumulativeLayoutShift": 0,
  "timeToInteractive": 2289.593,
  "maxPotentialFirstInputDelay": 167,
  "timeToFirstByte": 2.1470000000000002,
  "weight": {
    "summary": "10 requests • 196 KiB",
    "total": 200666,
    "image": 72798,
    "imageCount": 3,
    "script": 63771,
    "scriptCount": 2,
    "document": 3624,
    "font": 46408,
    "fontCount": 2,
    "stylesheet": 14001,
    "stylesheetCount": 1,
    "thirdParty": 63835,
    "thirdPartyCount": 3
  },
  "run": {
    "number": 2,
    "total": 3
  },
  "axe": {
    "passes": 242,
    "violations": 6
  }
}