{
  "url": "https://jekyllrb.com/",
  "requestedUrl": "https://jekyllrb.com/",
  "timestamp": 1614939174642,
  "ranks": {
    "hundos": 1,
    "performance": 2,
    "accessibility": 2,
    "cumulative": 2
  },
  "lighthouse": {
    "version": "6.5.0",
    "performance": 0.99,
    "accessibility": 1,
    "bestPractices": 1,
    "seo": 1,
    "total": 399
  },
  "firstContentfulPaint": 1052.98,
  "speedIndex": 1052.98,
  "largestContentfulPaint": 2112.724,
  "totalBlockingTime": 125,
  "cumulativeLayoutShift": 0,
  "timeToInteractive": 2262.724,
  "maxPotentialFirstInputDelay": 141,
  "timeToFirstByte": 8.904999999999998,
  "weight": {
    "summary": "10 requests • 196 KiB",
    "total": 200504,
    "image": 72672,
    "imageCount": 3,
    "script": 63772,
    "scriptCount": 2,
    "document": 3624,
    "font": 46379,
    "fontCount": 2,
    "stylesheet": 13993,
    "stylesheetCount": 1,
    "thirdParty": 63836,
    "thirdPartyCount": 3
  },
  "run": {
    "number": 2,
    "total": 3
  },
  "axe": {
    "passes": 242,
    "violations": 6
  }
}