{
  "url": "https://jekyllrb.com/",
  "requestedUrl": "https://jekyllrb.com/",
  "timestamp": 1616750534162,
  "ranks": {
    "hundos": 1,
    "performance": 2,
    "accessibility": 2,
    "cumulative": 1
  },
  "lighthouse": {
    "version": "6.5.0",
    "performance": 0.99,
    "accessibility": 1,
    "bestPractices": 1,
    "seo": 1,
    "total": 399
  },
  "firstContentfulPaint": 1052.565,
  "speedIndex": 1052.565,
  "largestContentfulPaint": 2120.722,
  "totalBlockingTime": 111,
  "cumulativeLayoutShift": 0,
  "timeToInteractive": 2270.722,
  "maxPotentialFirstInputDelay": 140,
  "timeToFirstByte": 5.612000000000002,
  "weight": {
    "summary": "10 requests • 196 KiB",
    "total": 200517,
    "image": 72599,
    "imageCount": 3,
    "script": 63771,
    "scriptCount": 2,
    "document": 3620,
    "font": 46388,
    "fontCount": 2,
    "stylesheet": 14075,
    "stylesheetCount": 1,
    "thirdParty": 63835,
    "thirdPartyCount": 3
  },
  "run": {
    "number": 3,
    "total": 3
  },
  "axe": {
    "passes": 242,
    "violations": 6
  }
}