{
  "url": "https://jekyllrb.com/",
  "requestedUrl": "https://jekyllrb.com/",
  "timestamp": 1617092414567,
  "ranks": {
    "hundos": 2,
    "performance": 3,
    "accessibility": 2,
    "cumulative": 2
  },
  "lighthouse": {
    "version": "6.5.0",
    "performance": 0.98,
    "accessibility": 1,
    "bestPractices": 1,
    "seo": 1,
    "total": 398
  },
  "firstContentfulPaint": 1051.795,
  "speedIndex": 1051.795,
  "largestContentfulPaint": 2401.795,
  "totalBlockingTime": 103,
  "cumulativeLayoutShift": 0,
  "timeToInteractive": 2282.259,
  "maxPotentialFirstInputDelay": 153,
  "timeToFirstByte": 7.018999999999998,
  "weight": {
    "summary": "10 requests • 196 KiB",
    "total": 201057,
    "image": 72566,
    "imageCount": 3,
    "script": 64255,
    "scriptCount": 2,
    "document": 3627,
    "font": 46403,
    "fontCount": 2,
    "stylesheet": 14142,
    "stylesheetCount": 1,
    "thirdParty": 64319,
    "thirdPartyCount": 3
  },
  "run": {
    "number": 3,
    "total": 3
  },
  "axe": {
    "passes": 242,
    "violations": 6
  }
}