{
  "url": "https://jekyllrb.com/",
  "requestedUrl": "https://jekyllrb.com/",
  "timestamp": 1613815929522,
  "ranks": {
    "hundos": 1,
    "performance": 2,
    "accessibility": 2,
    "cumulative": 1
  },
  "lighthouse": {
    "version": "6.5.0",
    "performance": 0.99,
    "accessibility": 1,
    "bestPractices": 1,
    "seo": 1,
    "total": 399
  },
  "firstContentfulPaint": 1051.8110000000001,
  "speedIndex": 1051.8110000000001,
  "largestContentfulPaint": 2067.313,
  "totalBlockingTime": 154,
  "cumulativeLayoutShift": 0,
  "timeToInteractive": 2292.313,
  "maxPotentialFirstInputDelay": 175,
  "timeToFirstByte": 5.684999999999999,
  "weight": {
    "summary": "10 requests • 196 KiB",
    "total": 200477,
    "image": 72661,
    "imageCount": 3,
    "script": 63744,
    "scriptCount": 2,
    "document": 3628,
    "font": 46374,
    "fontCount": 2,
    "stylesheet": 14006,
    "stylesheetCount": 1,
    "thirdParty": 63808,
    "thirdPartyCount": 3
  },
  "run": {
    "number": 2,
    "total": 3
  },
  "axe": {
    "passes": 242,
    "violations": 6
  }
}