{
  "url": "https://jekyllrb.com/",
  "requestedUrl": "https://jekyllrb.com/",
  "timestamp": 1616494412894,
  "ranks": {
    "hundos": 2,
    "performance": 3,
    "accessibility": 2,
    "cumulative": 2
  },
  "lighthouse": {
    "version": "6.5.0",
    "performance": 0.98,
    "accessibility": 1,
    "bestPractices": 1,
    "seo": 1,
    "total": 398
  },
  "firstContentfulPaint": 1051.403,
  "speedIndex": 1051.403,
  "largestContentfulPaint": 2309.382,
  "totalBlockingTime": 135,
  "cumulativeLayoutShift": 0,
  "timeToInteractive": 2309.382,
  "maxPotentialFirstInputDelay": 148,
  "timeToFirstByte": 5.965,
  "weight": {
    "summary": "10 requests • 196 KiB",
    "total": 200597,
    "image": 72705,
    "imageCount": 3,
    "script": 63771,
    "scriptCount": 2,
    "document": 3637,
    "font": 46385,
    "fontCount": 2,
    "stylesheet": 14035,
    "stylesheetCount": 1,
    "thirdParty": 63835,
    "thirdPartyCount": 3
  },
  "run": {
    "number": 2,
    "total": 3
  },
  "axe": {
    "passes": 242,
    "violations": 6
  }
}