{
  "url": "https://jekyllrb.com/",
  "requestedUrl": "https://jekyllrb.com/",
  "timestamp": 1616148883015,
  "ranks": {
    "hundos": 2,
    "performance": 3,
    "accessibility": 2,
    "cumulative": 2
  },
  "lighthouse": {
    "version": "6.5.0",
    "performance": 0.98,
    "accessibility": 1,
    "bestPractices": 1,
    "seo": 1,
    "total": 398
  },
  "firstContentfulPaint": 1058.29,
  "speedIndex": 1058.29,
  "largestContentfulPaint": 2408.29,
  "totalBlockingTime": 130,
  "cumulativeLayoutShift": 0,
  "timeToInteractive": 2296.814,
  "maxPotentialFirstInputDelay": 172,
  "timeToFirstByte": 5.452,
  "weight": {
    "summary": "10 requests • 196 KiB",
    "total": 200522,
    "image": 72722,
    "imageCount": 3,
    "script": 63754,
    "scriptCount": 2,
    "document": 3625,
    "font": 46362,
    "fontCount": 2,
    "stylesheet": 13995,
    "stylesheetCount": 1,
    "thirdParty": 63818,
    "thirdPartyCount": 3
  },
  "run": {
    "number": 3,
    "total": 3
  },
  "axe": {
    "passes": 242,
    "violations": 6
  }
}