{
  "url": "https://jekyllrb.com/",
  "requestedUrl": "https://jekyllrb.com/",
  "timestamp": 1615889579416,
  "ranks": {
    "hundos": 1,
    "performance": 3,
    "accessibility": 2,
    "cumulative": 2
  },
  "lighthouse": {
    "version": "6.5.0",
    "performance": 0.99,
    "accessibility": 1,
    "bestPractices": 1,
    "seo": 1,
    "total": 399
  },
  "firstContentfulPaint": 1060.037,
  "speedIndex": 1060.037,
  "largestContentfulPaint": 2046.7820000000002,
  "totalBlockingTime": 112,
  "cumulativeLayoutShift": 0,
  "timeToInteractive": 2271.782,
  "maxPotentialFirstInputDelay": 139,
  "timeToFirstByte": 6.687000000000001,
  "weight": {
    "summary": "10 requests • 196 KiB",
    "total": 200471,
    "image": 72500,
    "imageCount": 3,
    "script": 63770,
    "scriptCount": 2,
    "document": 3643,
    "font": 46372,
    "fontCount": 2,
    "stylesheet": 14122,
    "stylesheetCount": 1,
    "thirdParty": 63834,
    "thirdPartyCount": 3
  },
  "run": {
    "number": 2,
    "total": 3
  },
  "axe": {
    "passes": 242,
    "violations": 6
  }
}