{
  "url": "https://jekyllrb.com/",
  "requestedUrl": "https://jekyllrb.com/",
  "timestamp": 1617524255473,
  "ranks": {
    "hundos": 1,
    "performance": 2,
    "accessibility": 2,
    "cumulative": 2
  },
  "lighthouse": {
    "version": "6.5.0",
    "performance": 0.99,
    "accessibility": 1,
    "bestPractices": 1,
    "seo": 1,
    "total": 399
  },
  "firstContentfulPaint": 1052.7060000000001,
  "speedIndex": 1052.7060000000001,
  "largestContentfulPaint": 2018.712,
  "totalBlockingTime": 84,
  "cumulativeLayoutShift": 0,
  "timeToInteractive": 2243.712,
  "maxPotentialFirstInputDelay": 119,
  "timeToFirstByte": 5.251000000000001,
  "weight": {
    "summary": "10 requests • 196 KiB",
    "total": 200964,
    "image": 72651,
    "imageCount": 3,
    "script": 64263,
    "scriptCount": 2,
    "document": 3623,
    "font": 46370,
    "fontCount": 2,
    "stylesheet": 13993,
    "stylesheetCount": 1,
    "thirdParty": 64327,
    "thirdPartyCount": 3
  },
  "run": {
    "number": 2,
    "total": 3
  },
  "axe": {
    "passes": 242,
    "violations": 6
  }
}