{
  "url": "https://jekyllrb.com/",
  "requestedUrl": "https://jekyllrb.com/",
  "timestamp": 1615543856962,
  "ranks": {
    "hundos": 1,
    "performance": 2,
    "accessibility": 2,
    "cumulative": 2
  },
  "lighthouse": {
    "version": "6.5.0",
    "performance": 0.99,
    "accessibility": 1,
    "bestPractices": 1,
    "seo": 1,
    "total": 399
  },
  "firstContentfulPaint": 1056.33,
  "speedIndex": 1056.33,
  "largestContentfulPaint": 2040.054,
  "totalBlockingTime": 105,
  "cumulativeLayoutShift": 0,
  "timeToInteractive": 2265.0539999999996,
  "maxPotentialFirstInputDelay": 145,
  "timeToFirstByte": 5.705000000000005,
  "weight": {
    "summary": "10 requests • 196 KiB",
    "total": 200545,
    "image": 72683,
    "imageCount": 3,
    "script": 63780,
    "scriptCount": 2,
    "document": 3627,
    "font": 46386,
    "fontCount": 2,
    "stylesheet": 14005,
    "stylesheetCount": 1,
    "thirdParty": 63844,
    "thirdPartyCount": 3
  },
  "run": {
    "number": 1,
    "total": 3
  },
  "axe": {
    "passes": 242,
    "violations": 6
  }
}