{
  "url": "https://jekyllrb.com/",
  "requestedUrl": "https://jekyllrb.com/",
  "timestamp": 1617178837274,
  "ranks": {
    "hundos": 1,
    "performance": 2,
    "accessibility": 2,
    "cumulative": 2
  },
  "lighthouse": {
    "version": "6.5.0",
    "performance": 0.99,
    "accessibility": 1,
    "bestPractices": 1,
    "seo": 1,
    "total": 399
  },
  "firstContentfulPaint": 1057.738,
  "speedIndex": 1057.738,
  "largestContentfulPaint": 2139.33,
  "totalBlockingTime": 144,
  "cumulativeLayoutShift": 0,
  "timeToInteractive": 2289.33,
  "maxPotentialFirstInputDelay": 160,
  "timeToFirstByte": 12.71,
  "weight": {
    "summary": "10 requests • 196 KiB",
    "total": 201061,
    "image": 72627,
    "imageCount": 3,
    "script": 64263,
    "scriptCount": 2,
    "document": 3625,
    "font": 46405,
    "fontCount": 2,
    "stylesheet": 14077,
    "stylesheetCount": 1,
    "thirdParty": 64327,
    "thirdPartyCount": 3
  },
  "run": {
    "number": 3,
    "total": 3
  },
  "axe": {
    "passes": 242,
    "violations": 6
  }
}