{
  "url": "https://jekyllrb.com/",
  "requestedUrl": "https://jekyllrb.com/",
  "timestamp": 1612609912837,
  "ranks": {
    "hundos": 2,
    "performance": 3,
    "accessibility": 2,
    "cumulative": 2
  },
  "lighthouse": {
    "version": "6.5.0",
    "performance": 0.98,
    "accessibility": 1,
    "bestPractices": 1,
    "seo": 1,
    "total": 398
  },
  "firstContentfulPaint": 1051.2089999999998,
  "speedIndex": 1051.2089999999998,
  "largestContentfulPaint": 2258.1589999999997,
  "totalBlockingTime": 87,
  "cumulativeLayoutShift": 0,
  "timeToInteractive": 2258.1589999999997,
  "maxPotentialFirstInputDelay": 137,
  "timeToFirstByte": 1.1950000000000003,
  "weight": {
    "summary": "10 requests • 196 KiB",
    "total": 200446,
    "image": 72623,
    "imageCount": 3,
    "script": 63754,
    "scriptCount": 2,
    "document": 3626,
    "font": 46376,
    "fontCount": 2,
    "stylesheet": 14003,
    "stylesheetCount": 1,
    "thirdParty": 63818,
    "thirdPartyCount": 3
  },
  "run": {
    "number": 3,
    "total": 3
  },
  "axe": {
    "passes": 242,
    "violations": 6
  }
}