{
  "url": "https://jekyllrb.com/",
  "requestedUrl": "https://jekyllrb.com/",
  "timestamp": 1616321607677,
  "ranks": {
    "hundos": 2,
    "performance": 3,
    "accessibility": 2,
    "cumulative": 2
  },
  "lighthouse": {
    "version": "6.5.0",
    "performance": 0.98,
    "accessibility": 1,
    "bestPractices": 1,
    "seo": 1,
    "total": 398
  },
  "firstContentfulPaint": 1055.545,
  "speedIndex": 1055.545,
  "largestContentfulPaint": 2275.221,
  "totalBlockingTime": 123,
  "cumulativeLayoutShift": 0,
  "timeToInteractive": 2275.221,
  "maxPotentialFirstInputDelay": 148,
  "timeToFirstByte": 10.437000000000001,
  "weight": {
    "summary": "10 requests • 196 KiB",
    "total": 200551,
    "image": 72698,
    "imageCount": 3,
    "script": 63744,
    "scriptCount": 2,
    "document": 3627,
    "font": 46408,
    "fontCount": 2,
    "stylesheet": 14010,
    "stylesheetCount": 1,
    "thirdParty": 63808,
    "thirdPartyCount": 3
  },
  "run": {
    "number": 2,
    "total": 3
  },
  "axe": {
    "passes": 242,
    "violations": 6
  }
}