{
  "url": "https://jekyllrb.com/",
  "requestedUrl": "https://jekyllrb.com/",
  "timestamp": 1616062239849,
  "ranks": {
    "hundos": 1,
    "performance": 3,
    "accessibility": 2,
    "cumulative": 2
  },
  "lighthouse": {
    "version": "6.5.0",
    "performance": 0.99,
    "accessibility": 1,
    "bestPractices": 1,
    "seo": 1,
    "total": 399
  },
  "firstContentfulPaint": 1059.395,
  "speedIndex": 1059.395,
  "largestContentfulPaint": 2109.395,
  "totalBlockingTime": 110,
  "cumulativeLayoutShift": 0,
  "timeToInteractive": 2259.104,
  "maxPotentialFirstInputDelay": 137,
  "timeToFirstByte": 6.062999999999995,
  "weight": {
    "summary": "10 requests • 196 KiB",
    "total": 200456,
    "image": 72646,
    "imageCount": 3,
    "script": 63744,
    "scriptCount": 2,
    "document": 3626,
    "font": 46370,
    "fontCount": 2,
    "stylesheet": 14006,
    "stylesheetCount": 1,
    "thirdParty": 63808,
    "thirdPartyCount": 3
  },
  "run": {
    "number": 1,
    "total": 3
  },
  "axe": {
    "passes": 242,
    "violations": 6
  }
}