{
  "url": "https://jekyllrb.com/",
  "requestedUrl": "https://jekyllrb.com/",
  "timestamp": 1617265556193,
  "ranks": {
    "hundos": 2,
    "performance": 3,
    "accessibility": 2,
    "cumulative": 2
  },
  "lighthouse": {
    "version": "6.5.0",
    "performance": 0.98,
    "accessibility": 1,
    "bestPractices": 1,
    "seo": 1,
    "total": 398
  },
  "firstContentfulPaint": 1052.816,
  "speedIndex": 1052.816,
  "largestContentfulPaint": 2399.7390000000005,
  "totalBlockingTime": 77,
  "cumulativeLayoutShift": 0,
  "timeToInteractive": 2246.6620000000003,
  "maxPotentialFirstInputDelay": 127,
  "timeToFirstByte": 5.709000000000001,
  "weight": {
    "summary": "10 requests • 196 KiB",
    "total": 200887,
    "image": 72653,
    "imageCount": 3,
    "script": 64254,
    "scriptCount": 2,
    "document": 3620,
    "font": 46328,
    "fontCount": 2,
    "stylesheet": 13968,
    "stylesheetCount": 1,
    "thirdParty": 64318,
    "thirdPartyCount": 3
  },
  "run": {
    "number": 3,
    "total": 3
  },
  "axe": {
    "passes": 242,
    "violations": 6
  }
}