{
  "url": "https://jekyllrb.com/",
  "requestedUrl": "https://jekyllrb.com/",
  "timestamp": 1613297528271,
  "ranks": {
    "hundos": 1,
    "performance": 2,
    "accessibility": 2,
    "cumulative": 2
  },
  "lighthouse": {
    "version": "6.5.0",
    "performance": 0.99,
    "accessibility": 1,
    "bestPractices": 1,
    "seo": 1,
    "total": 399
  },
  "firstContentfulPaint": 1055.6019999999999,
  "speedIndex": 1055.6019999999999,
  "largestContentfulPaint": 2034.3419999999996,
  "totalBlockingTime": 109,
  "cumulativeLayoutShift": 0,
  "timeToInteractive": 2259.3419999999996,
  "maxPotentialFirstInputDelay": 137,
  "timeToFirstByte": 1.1029999999999998,
  "weight": {
    "summary": "10 requests • 196 KiB",
    "total": 200330,
    "image": 72556,
    "imageCount": 3,
    "script": 63595,
    "scriptCount": 2,
    "document": 3625,
    "font": 46414,
    "fontCount": 2,
    "stylesheet": 14076,
    "stylesheetCount": 1,
    "thirdParty": 63659,
    "thirdPartyCount": 3
  },
  "run": {
    "number": 2,
    "total": 3
  },
  "axe": {
    "passes": 242,
    "violations": 6
  }
}