{
  "url": "https://jekyllrb.com/",
  "requestedUrl": "https://jekyllrb.com/",
  "timestamp": 1615371306520,
  "ranks": {
    "hundos": 2,
    "performance": 3,
    "accessibility": 2,
    "cumulative": 2
  },
  "lighthouse": {
    "version": "6.5.0",
    "performance": 0.98,
    "accessibility": 1,
    "bestPractices": 1,
    "seo": 1,
    "total": 398
  },
  "firstContentfulPaint": 1053.5839999999998,
  "speedIndex": 1053.5839999999998,
  "largestContentfulPaint": 2197.1789999999996,
  "totalBlockingTime": 147,
  "cumulativeLayoutShift": 0,
  "timeToInteractive": 2347.1789999999996,
  "maxPotentialFirstInputDelay": 197,
  "timeToFirstByte": 6.105000000000002,
  "weight": {
    "summary": "10 requests • 196 KiB",
    "total": 200498,
    "image": 72535,
    "imageCount": 3,
    "script": 63772,
    "scriptCount": 2,
    "document": 3627,
    "font": 46404,
    "fontCount": 2,
    "stylesheet": 14096,
    "stylesheetCount": 1,
    "thirdParty": 63836,
    "thirdPartyCount": 3
  },
  "run": {
    "number": 3,
    "total": 3
  },
  "axe": {
    "passes": 242,
    "violations": 6
  }
}