{
  "url": "https://jekyllrb.com/",
  "requestedUrl": "https://jekyllrb.com/",
  "timestamp": 1617351569947,
  "ranks": {
    "hundos": 1,
    "performance": 2,
    "accessibility": 2,
    "cumulative": 1
  },
  "lighthouse": {
    "version": "6.5.0",
    "performance": 0.98,
    "accessibility": 1,
    "bestPractices": 1,
    "seo": 1,
    "total": 398
  },
  "firstContentfulPaint": 1090.345,
  "speedIndex": 1090.345,
  "largestContentfulPaint": 2434.1415,
  "totalBlockingTime": 93,
  "cumulativeLayoutShift": 0,
  "timeToInteractive": 2277.938,
  "maxPotentialFirstInputDelay": 127,
  "timeToFirstByte": 9.584999999999997,
  "weight": {
    "summary": "10 requests • 196 KiB",
    "total": 200988,
    "image": 72554,
    "imageCount": 3,
    "script": 64254,
    "scriptCount": 2,
    "document": 3621,
    "font": 46389,
    "fontCount": 2,
    "stylesheet": 14106,
    "stylesheetCount": 1,
    "thirdParty": 64318,
    "thirdPartyCount": 3
  },
  "run": {
    "number": 2,
    "total": 3
  },
  "axe": {
    "passes": 242,
    "violations": 6
  }
}