{
  "url": "https://jekyllrb.com/",
  "requestedUrl": "https://jekyllrb.com/",
  "timestamp": 1614679971351,
  "ranks": {
    "hundos": 1,
    "performance": 2,
    "accessibility": 2,
    "cumulative": 1
  },
  "lighthouse": {
    "version": "6.5.0",
    "performance": 0.99,
    "accessibility": 1,
    "bestPractices": 1,
    "seo": 1,
    "total": 399
  },
  "firstContentfulPaint": 1051.551,
  "speedIndex": 1051.551,
  "largestContentfulPaint": 2125.656,
  "totalBlockingTime": 146,
  "cumulativeLayoutShift": 0,
  "timeToInteractive": 2275.656,
  "maxPotentialFirstInputDelay": 160,
  "timeToFirstByte": 5.315999999999999,
  "weight": {
    "summary": "10 requests • 196 KiB",
    "total": 200465,
    "image": 72625,
    "imageCount": 3,
    "script": 63771,
    "scriptCount": 2,
    "document": 3626,
    "font": 46375,
    "fontCount": 2,
    "stylesheet": 14004,
    "stylesheetCount": 1,
    "thirdParty": 63835,
    "thirdPartyCount": 3
  },
  "run": {
    "number": 3,
    "total": 3
  },
  "axe": {
    "passes": 242,
    "violations": 6
  }
}