{
  "url": "https://jekyllrb.com/",
  "requestedUrl": "https://jekyllrb.com/",
  "timestamp": 1615198312433,
  "ranks": {
    "hundos": 1,
    "performance": 2,
    "accessibility": 2,
    "cumulative": 1
  },
  "lighthouse": {
    "version": "6.5.0",
    "performance": 0.99,
    "accessibility": 1,
    "bestPractices": 1,
    "seo": 1,
    "total": 399
  },
  "firstContentfulPaint": 977.244,
  "speedIndex": 977.244,
  "largestContentfulPaint": 2041.547,
  "totalBlockingTime": 179.0000000000001,
  "cumulativeLayoutShift": 0,
  "timeToInteractive": 2266.547,
  "maxPotentialFirstInputDelay": 214.0000000000001,
  "timeToFirstByte": 17.189000000000007,
  "weight": {
    "summary": "10 requests • 196 KiB",
    "total": 200520,
    "image": 72662,
    "imageCount": 3,
    "script": 63780,
    "scriptCount": 2,
    "document": 3629,
    "font": 46378,
    "fontCount": 2,
    "stylesheet": 14007,
    "stylesheetCount": 1,
    "thirdParty": 63844,
    "thirdPartyCount": 3
  },
  "run": {
    "number": 1,
    "total": 3
  },
  "axe": {
    "passes": 242,
    "violations": 6
  }
}