{
  "url": "https://jekyllrb.com/",
  "requestedUrl": "https://jekyllrb.com/",
  "timestamp": 1613902225968,
  "ranks": {
    "hundos": 1,
    "performance": 2,
    "accessibility": 2,
    "cumulative": 2
  },
  "lighthouse": {
    "version": "6.5.0",
    "performance": 0.99,
    "accessibility": 1,
    "bestPractices": 1,
    "seo": 1,
    "total": 399
  },
  "firstContentfulPaint": 1182.4679999999998,
  "speedIndex": 1182.4679999999998,
  "largestContentfulPaint": 2031.0539999999996,
  "totalBlockingTime": 101,
  "cumulativeLayoutShift": 0,
  "timeToInteractive": 2256.0539999999996,
  "maxPotentialFirstInputDelay": 133,
  "timeToFirstByte": 1.5350000000000037,
  "weight": {
    "summary": "10 requests • 196 KiB",
    "total": 200453,
    "image": 72553,
    "imageCount": 3,
    "script": 63743,
    "scriptCount": 2,
    "document": 3642,
    "font": 46478,
    "fontCount": 2,
    "stylesheet": 13973,
    "stylesheetCount": 1,
    "thirdParty": 63807,
    "thirdPartyCount": 3
  },
  "run": {
    "number": 1,
    "total": 3
  },
  "axe": {
    "passes": 242,
    "violations": 6
  }
}