{
  "url": "https://jekyllrb.com/",
  "requestedUrl": "https://jekyllrb.com/",
  "timestamp": 1614420818305,
  "ranks": {
    "hundos": 1,
    "performance": 2,
    "accessibility": 2,
    "cumulative": 2
  },
  "lighthouse": {
    "version": "6.5.0",
    "performance": 0.99,
    "accessibility": 1,
    "bestPractices": 1,
    "seo": 1,
    "total": 399
  },
  "firstContentfulPaint": 1052.366,
  "speedIndex": 1052.366,
  "largestContentfulPaint": 2106.549,
  "totalBlockingTime": 123,
  "cumulativeLayoutShift": 0,
  "timeToInteractive": 2256.549,
  "maxPotentialFirstInputDelay": 132,
  "timeToFirstByte": 6.207000000000001,
  "weight": {
    "summary": "10 requests • 196 KiB",
    "total": 200514,
    "image": 72591,
    "imageCount": 3,
    "script": 63771,
    "scriptCount": 2,
    "document": 3625,
    "font": 46403,
    "fontCount": 2,
    "stylesheet": 14060,
    "stylesheetCount": 1,
    "thirdParty": 63835,
    "thirdPartyCount": 3
  },
  "run": {
    "number": 3,
    "total": 3
  },
  "axe": {
    "passes": 242,
    "violations": 6
  }
}