{
  "url": "https://jekyllrb.com/",
  "requestedUrl": "https://jekyllrb.com/",
  "timestamp": 1616664012431,
  "ranks": {
    "hundos": 2,
    "performance": 3,
    "accessibility": 2,
    "cumulative": 2
  },
  "lighthouse": {
    "version": "6.5.0",
    "performance": 0.98,
    "accessibility": 1,
    "bestPractices": 1,
    "seo": 1,
    "total": 398
  },
  "firstContentfulPaint": 1051.395,
  "speedIndex": 1051.395,
  "largestContentfulPaint": 2271.648,
  "totalBlockingTime": 128,
  "cumulativeLayoutShift": 0,
  "timeToInteractive": 2271.648,
  "maxPotentialFirstInputDelay": 149,
  "timeToFirstByte": 1.0549999999999997,
  "weight": {
    "summary": "10 requests • 196 KiB",
    "total": 200460,
    "image": 72652,
    "imageCount": 3,
    "script": 63744,
    "scriptCount": 2,
    "document": 3627,
    "font": 46375,
    "fontCount": 2,
    "stylesheet": 13998,
    "stylesheetCount": 1,
    "thirdParty": 63808,
    "thirdPartyCount": 3
  },
  "run": {
    "number": 3,
    "total": 3
  },
  "axe": {
    "passes": 242,
    "violations": 6
  }
}