{
  "url": "https://jekyllrb.com/",
  "requestedUrl": "https://jekyllrb.com/",
  "timestamp": 1613643038207,
  "ranks": {
    "hundos": 2,
    "performance": 3,
    "accessibility": 2,
    "cumulative": 2
  },
  "lighthouse": {
    "version": "6.5.0",
    "performance": 0.98,
    "accessibility": 1,
    "bestPractices": 1,
    "seo": 1,
    "total": 398
  },
  "firstContentfulPaint": 1150.615,
  "speedIndex": 1150.615,
  "largestContentfulPaint": 2278.5690000000004,
  "totalBlockingTime": 98,
  "cumulativeLayoutShift": 0,
  "timeToInteractive": 2273.523,
  "maxPotentialFirstInputDelay": 127,
  "timeToFirstByte": 33.228,
  "weight": {
    "summary": "10 requests • 196 KiB",
    "total": 200501,
    "image": 72651,
    "imageCount": 3,
    "script": 63754,
    "scriptCount": 2,
    "document": 3626,
    "font": 46388,
    "fontCount": 2,
    "stylesheet": 14018,
    "stylesheetCount": 1,
    "thirdParty": 63818,
    "thirdPartyCount": 3
  },
  "run": {
    "number": 1,
    "total": 3
  },
  "axe": {
    "passes": 242,
    "violations": 6
  }
}