{
  "url": "https://jekyllrb.com/",
  "requestedUrl": "https://jekyllrb.com/",
  "timestamp": 1613038434164,
  "ranks": {
    "hundos": 2,
    "performance": 3,
    "accessibility": 2,
    "cumulative": 2
  },
  "lighthouse": {
    "version": "6.5.0",
    "performance": 0.98,
    "accessibility": 1,
    "bestPractices": 1,
    "seo": 1,
    "total": 398
  },
  "firstContentfulPaint": 1051.471,
  "speedIndex": 1051.471,
  "largestContentfulPaint": 2401.471,
  "totalBlockingTime": 99,
  "cumulativeLayoutShift": 0,
  "timeToInteractive": 2255.526,
  "maxPotentialFirstInputDelay": 138,
  "timeToFirstByte": 1.1229999999999993,
  "weight": {
    "summary": "10 requests • 196 KiB",
    "total": 200300,
    "image": 72662,
    "imageCount": 3,
    "script": 63607,
    "scriptCount": 2,
    "document": 3626,
    "font": 46372,
    "fontCount": 2,
    "stylesheet": 13969,
    "stylesheetCount": 1,
    "thirdParty": 63671,
    "thirdPartyCount": 3
  },
  "run": {
    "number": 3,
    "total": 3
  },
  "axe": {
    "passes": 242,
    "violations": 6
  }
}