{
  "url": "https://jekyllrb.com/",
  "requestedUrl": "https://jekyllrb.com/",
  "timestamp": 1614852840490,
  "ranks": {
    "hundos": 1,
    "performance": 2,
    "accessibility": 2,
    "cumulative": 1
  },
  "lighthouse": {
    "version": "6.5.0",
    "performance": 0.99,
    "accessibility": 1,
    "bestPractices": 1,
    "seo": 1,
    "total": 399
  },
  "firstContentfulPaint": 1053.17,
  "speedIndex": 1053.17,
  "largestContentfulPaint": 2115.746,
  "totalBlockingTime": 93,
  "cumulativeLayoutShift": 0,
  "timeToInteractive": 2265.746,
  "maxPotentialFirstInputDelay": 143,
  "timeToFirstByte": 8.676000000000002,
  "weight": {
    "summary": "10 requests • 196 KiB",
    "total": 200421,
    "image": 72586,
    "imageCount": 3,
    "script": 63744,
    "scriptCount": 2,
    "document": 3626,
    "font": 46408,
    "fontCount": 2,
    "stylesheet": 13993,
    "stylesheetCount": 1,
    "thirdParty": 63808,
    "thirdPartyCount": 3
  },
  "run": {
    "number": 3,
    "total": 3
  },
  "axe": {
    "passes": 242,
    "violations": 6
  }
}