{
  "url": "https://jekyllrb.com/",
  "requestedUrl": "https://jekyllrb.com/",
  "timestamp": 1615975849993,
  "ranks": {
    "hundos": 2,
    "performance": 3,
    "accessibility": 2,
    "cumulative": 2
  },
  "lighthouse": {
    "version": "6.5.0",
    "performance": 0.98,
    "accessibility": 1,
    "bestPractices": 1,
    "seo": 1,
    "total": 398
  },
  "firstContentfulPaint": 1064.479,
  "speedIndex": 1064.479,
  "largestContentfulPaint": 2300.066,
  "totalBlockingTime": 158.99999999999977,
  "cumulativeLayoutShift": 0,
  "timeToInteractive": 2300.066,
  "maxPotentialFirstInputDelay": 175,
  "timeToFirstByte": 26.420999999999992,
  "weight": {
    "summary": "10 requests • 196 KiB",
    "total": 200557,
    "image": 72624,
    "imageCount": 3,
    "script": 63752,
    "scriptCount": 2,
    "document": 3629,
    "font": 46502,
    "fontCount": 2,
    "stylesheet": 13986,
    "stylesheetCount": 1,
    "thirdParty": 63816,
    "thirdPartyCount": 3
  },
  "run": {
    "number": 1,
    "total": 3
  },
  "axe": {
    "passes": 242,
    "violations": 6
  }
}