{
  "url": "https://jekyllrb.com/",
  "requestedUrl": "https://jekyllrb.com/",
  "timestamp": 1613211096776,
  "ranks": {
    "hundos": 1,
    "performance": 2,
    "accessibility": 2,
    "cumulative": 2
  },
  "lighthouse": {
    "version": "6.5.0",
    "performance": 0.99,
    "accessibility": 1,
    "bestPractices": 1,
    "seo": 1,
    "total": 399
  },
  "firstContentfulPaint": 1051.021,
  "speedIndex": 1051.021,
  "largestContentfulPaint": 2101.0209999999997,
  "totalBlockingTime": 95,
  "cumulativeLayoutShift": 0,
  "timeToInteractive": 2237.1459999999997,
  "maxPotentialFirstInputDelay": 125,
  "timeToFirstByte": 2.019,
  "weight": {
    "summary": "10 requests • 196 KiB",
    "total": 200321,
    "image": 72674,
    "imageCount": 3,
    "script": 63581,
    "scriptCount": 2,
    "document": 3626,
    "font": 46374,
    "fontCount": 2,
    "stylesheet": 14002,
    "stylesheetCount": 1,
    "thirdParty": 63645,
    "thirdPartyCount": 3
  },
  "run": {
    "number": 2,
    "total": 3
  },
  "axe": {
    "passes": 242,
    "violations": 6
  }
}