{
  "url": "https://jekyllrb.com/",
  "requestedUrl": "https://jekyllrb.com/",
  "timestamp": 1615803067111,
  "ranks": {
    "hundos": 1,
    "performance": 2,
    "accessibility": 2,
    "cumulative": 1
  },
  "lighthouse": {
    "version": "6.5.0",
    "performance": 0.99,
    "accessibility": 1,
    "bestPractices": 1,
    "seo": 1,
    "total": 399
  },
  "firstContentfulPaint": 1056.8200000000002,
  "speedIndex": 1056.8200000000002,
  "largestContentfulPaint": 2110.0640000000003,
  "totalBlockingTime": 100,
  "cumulativeLayoutShift": 0,
  "timeToInteractive": 2260.0640000000003,
  "maxPotentialFirstInputDelay": 138,
  "timeToFirstByte": 6.324000000000002,
  "weight": {
    "summary": "10 requests • 196 KiB",
    "total": 200541,
    "image": 72547,
    "imageCount": 3,
    "script": 63780,
    "scriptCount": 2,
    "document": 3644,
    "font": 46391,
    "fontCount": 2,
    "stylesheet": 14115,
    "stylesheetCount": 1,
    "thirdParty": 63844,
    "thirdPartyCount": 3
  },
  "run": {
    "number": 1,
    "total": 3
  },
  "axe": {
    "passes": 242,
    "violations": 6
  }
}