{
  "url": "https://jekyllrb.com/",
  "requestedUrl": "https://jekyllrb.com/",
  "timestamp": 1615716659610,
  "ranks": {
    "hundos": 1,
    "performance": 2,
    "accessibility": 2,
    "cumulative": 2
  },
  "lighthouse": {
    "version": "6.5.0",
    "performance": 0.99,
    "accessibility": 1,
    "bestPractices": 1,
    "seo": 1,
    "total": 399
  },
  "firstContentfulPaint": 1058.174,
  "speedIndex": 1058.174,
  "largestContentfulPaint": 2108.174,
  "totalBlockingTime": 110,
  "cumulativeLayoutShift": 0,
  "timeToInteractive": 2257.488,
  "maxPotentialFirstInputDelay": 131,
  "timeToFirstByte": 12.62700000000001,
  "weight": {
    "summary": "10 requests • 196 KiB",
    "total": 200501,
    "image": 72569,
    "imageCount": 3,
    "script": 63780,
    "scriptCount": 2,
    "document": 3626,
    "font": 46369,
    "fontCount": 2,
    "stylesheet": 14093,
    "stylesheetCount": 1,
    "thirdParty": 63844,
    "thirdPartyCount": 3
  },
  "run": {
    "number": 1,
    "total": 3
  },
  "axe": {
    "passes": 242,
    "violations": 6
  }
}