{
  "url": "https://jekyllrb.com/",
  "requestedUrl": "https://jekyllrb.com/",
  "timestamp": 1615457642971,
  "ranks": {
    "hundos": 2,
    "performance": 3,
    "accessibility": 2,
    "cumulative": 2
  },
  "lighthouse": {
    "version": "6.5.0",
    "performance": 0.98,
    "accessibility": 1,
    "bestPractices": 1,
    "seo": 1,
    "total": 398
  },
  "firstContentfulPaint": 1071.012,
  "speedIndex": 1071.012,
  "largestContentfulPaint": 2295.237,
  "totalBlockingTime": 148,
  "cumulativeLayoutShift": 0,
  "timeToInteractive": 2295.237,
  "maxPotentialFirstInputDelay": 160,
  "timeToFirstByte": 5.849,
  "weight": {
    "summary": "10 requests • 196 KiB",
    "total": 200478,
    "image": 72534,
    "imageCount": 3,
    "script": 63771,
    "scriptCount": 2,
    "document": 3628,
    "font": 46480,
    "fontCount": 2,
    "stylesheet": 14001,
    "stylesheetCount": 1,
    "thirdParty": 63835,
    "thirdPartyCount": 3
  },
  "run": {
    "number": 3,
    "total": 3
  },
  "axe": {
    "passes": 242,
    "violations": 6
  }
}