{
  "url": "https://jekyllrb.com/",
  "requestedUrl": "https://jekyllrb.com/",
  "timestamp": 1617610736455,
  "ranks": {
    "hundos": 1,
    "performance": 2,
    "accessibility": 2,
    "cumulative": 1
  },
  "lighthouse": {
    "version": "6.5.0",
    "performance": 0.97,
    "accessibility": 1,
    "bestPractices": 1,
    "seo": 1,
    "total": 397
  },
  "firstContentfulPaint": 1074.305,
  "speedIndex": 1074.305,
  "largestContentfulPaint": 2318.967,
  "totalBlockingTime": 197.99999999999977,
  "cumulativeLayoutShift": 0,
  "timeToInteractive": 2318.9670000000006,
  "maxPotentialFirstInputDelay": 184,
  "timeToFirstByte": 39.099000000000004,
  "weight": {
    "summary": "10 requests • 196 KiB",
    "total": 200963,
    "image": 72663,
    "imageCount": 3,
    "script": 64263,
    "scriptCount": 2,
    "document": 3625,
    "font": 46379,
    "fontCount": 2,
    "stylesheet": 13969,
    "stylesheetCount": 1,
    "thirdParty": 64327,
    "thirdPartyCount": 3
  },
  "run": {
    "number": 2,
    "total": 3
  },
  "axe": {
    "passes": 242,
    "violations": 6
  }
}