{
  "url": "https://jekyllrb.com/",
  "requestedUrl": "https://jekyllrb.com/",
  "timestamp": 1617437860007,
  "ranks": {
    "hundos": 1,
    "performance": 2,
    "accessibility": 2,
    "cumulative": 1
  },
  "lighthouse": {
    "version": "6.5.0",
    "performance": 0.98,
    "accessibility": 1,
    "bestPractices": 1,
    "seo": 1,
    "total": 398
  },
  "firstContentfulPaint": 1051.925,
  "speedIndex": 1051.925,
  "largestContentfulPaint": 2253.696,
  "totalBlockingTime": 118,
  "cumulativeLayoutShift": 0,
  "timeToInteractive": 2253.696,
  "maxPotentialFirstInputDelay": 138,
  "timeToFirstByte": 6.405999999999999,
  "weight": {
    "summary": "10 requests • 196 KiB",
    "total": 200931,
    "image": 72636,
    "imageCount": 3,
    "script": 64227,
    "scriptCount": 2,
    "document": 3623,
    "font": 46374,
    "fontCount": 2,
    "stylesheet": 14007,
    "stylesheetCount": 1,
    "thirdParty": 64291,
    "thirdPartyCount": 3
  },
  "run": {
    "number": 2,
    "total": 3
  },
  "axe": {
    "passes": 242,
    "violations": 6
  }
}