{
  "url": "https://jekyllrb.com/",
  "requestedUrl": "https://jekyllrb.com/",
  "timestamp": 1614595608108,
  "ranks": {
    "hundos": 2,
    "performance": 3,
    "accessibility": 2,
    "cumulative": 2
  },
  "lighthouse": {
    "version": "6.5.0",
    "performance": 0.98,
    "accessibility": 1,
    "bestPractices": 1,
    "seo": 1,
    "total": 398
  },
  "firstContentfulPaint": 1065.9589999999998,
  "speedIndex": 1065.9589999999998,
  "largestContentfulPaint": 2260.9359999999997,
  "totalBlockingTime": 76,
  "cumulativeLayoutShift": 0,
  "timeToInteractive": 2260.9359999999997,
  "maxPotentialFirstInputDelay": 126,
  "timeToFirstByte": 5.394,
  "weight": {
    "summary": "10 requests • 196 KiB",
    "total": 200456,
    "image": 72548,
    "imageCount": 3,
    "script": 63744,
    "scriptCount": 2,
    "document": 3627,
    "font": 46468,
    "fontCount": 2,
    "stylesheet": 14005,
    "stylesheetCount": 1,
    "thirdParty": 63808,
    "thirdPartyCount": 3
  },
  "run": {
    "number": 3,
    "total": 3
  },
  "axe": {
    "passes": 242,
    "violations": 6
  }
}