{
  "url": "https://hexo.io/",
  "requestedUrl": "https://hexo.io/",
  "timestamp": 1613211021335,
  "ranks": {
    "hundos": 12,
    "performance": 12,
    "accessibility": 12,
    "cumulative": 12
  },
  "lighthouse": {
    "version": "6.5.0",
    "performance": 0.55,
    "accessibility": 0.73,
    "bestPractices": 0.8,
    "seo": 0.93,
    "total": 301
  },
  "firstContentfulPaint": 1606.9524999999999,
  "speedIndex": 5772.537467966259,
  "largestContentfulPaint": 1756.9524999999999,
  "totalBlockingTime": 2307.375034820556,
  "cumulativeLayoutShift": 0.0003625233968098958,
  "timeToInteractive": 11584.074398574829,
  "maxPotentialFirstInputDelay": 465.0000000000018,
  "timeToFirstByte": 10.511999999999997,
  "weight": {
    "summary": "235 requests • 1,266 KiB",
    "total": 1295884,
    "image": 577752,
    "imageCount": 69,
    "script": 379854,
    "scriptCount": 56,
    "document": 181675,
    "font": 105709,
    "fontCount": 7,
    "stylesheet": 20019,
    "stylesheetCount": 11,
    "thirdParty": 1291673,
    "thirdPartyCount": 234
  },
  "run": {
    "number": 1,
    "total": 3
  },
  "axe": {
    "passes": 551,
    "violations": 41
  }
}