{
  "url": "https://hexo.io/",
  "requestedUrl": "https://hexo.io/",
  "timestamp": 1613556833382,
  "ranks": {
    "hundos": 12,
    "performance": 7,
    "accessibility": 12,
    "cumulative": 12
  },
  "lighthouse": {
    "version": "6.5.0",
    "performance": 0.85,
    "accessibility": 0.73,
    "bestPractices": 0.8,
    "seo": 0.93,
    "total": 331
  },
  "firstContentfulPaint": 1605.913,
  "speedIndex": 3010.3896762987724,
  "largestContentfulPaint": 1755.913,
  "totalBlockingTime": 468,
  "cumulativeLayoutShift": 0.0003625233968098958,
  "timeToInteractive": 5879.533500000001,
  "maxPotentialFirstInputDelay": 226,
  "timeToFirstByte": 9.391999999999996,
  "weight": {
    "summary": "37 requests • 705 KiB",
    "total": 721515,
    "image": 325378,
    "imageCount": 9,
    "script": 294067,
    "scriptCount": 12,
    "document": 21304,
    "font": 57421,
    "fontCount": 1,
    "stylesheet": 16200,
    "stylesheetCount": 4,
    "thirdParty": 717299,
    "thirdPartyCount": 36
  },
  "run": {
    "number": 3,
    "total": 3
  },
  "axe": {
    "passes": 359,
    "violations": 18
  }
}