{
  "url": "https://hexo.io/",
  "requestedUrl": "https://hexo.io/",
  "timestamp": 1616148800129,
  "ranks": {
    "hundos": 12,
    "performance": 7,
    "accessibility": 12,
    "cumulative": 12
  },
  "lighthouse": {
    "version": "6.5.0",
    "performance": 0.83,
    "accessibility": 0.73,
    "bestPractices": 0.73,
    "seo": 0.93,
    "total": 322
  },
  "firstContentfulPaint": 1776.6929999999998,
  "speedIndex": 3500.0564096194566,
  "largestContentfulPaint": 1885.6929999999998,
  "totalBlockingTime": 490,
  "cumulativeLayoutShift": 0.0003625233968098958,
  "timeToInteractive": 5981.003000000001,
  "maxPotentialFirstInputDelay": 256,
  "timeToFirstByte": 158.295,
  "weight": {
    "summary": "40 requests • 654 KiB",
    "total": 669630,
    "image": 325507,
    "imageCount": 10,
    "script": 241756,
    "scriptCount": 13,
    "document": 21764,
    "font": 57424,
    "fontCount": 1,
    "stylesheet": 16209,
    "stylesheetCount": 4,
    "thirdParty": 665465,
    "thirdPartyCount": 39
  },
  "run": {
    "number": 2,
    "total": 3
  },
  "axe": {
    "passes": 417,
    "violations": 26
  }
}