{
  "url": "https://hexo.io/",
  "requestedUrl": "https://hexo.io/",
  "timestamp": 1616062349810,
  "ranks": {
    "hundos": 11,
    "performance": 11,
    "accessibility": 12,
    "cumulative": 11
  },
  "lighthouse": {
    "version": "6.5.0",
    "performance": 0.54,
    "accessibility": 0.73,
    "bestPractices": 0.8,
    "seo": 0.93,
    "total": 300
  },
  "firstContentfulPaint": 1607.621,
  "speedIndex": 5830.82663576246,
  "largestContentfulPaint": 1757.621,
  "totalBlockingTime": 4012.1942471923867,
  "cumulativeLayoutShift": 0.0003625233968098958,
  "timeToInteractive": 12485.120500000003,
  "maxPotentialFirstInputDelay": 496,
  "timeToFirstByte": 7.091999999999999,
  "weight": {
    "summary": "237 requests • 1,029 KiB",
    "total": 1053251,
    "image": 334358,
    "imageCount": 53,
    "script": 383948,
    "scriptCount": 72,
    "document": 185989,
    "font": 102128,
    "fontCount": 13,
    "stylesheet": 20094,
    "stylesheetCount": 12,
    "thirdParty": 1049286,
    "thirdPartyCount": 236
  },
  "run": {
    "number": 2,
    "total": 3
  },
  "axe": {
    "passes": 542,
    "violations": 37
  }
}