{
  "url": "https://hexo.io/",
  "requestedUrl": "https://hexo.io/",
  "timestamp": 1613297440172,
  "ranks": {
    "hundos": 11,
    "performance": 11,
    "accessibility": 12,
    "cumulative": 11
  },
  "lighthouse": {
    "version": "6.5.0",
    "performance": 0.51,
    "accessibility": 0.73,
    "bestPractices": 0.8,
    "seo": 0.93,
    "total": 297
  },
  "firstContentfulPaint": 1781.996,
  "speedIndex": 7068.330682367326,
  "largestContentfulPaint": 1931.996,
  "totalBlockingTime": 3090.199999999997,
  "cumulativeLayoutShift": 0.0003625233968098958,
  "timeToInteractive": 11854.080999999998,
  "maxPotentialFirstInputDelay": 490,
  "timeToFirstByte": 66.36000000000001,
  "weight": {
    "summary": "192 requests • 1,253 KiB",
    "total": 1282824,
    "image": 525469,
    "imageCount": 53,
    "script": 407980,
    "scriptCount": 55,
    "document": 184446,
    "font": 116828,
    "fontCount": 9,
    "stylesheet": 20079,
    "stylesheetCount": 10,
    "thirdParty": 1278613,
    "thirdPartyCount": 191
  },
  "run": {
    "number": 1,
    "total": 3
  },
  "axe": {
    "passes": 528,
    "violations": 47
  }
}