{
  "url": "https://v2.docusaurus.io/",
  "requestedUrl": "https://v2.docusaurus.io/",
  "timestamp": 1615889475313,
  "ranks": {
    "hundos": 6,
    "performance": 4,
    "accessibility": 8,
    "cumulative": 6
  },
  "lighthouse": {
    "version": "6.5.0",
    "performance": 0.97,
    "accessibility": 0.96,
    "bestPractices": 0.93,
    "seo": 0.94,
    "total": 380
  },
  "firstContentfulPaint": 1165.1019999999999,
  "speedIndex": 2129.92821015034,
  "largestContentfulPaint": 2115.832,
  "totalBlockingTime": 170.5,
  "cumulativeLayoutShift": 0.08071511501736112,
  "timeToInteractive": 3787.1025,
  "maxPotentialFirstInputDelay": 327,
  "timeToFirstByte": 46.354,
  "weight": {
    "summary": "25 requests • 293 KiB",
    "total": 300201,
    "image": 63175,
    "imageCount": 10,
    "script": 208304,
    "scriptCount": 9,
    "document": 10172,
    "font": 0,
    "fontCount": 0,
    "stylesheet": 17423,
    "stylesheetCount": 1,
    "thirdParty": 125451,
    "thirdPartyCount": 14
  },
  "run": {
    "number": 1,
    "total": 1
  },
  "axe": {
    "passes": 387,
    "violations": 6
  }
}