{
  "url": "https://v2.docusaurus.io/",
  "requestedUrl": "https://v2.docusaurus.io/",
  "timestamp": 1612523464256,
  "ranks": {
    "hundos": 6,
    "performance": 6,
    "accessibility": 8,
    "cumulative": 6
  },
  "lighthouse": {
    "version": "6.5.0",
    "performance": 0.88,
    "accessibility": 0.96,
    "bestPractices": 0.93,
    "seo": 0.94,
    "total": 371
  },
  "firstContentfulPaint": 2554.828,
  "speedIndex": 2554.828,
  "largestContentfulPaint": 3038.2419999999997,
  "totalBlockingTime": 244.5,
  "cumulativeLayoutShift": 0.08071511501736112,
  "timeToInteractive": 3812.8279999999995,
  "maxPotentialFirstInputDelay": 388,
  "timeToFirstByte": 72.251,
  "weight": {
    "summary": "24 requests • 285 KiB",
    "total": 292111,
    "image": 63200,
    "imageCount": 10,
    "script": 201660,
    "scriptCount": 9,
    "document": 10052,
    "font": 0,
    "fontCount": 0,
    "stylesheet": 17134,
    "stylesheetCount": 1,
    "thirdParty": 124490,
    "thirdPartyCount": 14
  },
  "run": {
    "number": 1,
    "total": 1
  },
  "axe": {
    "passes": 501,
    "violations": 6
  }
}