{
  "url": "https://v2.docusaurus.io/",
  "requestedUrl": "https://v2.docusaurus.io/",
  "timestamp": 1614075047222,
  "ranks": {
    "hundos": 12,
    "performance": 12,
    "accessibility": 8,
    "cumulative": 12
  },
  "lighthouse": {
    "version": "6.5.0",
    "performance": null,
    "accessibility": 0.96,
    "bestPractices": 0.93,
    "seo": 0.94,
    "total": 283
  },
  "firstContentfulPaint": 2402.7140000000004,
  "speedIndex": 2484.723471233321,
  "totalBlockingTime": 191.5,
  "cumulativeLayoutShift": 0.08071511501736112,
  "timeToInteractive": 3754.3285000000005,
  "maxPotentialFirstInputDelay": 359,
  "timeToFirstByte": 32.499,
  "weight": {
    "summary": "24 requests • 287 KiB",
    "total": 293656,
    "image": 63247,
    "imageCount": 10,
    "script": 202804,
    "scriptCount": 9,
    "document": 10128,
    "font": 0,
    "fontCount": 0,
    "stylesheet": 17412,
    "stylesheetCount": 1,
    "thirdParty": 124922,
    "thirdPartyCount": 14
  },
  "axe": {
    "passes": 496,
    "violations": 6
  }
}