{
  "url": "https://v2.docusaurus.io/",
  "requestedUrl": "https://v2.docusaurus.io/",
  "timestamp": 1614161661156,
  "ranks": {
    "hundos": 6,
    "performance": 6,
    "accessibility": 8,
    "cumulative": 6
  },
  "lighthouse": {
    "version": "6.5.0",
    "performance": 0.91,
    "accessibility": 0.96,
    "bestPractices": 0.93,
    "seo": 0.94,
    "total": 374
  },
  "firstContentfulPaint": 1752.2440000000001,
  "speedIndex": 2713.1684883948265,
  "largestContentfulPaint": 3149.7710000000006,
  "totalBlockingTime": 147,
  "cumulativeLayoutShift": 0.08071511501736112,
  "timeToInteractive": 3786.8950000000004,
  "maxPotentialFirstInputDelay": 332,
  "timeToFirstByte": 128.027,
  "weight": {
    "summary": "24 requests • 287 KiB",
    "total": 293891,
    "image": 63167,
    "imageCount": 10,
    "script": 203138,
    "scriptCount": 9,
    "document": 10103,
    "font": 0,
    "fontCount": 0,
    "stylesheet": 17418,
    "stylesheetCount": 1,
    "thirdParty": 125097,
    "thirdPartyCount": 14
  },
  "run": {
    "number": 2,
    "total": 2
  },
  "axe": {
    "passes": 496,
    "violations": 6
  }
}