{
  "url": "https://v2.docusaurus.io/",
  "requestedUrl": "https://v2.docusaurus.io/",
  "timestamp": 1614852746975,
  "ranks": {
    "hundos": 6,
    "performance": 4,
    "accessibility": 8,
    "cumulative": 6
  },
  "lighthouse": {
    "version": "6.5.0",
    "performance": 0.97,
    "accessibility": 0.96,
    "bestPractices": 0.93,
    "seo": 0.94,
    "total": 380
  },
  "firstContentfulPaint": 1550.1829999999998,
  "speedIndex": 2183.077849904012,
  "largestContentfulPaint": 2009.1669999999995,
  "totalBlockingTime": 137.5,
  "cumulativeLayoutShift": 0.08071511501736112,
  "timeToInteractive": 3690.1949999999997,
  "maxPotentialFirstInputDelay": 325,
  "timeToFirstByte": 32.425,
  "weight": {
    "summary": "24 requests • 286 KiB",
    "total": 292591,
    "image": 63202,
    "imageCount": 10,
    "script": 201825,
    "scriptCount": 9,
    "document": 10032,
    "font": 0,
    "fontCount": 0,
    "stylesheet": 17467,
    "stylesheetCount": 1,
    "thirdParty": 125068,
    "thirdPartyCount": 14
  },
  "run": {
    "number": 1,
    "total": 1
  },
  "axe": {
    "passes": 491,
    "violations": 6
  }
}