{
  "url": "https://v2.docusaurus.io/",
  "requestedUrl": "https://v2.docusaurus.io/",
  "timestamp": 1614248489594,
  "ranks": {
    "hundos": 6,
    "performance": 6,
    "accessibility": 8,
    "cumulative": 6
  },
  "lighthouse": {
    "version": "6.5.0",
    "performance": 0.91,
    "accessibility": 0.96,
    "bestPractices": 0.93,
    "seo": 0.94,
    "total": 374
  },
  "firstContentfulPaint": 1109.013,
  "speedIndex": 2209.130471489646,
  "largestContentfulPaint": 3044.064,
  "totalBlockingTime": 200.5,
  "cumulativeLayoutShift": 0.08071511501736112,
  "timeToInteractive": 3907.5384999999997,
  "maxPotentialFirstInputDelay": 331,
  "timeToFirstByte": 80.978,
  "weight": {
    "summary": "24 requests • 284 KiB",
    "total": 291221,
    "image": 63170,
    "imageCount": 10,
    "script": 200552,
    "scriptCount": 9,
    "document": 10009,
    "font": 0,
    "fontCount": 0,
    "stylesheet": 17425,
    "stylesheetCount": 1,
    "thirdParty": 125065,
    "thirdPartyCount": 14
  },
  "run": {
    "number": 1,
    "total": 2
  },
  "axe": {
    "passes": 491,
    "violations": 6
  }
}