{
  "url": "https://v2.docusaurus.io/",
  "requestedUrl": "https://v2.docusaurus.io/",
  "timestamp": 1616321596353,
  "ranks": {
    "hundos": 6,
    "performance": 5,
    "accessibility": 8,
    "cumulative": 6
  },
  "lighthouse": {
    "version": "6.5.0",
    "performance": 0.92,
    "accessibility": 0.96,
    "bestPractices": 0.93,
    "seo": 0.94,
    "total": 375
  },
  "firstContentfulPaint": 1086.9070000000002,
  "speedIndex": 2245.5237617055454,
  "largestContentfulPaint": 3067.907,
  "totalBlockingTime": 177,
  "cumulativeLayoutShift": 0.08071511501736112,
  "timeToInteractive": 3823.8605,
  "maxPotentialFirstInputDelay": 333,
  "timeToFirstByte": 80.98599999999999,
  "weight": {
    "summary": "25 requests • 296 KiB",
    "total": 303097,
    "image": 63619,
    "imageCount": 10,
    "script": 210765,
    "scriptCount": 9,
    "document": 10151,
    "font": 0,
    "fontCount": 0,
    "stylesheet": 17425,
    "stylesheetCount": 1,
    "thirdParty": 125262,
    "thirdPartyCount": 14
  },
  "run": {
    "number": 2,
    "total": 3
  },
  "axe": {
    "passes": 387,
    "violations": 6
  }
}