{
  "url": "https://v2.docusaurus.io/",
  "requestedUrl": "https://v2.docusaurus.io/",
  "timestamp": 1616235266592,
  "ranks": {
    "hundos": 6,
    "performance": 6,
    "accessibility": 8,
    "cumulative": 6
  },
  "lighthouse": {
    "version": "6.5.0",
    "performance": 0.91,
    "accessibility": 0.96,
    "bestPractices": 0.93,
    "seo": 0.94,
    "total": 374
  },
  "firstContentfulPaint": 2039.9160000000002,
  "speedIndex": 2416.974983410116,
  "largestContentfulPaint": 3014.916,
  "totalBlockingTime": 219.68849999999998,
  "cumulativeLayoutShift": 0.08071511501736112,
  "timeToInteractive": 3884.416,
  "maxPotentialFirstInputDelay": 335,
  "timeToFirstByte": 109.49000000000001,
  "weight": {
    "summary": "25 requests • 295 KiB",
    "total": 301822,
    "image": 63171,
    "imageCount": 10,
    "script": 209952,
    "scriptCount": 9,
    "document": 10146,
    "font": 0,
    "fontCount": 0,
    "stylesheet": 17424,
    "stylesheetCount": 1,
    "thirdParty": 124000,
    "thirdPartyCount": 14
  },
  "run": {
    "number": 2,
    "total": 2
  },
  "axe": {
    "passes": 387,
    "violations": 6
  }
}