{
  "url": "https://v2.docusaurus.io/",
  "requestedUrl": "https://v2.docusaurus.io/",
  "timestamp": 1615198402507,
  "ranks": {
    "hundos": 6,
    "performance": 5,
    "accessibility": 8,
    "cumulative": 6
  },
  "lighthouse": {
    "version": "6.5.0",
    "performance": 0.91,
    "accessibility": 0.96,
    "bestPractices": 0.93,
    "seo": 0.94,
    "total": 374
  },
  "firstContentfulPaint": 1615.924,
  "speedIndex": 2456.944852161343,
  "largestContentfulPaint": 3034.252,
  "totalBlockingTime": 176.5,
  "cumulativeLayoutShift": 0.08071511501736112,
  "timeToInteractive": 3897.5385,
  "maxPotentialFirstInputDelay": 351,
  "timeToFirstByte": 43.629999999999995,
  "weight": {
    "summary": "24 requests • 286 KiB",
    "total": 293075,
    "image": 63158,
    "imageCount": 10,
    "script": 202292,
    "scriptCount": 9,
    "document": 10100,
    "font": 0,
    "fontCount": 0,
    "stylesheet": 17460,
    "stylesheetCount": 1,
    "thirdParty": 125072,
    "thirdPartyCount": 14
  },
  "run": {
    "number": 2,
    "total": 3
  },
  "axe": {
    "passes": 491,
    "violations": 6
  }
}