{
  "url": "https://v2.docusaurus.io/",
  "requestedUrl": "https://v2.docusaurus.io/",
  "timestamp": 1612609724136,
  "ranks": {
    "hundos": 7,
    "performance": 6,
    "accessibility": 8,
    "cumulative": 7
  },
  "lighthouse": {
    "version": "6.5.0",
    "performance": 0.83,
    "accessibility": 0.96,
    "bestPractices": 0.93,
    "seo": 0.94,
    "total": 366
  },
  "firstContentfulPaint": 2930.6710000000003,
  "speedIndex": 3399.5044541756215,
  "largestContentfulPaint": 3618.4190000000003,
  "totalBlockingTime": 202.5,
  "cumulativeLayoutShift": 0.001790798611111111,
  "timeToInteractive": 3967.855000000001,
  "maxPotentialFirstInputDelay": 441,
  "timeToFirstByte": 184.904,
  "weight": {
    "summary": "24 requests • 286 KiB",
    "total": 292577,
    "image": 63606,
    "imageCount": 10,
    "script": 201541,
    "scriptCount": 9,
    "document": 10067,
    "font": 0,
    "fontCount": 0,
    "stylesheet": 17298,
    "stylesheetCount": 1,
    "thirdParty": 124884,
    "thirdPartyCount": 14
  },
  "run": {
    "number": 1,
    "total": 2
  },
  "axe": {
    "passes": 501,
    "violations": 6
  }
}