{
  "url": "https://v2.docusaurus.io/",
  "requestedUrl": "https://v2.docusaurus.io/",
  "timestamp": 1613211001907,
  "ranks": {
    "hundos": 6,
    "performance": 6,
    "accessibility": 8,
    "cumulative": 6
  },
  "lighthouse": {
    "version": "6.5.0",
    "performance": 0.93,
    "accessibility": 0.96,
    "bestPractices": 0.93,
    "seo": 0.94,
    "total": 376
  },
  "firstContentfulPaint": 1100.711,
  "speedIndex": 2567.293478605353,
  "largestContentfulPaint": 2949.3589999999995,
  "totalBlockingTime": 114.5,
  "cumulativeLayoutShift": 0.08071511501736112,
  "timeToInteractive": 3661.609,
  "maxPotentialFirstInputDelay": 279,
  "timeToFirstByte": 195.323,
  "weight": {
    "summary": "24 requests • 287 KiB",
    "total": 294159,
    "image": 63201,
    "imageCount": 10,
    "script": 203575,
    "scriptCount": 9,
    "document": 10141,
    "font": 0,
    "fontCount": 0,
    "stylesheet": 17177,
    "stylesheetCount": 1,
    "thirdParty": 124702,
    "thirdPartyCount": 14
  },
  "run": {
    "number": 1,
    "total": 1
  },
  "axe": {
    "passes": 501,
    "violations": 6
  }
}