{
  "url": "https://v2.docusaurus.io/",
  "requestedUrl": "https://v2.docusaurus.io/",
  "timestamp": 1612951991466,
  "ranks": {
    "hundos": 6,
    "performance": 6,
    "accessibility": 8,
    "cumulative": 6
  },
  "lighthouse": {
    "version": "6.5.0",
    "performance": 0.91,
    "accessibility": 0.96,
    "bestPractices": 0.93,
    "seo": 0.94,
    "total": 374
  },
  "firstContentfulPaint": 1704.408,
  "speedIndex": 2763.9549697208104,
  "largestContentfulPaint": 3093.8950000000004,
  "totalBlockingTime": 144.03849999999966,
  "cumulativeLayoutShift": 0.08071511501736112,
  "timeToInteractive": 3831.8104999999996,
  "maxPotentialFirstInputDelay": 321,
  "timeToFirstByte": 352.756,
  "weight": {
    "summary": "24 requests • 286 KiB",
    "total": 292489,
    "image": 63155,
    "imageCount": 10,
    "script": 201963,
    "scriptCount": 9,
    "document": 10087,
    "font": 0,
    "fontCount": 0,
    "stylesheet": 17219,
    "stylesheetCount": 1,
    "thirdParty": 124608,
    "thirdPartyCount": 14
  },
  "run": {
    "number": 2,
    "total": 2
  },
  "axe": {
    "passes": 501,
    "violations": 6
  }
}