{
  "url": "https://v2.docusaurus.io/",
  "requestedUrl": "https://v2.docusaurus.io/",
  "timestamp": 1615803253800,
  "ranks": {
    "hundos": 6,
    "performance": 6,
    "accessibility": 8,
    "cumulative": 6
  },
  "lighthouse": {
    "version": "6.5.0",
    "performance": 0.87,
    "accessibility": 0.96,
    "bestPractices": 0.93,
    "seo": 0.94,
    "total": 370
  },
  "firstContentfulPaint": 2231.555,
  "speedIndex": 2389.4779429924038,
  "largestContentfulPaint": 3014.415,
  "totalBlockingTime": 335.3454999999999,
  "cumulativeLayoutShift": 0.08071511501736112,
  "timeToInteractive": 3841.6204999999995,
  "maxPotentialFirstInputDelay": 349,
  "timeToFirstByte": 56.292,
  "weight": {
    "summary": "25 requests • 293 KiB",
    "total": 300270,
    "image": 63155,
    "imageCount": 10,
    "script": 208382,
    "scriptCount": 9,
    "document": 10177,
    "font": 0,
    "fontCount": 0,
    "stylesheet": 17425,
    "stylesheetCount": 1,
    "thirdParty": 125475,
    "thirdPartyCount": 14
  },
  "run": {
    "number": 2,
    "total": 2
  },
  "axe": {
    "passes": 497,
    "violations": 6
  }
}