{
  "url": "https://v2.docusaurus.io/",
  "requestedUrl": "https://v2.docusaurus.io/",
  "timestamp": 1613038423395,
  "ranks": {
    "hundos": 6,
    "performance": 6,
    "accessibility": 8,
    "cumulative": 5
  },
  "lighthouse": {
    "version": "6.5.0",
    "performance": 0.96,
    "accessibility": 0.96,
    "bestPractices": 0.93,
    "seo": 0.94,
    "total": 379
  },
  "firstContentfulPaint": 1562.638,
  "speedIndex": 2463.8594734880726,
  "largestContentfulPaint": 2020.509,
  "totalBlockingTime": 196.5,
  "cumulativeLayoutShift": 0.08071511501736112,
  "timeToInteractive": 3812.5890000000004,
  "maxPotentialFirstInputDelay": 349,
  "timeToFirstByte": 200.137,
  "weight": {
    "summary": "24 requests • 286 KiB",
    "total": 292569,
    "image": 63216,
    "imageCount": 10,
    "script": 201974,
    "scriptCount": 9,
    "document": 10140,
    "font": 0,
    "fontCount": 0,
    "stylesheet": 17174,
    "stylesheetCount": 1,
    "thirdParty": 124680,
    "thirdPartyCount": 14
  },
  "run": {
    "number": 2,
    "total": 2
  },
  "axe": {
    "passes": 501,
    "violations": 6
  }
}