{
  "url": "https://v2.docusaurus.io/",
  "requestedUrl": "https://v2.docusaurus.io/",
  "timestamp": 1614595414275,
  "ranks": {
    "hundos": 6,
    "performance": 6,
    "accessibility": 8,
    "cumulative": 6
  },
  "lighthouse": {
    "version": "6.5.0",
    "performance": 0.89,
    "accessibility": 0.96,
    "bestPractices": 0.93,
    "seo": 0.94,
    "total": 372
  },
  "firstContentfulPaint": 2406.363,
  "speedIndex": 2513.7262625224866,
  "largestContentfulPaint": 3029.419,
  "totalBlockingTime": 247,
  "cumulativeLayoutShift": 0.08071511501736112,
  "timeToInteractive": 3759.5009999999997,
  "maxPotentialFirstInputDelay": 355,
  "timeToFirstByte": 49.044,
  "weight": {
    "summary": "24 requests • 285 KiB",
    "total": 292053,
    "image": 63187,
    "imageCount": 10,
    "script": 201311,
    "scriptCount": 9,
    "document": 10018,
    "font": 0,
    "fontCount": 0,
    "stylesheet": 17472,
    "stylesheetCount": 1,
    "thirdParty": 125003,
    "thirdPartyCount": 14
  },
  "run": {
    "number": 1,
    "total": 1
  },
  "axe": {
    "passes": 491,
    "violations": 6
  }
}