{
  "url": "https://v2.docusaurus.io/",
  "requestedUrl": "https://v2.docusaurus.io/",
  "timestamp": 1612696129099,
  "ranks": {
    "hundos": 12,
    "performance": 12,
    "accessibility": 8,
    "cumulative": 12
  },
  "lighthouse": {
    "version": "6.5.0",
    "performance": null,
    "accessibility": 0.96,
    "bestPractices": 0.93,
    "seo": 0.94,
    "total": 283
  },
  "firstContentfulPaint": 2769.203,
  "speedIndex": 2769.203,
  "totalBlockingTime": 153,
  "cumulativeLayoutShift": 0.08071511501736112,
  "timeToInteractive": 3625.7030000000004,
  "maxPotentialFirstInputDelay": 343,
  "timeToFirstByte": 33.851,
  "weight": {
    "summary": "24 requests • 285 KiB",
    "total": 292176,
    "image": 63219,
    "imageCount": 10,
    "script": 201630,
    "scriptCount": 9,
    "document": 10116,
    "font": 0,
    "fontCount": 0,
    "stylesheet": 17146,
    "stylesheetCount": 1,
    "thirdParty": 124484,
    "thirdPartyCount": 14
  },
  "axe": {
    "passes": 501,
    "violations": 6
  }
}