{
  "url": "https://v2.docusaurus.io/",
  "requestedUrl": "https://v2.docusaurus.io/",
  "timestamp": 1615975839341,
  "ranks": {
    "hundos": 12,
    "performance": 12,
    "accessibility": 8,
    "cumulative": 12
  },
  "lighthouse": {
    "version": "6.5.0",
    "performance": null,
    "accessibility": 0.96,
    "bestPractices": 0.93,
    "seo": 0.94,
    "total": 283
  },
  "firstContentfulPaint": 2741.191,
  "speedIndex": 2741.191,
  "totalBlockingTime": 135.12699999999995,
  "cumulativeLayoutShift": 0.08071511501736112,
  "timeToInteractive": 3744.691,
  "maxPotentialFirstInputDelay": 312,
  "timeToFirstByte": 35.598000000000006,
  "weight": {
    "summary": "25 requests • 297 KiB",
    "total": 303862,
    "image": 63164,
    "imageCount": 10,
    "script": 212018,
    "scriptCount": 9,
    "document": 10131,
    "font": 0,
    "fontCount": 0,
    "stylesheet": 17421,
    "stylesheetCount": 1,
    "thirdParty": 125469,
    "thirdPartyCount": 14
  },
  "axe": {
    "passes": 387,
    "violations": 6
  }
}