{
  "url": "https://v2.docusaurus.io/",
  "requestedUrl": "https://v2.docusaurus.io/",
  "timestamp": 1612865571056,
  "ranks": {
    "hundos": 6,
    "performance": 6,
    "accessibility": 8,
    "cumulative": 6
  },
  "lighthouse": {
    "version": "6.5.0",
    "performance": 0.91,
    "accessibility": 0.96,
    "bestPractices": 0.93,
    "seo": 0.94,
    "total": 374
  },
  "firstContentfulPaint": 1713.799,
  "speedIndex": 2905.892953858781,
  "largestContentfulPaint": 3122.01,
  "totalBlockingTime": 117,
  "cumulativeLayoutShift": 0.08071511501736112,
  "timeToInteractive": 3800.545,
  "maxPotentialFirstInputDelay": 284,
  "timeToFirstByte": 315.844,
  "weight": {
    "summary": "24 requests • 285 KiB",
    "total": 292217,
    "image": 63156,
    "imageCount": 10,
    "script": 201753,
    "scriptCount": 9,
    "document": 10096,
    "font": 0,
    "fontCount": 0,
    "stylesheet": 17147,
    "stylesheetCount": 1,
    "thirdParty": 124457,
    "thirdPartyCount": 14
  },
  "run": {
    "number": 3,
    "total": 3
  },
  "axe": {
    "passes": 501,
    "violations": 6
  }
}