{
  "url": "https://v2.docusaurus.io/",
  "requestedUrl": "https://v2.docusaurus.io/",
  "timestamp": 1613297418702,
  "ranks": {
    "hundos": 12,
    "performance": 12,
    "accessibility": 8,
    "cumulative": 12
  },
  "lighthouse": {
    "version": "6.5.0",
    "performance": null,
    "accessibility": 0.96,
    "bestPractices": 0.93,
    "seo": 0.94,
    "total": 283
  },
  "firstContentfulPaint": 2779.572,
  "speedIndex": 2779.572,
  "totalBlockingTime": 149.5,
  "cumulativeLayoutShift": 0.08071511501736112,
  "timeToInteractive": 3679.5720000000006,
  "maxPotentialFirstInputDelay": 349,
  "timeToFirstByte": 32.932,
  "weight": {
    "summary": "24 requests • 287 KiB",
    "total": 294008,
    "image": 63286,
    "imageCount": 10,
    "script": 203325,
    "scriptCount": 9,
    "document": 10116,
    "font": 0,
    "fontCount": 0,
    "stylesheet": 17216,
    "stylesheetCount": 1,
    "thirdParty": 124565,
    "thirdPartyCount": 14
  },
  "axe": {
    "passes": 501,
    "violations": 6
  }
}