{
  "url": "https://v2.docusaurus.io/",
  "requestedUrl": "https://v2.docusaurus.io/",
  "timestamp": 1612439564749,
  "ranks": {
    "hundos": 6,
    "performance": 6,
    "accessibility": 8,
    "cumulative": 6
  },
  "lighthouse": {
    "version": "6.5.0",
    "performance": 0.89,
    "accessibility": 0.96,
    "bestPractices": 0.93,
    "seo": 0.94,
    "total": 372
  },
  "firstContentfulPaint": 1778.501,
  "speedIndex": 3358.5621510151545,
  "largestContentfulPaint": 3189.455,
  "totalBlockingTime": 158.49999999999955,
  "cumulativeLayoutShift": 0.08071511501736112,
  "timeToInteractive": 3985.1679999999997,
  "maxPotentialFirstInputDelay": 350.99999999999955,
  "timeToFirstByte": 134.008,
  "weight": {
    "summary": "24 requests • 285 KiB",
    "total": 292144,
    "image": 63211,
    "imageCount": 10,
    "script": 201649,
    "scriptCount": 9,
    "document": 10059,
    "font": 0,
    "fontCount": 0,
    "stylesheet": 17160,
    "stylesheetCount": 1,
    "thirdParty": 124545,
    "thirdPartyCount": 14
  },
  "run": {
    "number": 1,
    "total": 3
  },
  "axe": {
    "passes": 501,
    "violations": 6
  }
}