{
  "url": "https://v2.docusaurus.io/",
  "requestedUrl": "https://v2.docusaurus.io/",
  "timestamp": 1614334659487,
  "ranks": {
    "hundos": 6,
    "performance": 6,
    "accessibility": 8,
    "cumulative": 6
  },
  "lighthouse": {
    "version": "6.5.0",
    "performance": 0.91,
    "accessibility": 0.96,
    "bestPractices": 0.93,
    "seo": 0.94,
    "total": 374
  },
  "firstContentfulPaint": 1657.1659999999997,
  "speedIndex": 2560.1543661294145,
  "largestContentfulPaint": 3038.361,
  "totalBlockingTime": 190.49999999999966,
  "cumulativeLayoutShift": 0.08071511501736112,
  "timeToInteractive": 3952.1425,
  "maxPotentialFirstInputDelay": 388.99999999999955,
  "timeToFirstByte": 169.729,
  "weight": {
    "summary": "24 requests • 284 KiB",
    "total": 291314,
    "image": 63192,
    "imageCount": 10,
    "script": 200596,
    "scriptCount": 9,
    "document": 10029,
    "font": 0,
    "fontCount": 0,
    "stylesheet": 17432,
    "stylesheetCount": 1,
    "thirdParty": 125123,
    "thirdPartyCount": 14
  },
  "run": {
    "number": 2,
    "total": 2
  },
  "axe": {
    "passes": 491,
    "violations": 6
  }
}