{
  "url": "https://v2.docusaurus.io/",
  "requestedUrl": "https://v2.docusaurus.io/",
  "timestamp": 1615457544314,
  "ranks": {
    "hundos": 6,
    "performance": 6,
    "accessibility": 8,
    "cumulative": 6
  },
  "lighthouse": {
    "version": "6.5.0",
    "performance": 0.93,
    "accessibility": 0.96,
    "bestPractices": 0.93,
    "seo": 0.94,
    "total": 376
  },
  "firstContentfulPaint": 1551.7710000000002,
  "speedIndex": 2576.752023464225,
  "largestContentfulPaint": 2961.366,
  "totalBlockingTime": 126,
  "cumulativeLayoutShift": 0.08071511501736112,
  "timeToInteractive": 3626.0465,
  "maxPotentialFirstInputDelay": 302,
  "timeToFirstByte": 158.726,
  "weight": {
    "summary": "25 requests • 293 KiB",
    "total": 299941,
    "image": 63149,
    "imageCount": 10,
    "script": 208249,
    "scriptCount": 9,
    "document": 10053,
    "font": 0,
    "fontCount": 0,
    "stylesheet": 17429,
    "stylesheetCount": 1,
    "thirdParty": 125394,
    "thirdPartyCount": 14
  },
  "run": {
    "number": 2,
    "total": 3
  },
  "axe": {
    "passes": 497,
    "violations": 6
  }
}