{
  "url": "https://v2.docusaurus.io/",
  "requestedUrl": "https://v2.docusaurus.io/",
  "timestamp": 1614507100055,
  "ranks": {
    "hundos": 5,
    "performance": 4,
    "accessibility": 8,
    "cumulative": 5
  },
  "lighthouse": {
    "version": "6.5.0",
    "performance": 0.97,
    "accessibility": 0.96,
    "bestPractices": 0.93,
    "seo": 0.94,
    "total": 380
  },
  "firstContentfulPaint": 1541.1649999999997,
  "speedIndex": 2075.0981246546344,
  "largestContentfulPaint": 1998.7299999999996,
  "totalBlockingTime": 114.5,
  "cumulativeLayoutShift": 0.08071511501736112,
  "timeToInteractive": 3578.2349999999997,
  "maxPotentialFirstInputDelay": 270,
  "timeToFirstByte": 24.218,
  "weight": {
    "summary": "24 requests • 285 KiB",
    "total": 292136,
    "image": 63197,
    "imageCount": 10,
    "script": 201337,
    "scriptCount": 9,
    "document": 10111,
    "font": 0,
    "fontCount": 0,
    "stylesheet": 17426,
    "stylesheetCount": 1,
    "thirdParty": 125024,
    "thirdPartyCount": 14
  },
  "run": {
    "number": 1,
    "total": 2
  },
  "axe": {
    "passes": 491,
    "violations": 6
  }
}