{
  "url": "https://v2.docusaurus.io/",
  "requestedUrl": "https://v2.docusaurus.io/",
  "timestamp": 1616148872478,
  "ranks": {
    "hundos": 6,
    "performance": 5,
    "accessibility": 8,
    "cumulative": 6
  },
  "lighthouse": {
    "version": "6.5.0",
    "performance": 0.92,
    "accessibility": 0.96,
    "bestPractices": 0.93,
    "seo": 0.94,
    "total": 375
  },
  "firstContentfulPaint": 1087.1409999999998,
  "speedIndex": 2179.032541094698,
  "largestContentfulPaint": 3047.421,
  "totalBlockingTime": 190.7000000000005,
  "cumulativeLayoutShift": 0.08071511501736112,
  "timeToInteractive": 3810.2210000000005,
  "maxPotentialFirstInputDelay": 342.00000000000045,
  "timeToFirstByte": 87.20000000000002,
  "weight": {
    "summary": "25 requests • 295 KiB",
    "total": 302581,
    "image": 63161,
    "imageCount": 10,
    "script": 210714,
    "scriptCount": 9,
    "document": 10157,
    "font": 0,
    "fontCount": 0,
    "stylesheet": 17423,
    "stylesheetCount": 1,
    "thirdParty": 124793,
    "thirdPartyCount": 14
  },
  "run": {
    "number": 2,
    "total": 2
  },
  "axe": {
    "passes": 387,
    "violations": 6
  }
}