{
  "url": "https://v2.docusaurus.io/",
  "requestedUrl": "https://v2.docusaurus.io/",
  "timestamp": 1614939250383,
  "ranks": {
    "hundos": 6,
    "performance": 6,
    "accessibility": 8,
    "cumulative": 6
  },
  "lighthouse": {
    "version": "6.5.0",
    "performance": 0.92,
    "accessibility": 0.96,
    "bestPractices": 0.93,
    "seo": 0.94,
    "total": 375
  },
  "firstContentfulPaint": 1229.3,
  "speedIndex": 2647.242499571178,
  "largestContentfulPaint": 3110.782,
  "totalBlockingTime": 126,
  "cumulativeLayoutShift": 0.08071511501736112,
  "timeToInteractive": 3804.8,
  "maxPotentialFirstInputDelay": 299,
  "timeToFirstByte": 147.151,
  "weight": {
    "summary": "24 requests • 286 KiB",
    "total": 292781,
    "image": 63319,
    "imageCount": 10,
    "script": 201920,
    "scriptCount": 9,
    "document": 10012,
    "font": 0,
    "fontCount": 0,
    "stylesheet": 17465,
    "stylesheetCount": 1,
    "thirdParty": 125021,
    "thirdPartyCount": 14
  },
  "run": {
    "number": 3,
    "total": 3
  },
  "axe": {
    "passes": 491,
    "violations": 6
  }
}