{
  "url": "https://v2.docusaurus.io/",
  "requestedUrl": "https://v2.docusaurus.io/",
  "timestamp": 1614766495197,
  "ranks": {
    "hundos": 6,
    "performance": 5,
    "accessibility": 8,
    "cumulative": 6
  },
  "lighthouse": {
    "version": "6.5.0",
    "performance": 0.9,
    "accessibility": 0.96,
    "bestPractices": 0.93,
    "seo": 0.94,
    "total": 373
  },
  "firstContentfulPaint": 1748.993,
  "speedIndex": 2659.22654786404,
  "largestContentfulPaint": 3165.3109999999997,
  "totalBlockingTime": 160,
  "cumulativeLayoutShift": 0.08071511501736112,
  "timeToInteractive": 3968.2300000000005,
  "maxPotentialFirstInputDelay": 370,
  "timeToFirstByte": 101.138,
  "weight": {
    "summary": "24 requests • 285 KiB",
    "total": 292207,
    "image": 63180,
    "imageCount": 10,
    "script": 201470,
    "scriptCount": 9,
    "document": 10065,
    "font": 0,
    "fontCount": 0,
    "stylesheet": 17427,
    "stylesheetCount": 1,
    "thirdParty": 124998,
    "thirdPartyCount": 14
  },
  "run": {
    "number": 2,
    "total": 2
  },
  "axe": {
    "passes": 491,
    "violations": 6
  }
}