{
  "url": "https://v2.docusaurus.io/",
  "requestedUrl": "https://v2.docusaurus.io/",
  "timestamp": 1615371295719,
  "ranks": {
    "hundos": 6,
    "performance": 6,
    "accessibility": 8,
    "cumulative": 6
  },
  "lighthouse": {
    "version": "6.5.0",
    "performance": 0.9,
    "accessibility": 0.96,
    "bestPractices": 0.93,
    "seo": 0.94,
    "total": 373
  },
  "firstContentfulPaint": 1417.7850000000003,
  "speedIndex": 2774.1963908227285,
  "largestContentfulPaint": 3152.932,
  "totalBlockingTime": 148.4580000000003,
  "cumulativeLayoutShift": 0.08071511501736112,
  "timeToInteractive": 4076.1670000000004,
  "maxPotentialFirstInputDelay": 333,
  "timeToFirstByte": 89.66899999999998,
  "weight": {
    "summary": "24 requests • 291 KiB",
    "total": 297990,
    "image": 63156,
    "imageCount": 10,
    "script": 207221,
    "scriptCount": 9,
    "document": 10122,
    "font": 0,
    "fontCount": 0,
    "stylesheet": 17424,
    "stylesheetCount": 1,
    "thirdParty": 125121,
    "thirdPartyCount": 14
  },
  "run": {
    "number": 3,
    "total": 3
  },
  "axe": {
    "passes": 497,
    "violations": 6
  }
}