{
  "url": "https://v2.docusaurus.io/",
  "requestedUrl": "https://v2.docusaurus.io/",
  "timestamp": 1613470239482,
  "ranks": {
    "hundos": 6,
    "performance": 6,
    "accessibility": 8,
    "cumulative": 6
  },
  "lighthouse": {
    "version": "6.5.0",
    "performance": 0.94,
    "accessibility": 0.96,
    "bestPractices": 0.87,
    "seo": 0.94,
    "total": 371
  },
  "firstContentfulPaint": 1662.6249999999998,
  "speedIndex": 1910.474202741797,
  "largestContentfulPaint": 3043.6859999999997,
  "totalBlockingTime": 0.4999999999998863,
  "cumulativeLayoutShift": 0,
  "timeToInteractive": 2278.1555,
  "maxPotentialFirstInputDelay": 51,
  "timeToFirstByte": 26.735,
  "weight": {
    "summary": "21 requests • 225 KiB",
    "total": 230789,
    "image": 60857,
    "imageCount": 9,
    "script": 142556,
    "scriptCount": 8,
    "document": 10135,
    "font": 0,
    "fontCount": 0,
    "stylesheet": 17176,
    "stylesheetCount": 1,
    "thirdParty": 124572,
    "thirdPartyCount": 14
  },
  "run": {
    "number": 1,
    "total": 1
  },
  "axe": {
    "passes": 501,
    "violations": 6
  }
}