{
  "url": "https://nextjs.org/",
  "requestedUrl": "https://nextjs.org/",
  "timestamp": 1613470179900,
  "ranks": {
    "hundos": 4,
    "performance": 4,
    "accessibility": 7,
    "cumulative": 4
  },
  "lighthouse": {
    "version": "6.5.0",
    "performance": 0.95,
    "accessibility": 0.97,
    "bestPractices": 0.94,
    "seo": 1,
    "total": 386
  },
  "firstContentfulPaint": 1806.056,
  "speedIndex": 1806.056,
  "largestContentfulPaint": 2481.0560000000005,
  "totalBlockingTime": 215,
  "cumulativeLayoutShift": 0,
  "timeToInteractive": 3698.666,
  "maxPotentialFirstInputDelay": 177,
  "timeToFirstByte": 11.779,
  "weight": {
    "summary": "74 requests • 510 KiB",
    "total": 522513,
    "image": 0,
    "imageCount": 0,
    "script": 221689,
    "scriptCount": 35,
    "document": 45380,
    "font": 37042,
    "fontCount": 1,
    "stylesheet": 3312,
    "stylesheetCount": 2,
    "thirdParty": 95478,
    "thirdPartyCount": 6
  },
  "run": {
    "number": 1,
    "total": 3
  },
  "axe": {
    "passes": 852,
    "violations": 41
  }
}