{
  "url": "https://nextjs.org/",
  "requestedUrl": "https://nextjs.org/",
  "timestamp": 1615457510433,
  "ranks": {
    "hundos": 4,
    "performance": 5,
    "accessibility": 7,
    "cumulative": 4
  },
  "lighthouse": {
    "version": "6.5.0",
    "performance": 0.97,
    "accessibility": 0.97,
    "bestPractices": 0.94,
    "seo": 1,
    "total": 388
  },
  "firstContentfulPaint": 1980.9740000000002,
  "speedIndex": 1980.9740000000002,
  "largestContentfulPaint": 1980.9740000000002,
  "totalBlockingTime": 151.5,
  "cumulativeLayoutShift": 0,
  "timeToInteractive": 3759.38615713501,
  "maxPotentialFirstInputDelay": 109,
  "timeToFirstByte": 10.179999999999996,
  "weight": {
    "summary": "79 requests • 537 KiB",
    "total": 549555,
    "image": 0,
    "imageCount": 0,
    "script": 223011,
    "scriptCount": 37,
    "document": 45366,
    "font": 37051,
    "fontCount": 1,
    "stylesheet": 3314,
    "stylesheetCount": 2,
    "thirdParty": 96319,
    "thirdPartyCount": 6
  },
  "run": {
    "number": 2,
    "total": 3
  },
  "axe": {
    "passes": 852,
    "violations": 41
  }
}