{
  "url": "https://nextjs.org/",
  "requestedUrl": "https://nextjs.org/",
  "timestamp": 1614679737433,
  "ranks": {
    "hundos": 5,
    "performance": 4,
    "accessibility": 7,
    "cumulative": 5
  },
  "lighthouse": {
    "version": "6.5.0",
    "performance": 0.96,
    "accessibility": 0.97,
    "bestPractices": 0.94,
    "seo": 1,
    "total": 387
  },
  "firstContentfulPaint": 1822.464,
  "speedIndex": 1822.464,
  "largestContentfulPaint": 2354.6115,
  "totalBlockingTime": 119.5,
  "cumulativeLayoutShift": 0,
  "timeToInteractive": 4042.7195210113523,
  "maxPotentialFirstInputDelay": 127,
  "timeToFirstByte": 12.227999999999998,
  "weight": {
    "summary": "74 requests • 511 KiB",
    "total": 523131,
    "image": 0,
    "imageCount": 0,
    "script": 222418,
    "scriptCount": 35,
    "document": 45366,
    "font": 37042,
    "fontCount": 1,
    "stylesheet": 3307,
    "stylesheetCount": 2,
    "thirdParty": 95990,
    "thirdPartyCount": 6
  },
  "run": {
    "number": 1,
    "total": 3
  },
  "axe": {
    "passes": 852,
    "violations": 41
  }
}