{
  "url": "https://nextjs.org/",
  "requestedUrl": "https://nextjs.org/",
  "timestamp": 1617610584214,
  "ranks": {
    "hundos": 5,
    "performance": 5,
    "accessibility": 7,
    "cumulative": 5
  },
  "lighthouse": {
    "version": "6.5.0",
    "performance": 0.95,
    "accessibility": 0.97,
    "bestPractices": 0.94,
    "seo": 1,
    "total": 386
  },
  "firstContentfulPaint": 1957.8260000000002,
  "speedIndex": 1957.8260000000002,
  "largestContentfulPaint": 2508.6109999999994,
  "totalBlockingTime": 102.5,
  "cumulativeLayoutShift": 0,
  "timeToInteractive": 4244.7,
  "maxPotentialFirstInputDelay": 267,
  "timeToFirstByte": 47.117000000000004,
  "weight": {
    "summary": "75 requests • 527 KiB",
    "total": 539253,
    "image": 0,
    "imageCount": 0,
    "script": 223514,
    "scriptCount": 35,
    "document": 45468,
    "font": 37043,
    "fontCount": 1,
    "stylesheet": 3314,
    "stylesheetCount": 2,
    "thirdParty": 96106,
    "thirdPartyCount": 6
  },
  "run": {
    "number": 1,
    "total": 3
  },
  "axe": {
    "passes": 864,
    "violations": 41
  }
}