{
  "url": "https://nextjs.org/",
  "requestedUrl": "https://nextjs.org/",
  "timestamp": 1612951771483,
  "ranks": {
    "hundos": 3,
    "performance": 4,
    "accessibility": 7,
    "cumulative": 3
  },
  "lighthouse": {
    "version": "6.5.0",
    "performance": 0.97,
    "accessibility": 0.97,
    "bestPractices": 0.94,
    "seo": 1,
    "total": 388
  },
  "firstContentfulPaint": 1677.048,
  "speedIndex": 1677.048,
  "largestContentfulPaint": 2231.4714999999997,
  "totalBlockingTime": 73,
  "cumulativeLayoutShift": 0,
  "timeToInteractive": 3793.8050210113524,
  "maxPotentialFirstInputDelay": 85,
  "timeToFirstByte": 9.111,
  "weight": {
    "summary": "74 requests • 508 KiB",
    "total": 520055,
    "image": 0,
    "imageCount": 0,
    "script": 221084,
    "scriptCount": 35,
    "document": 45333,
    "font": 37051,
    "fontCount": 1,
    "stylesheet": 3243,
    "stylesheetCount": 2,
    "thirdParty": 95388,
    "thirdPartyCount": 6
  },
  "run": {
    "number": 1,
    "total": 3
  },
  "axe": {
    "passes": 852,
    "violations": 41
  }
}