{
  "url": "https://nextjs.org/",
  "requestedUrl": "https://nextjs.org/",
  "timestamp": 1614766460786,
  "ranks": {
    "hundos": 5,
    "performance": 6,
    "accessibility": 7,
    "cumulative": 5
  },
  "lighthouse": {
    "version": "6.5.0",
    "performance": 0.87,
    "accessibility": 0.97,
    "bestPractices": 0.94,
    "seo": 1,
    "total": 378
  },
  "firstContentfulPaint": 1975.5480000000005,
  "speedIndex": 1975.5480000000005,
  "largestContentfulPaint": 2428.9980000000005,
  "totalBlockingTime": 448,
  "cumulativeLayoutShift": 0,
  "timeToInteractive": 4118.5244999999995,
  "maxPotentialFirstInputDelay": 359,
  "timeToFirstByte": 11.706000000000003,
  "weight": {
    "summary": "74 requests • 511 KiB",
    "total": 523137,
    "image": 0,
    "imageCount": 0,
    "script": 222323,
    "scriptCount": 35,
    "document": 45366,
    "font": 37042,
    "fontCount": 1,
    "stylesheet": 3314,
    "stylesheetCount": 2,
    "thirdParty": 95898,
    "thirdPartyCount": 6
  },
  "run": {
    "number": 3,
    "total": 3
  },
  "axe": {
    "passes": 852,
    "violations": 41
  }
}