{
  "url": "https://nextjs.org/",
  "requestedUrl": "https://nextjs.org/",
  "timestamp": 1616235138316,
  "ranks": {
    "hundos": 3,
    "performance": 4,
    "accessibility": 7,
    "cumulative": 3
  },
  "lighthouse": {
    "version": "6.5.0",
    "performance": 0.97,
    "accessibility": 0.97,
    "bestPractices": 0.94,
    "seo": 1,
    "total": 388
  },
  "firstContentfulPaint": 1732.6950000000002,
  "speedIndex": 1732.6950000000002,
  "largestContentfulPaint": 2286.9235,
  "totalBlockingTime": 101.5,
  "cumulativeLayoutShift": 0,
  "timeToInteractive": 3723.048,
  "maxPotentialFirstInputDelay": 237,
  "timeToFirstByte": 16.341,
  "weight": {
    "summary": "79 requests • 536 KiB",
    "total": 548667,
    "image": 0,
    "imageCount": 0,
    "script": 259060,
    "scriptCount": 37,
    "document": 45366,
    "font": 37041,
    "fontCount": 1,
    "stylesheet": 3308,
    "stylesheetCount": 2,
    "thirdParty": 95629,
    "thirdPartyCount": 6
  },
  "run": {
    "number": 2,
    "total": 3
  },
  "axe": {
    "passes": 852,
    "violations": 41
  }
}