{
  "url": "https://nextjs.org/",
  "requestedUrl": "https://nextjs.org/",
  "timestamp": 1615285070623,
  "ranks": {
    "hundos": 5,
    "performance": 6,
    "accessibility": 7,
    "cumulative": 5
  },
  "lighthouse": {
    "version": "6.5.0",
    "performance": 0.94,
    "accessibility": 0.97,
    "bestPractices": 0.94,
    "seo": 1,
    "total": 385
  },
  "firstContentfulPaint": 1679.5230000000001,
  "speedIndex": 1679.5230000000001,
  "largestContentfulPaint": 2258.932,
  "totalBlockingTime": 292.47512246704105,
  "cumulativeLayoutShift": 0,
  "timeToInteractive": 3882.554877532959,
  "maxPotentialFirstInputDelay": 253,
  "timeToFirstByte": 6.931000000000001,
  "weight": {
    "summary": "79 requests • 536 KiB",
    "total": 549068,
    "image": 0,
    "imageCount": 0,
    "script": 222615,
    "scriptCount": 37,
    "document": 45364,
    "font": 37052,
    "fontCount": 1,
    "stylesheet": 3311,
    "stylesheetCount": 2,
    "thirdParty": 95959,
    "thirdPartyCount": 6
  },
  "run": {
    "number": 3,
    "total": 3
  },
  "axe": {
    "passes": 852,
    "violations": 41
  }
}