{
  "url": "https://nextjs.org/",
  "requestedUrl": "https://nextjs.org/",
  "timestamp": 1613988518151,
  "ranks": {
    "hundos": 4,
    "performance": 5,
    "accessibility": 7,
    "cumulative": 4
  },
  "lighthouse": {
    "version": "6.5.0",
    "performance": 0.96,
    "accessibility": 0.97,
    "bestPractices": 0.94,
    "seo": 1,
    "total": 387
  },
  "firstContentfulPaint": 1830.8310000000001,
  "speedIndex": 1830.8310000000001,
  "largestContentfulPaint": 2505.831,
  "totalBlockingTime": 109,
  "cumulativeLayoutShift": 0,
  "timeToInteractive": 3836.7174420166016,
  "maxPotentialFirstInputDelay": 153,
  "timeToFirstByte": 14.159000000000002,
  "weight": {
    "summary": "74 requests • 511 KiB",
    "total": 522817,
    "image": 0,
    "imageCount": 0,
    "script": 222009,
    "scriptCount": 35,
    "document": 45379,
    "font": 37042,
    "fontCount": 1,
    "stylesheet": 3306,
    "stylesheetCount": 2,
    "thirdParty": 95829,
    "thirdPartyCount": 6
  },
  "run": {
    "number": 1,
    "total": 3
  },
  "axe": {
    "passes": 852,
    "violations": 41
  }
}