{
  "url": "https://nextjs.org/",
  "requestedUrl": "https://nextjs.org/",
  "timestamp": 1612523422808,
  "ranks": {
    "hundos": 4,
    "performance": 5,
    "accessibility": 7,
    "cumulative": 4
  },
  "lighthouse": {
    "version": "6.5.0",
    "performance": 0.93,
    "accessibility": 0.97,
    "bestPractices": 0.94,
    "seo": 1,
    "total": 384
  },
  "firstContentfulPaint": 1902.9219999999996,
  "speedIndex": 1902.9219999999996,
  "largestContentfulPaint": 2378.206,
  "totalBlockingTime": 296.49168058776877,
  "cumulativeLayoutShift": 0,
  "timeToInteractive": 3930.8943194122307,
  "maxPotentialFirstInputDelay": 347,
  "timeToFirstByte": 17.702000000000005,
  "weight": {
    "summary": "74 requests • 508 KiB",
    "total": 519909,
    "image": 0,
    "imageCount": 0,
    "script": 221042,
    "scriptCount": 35,
    "document": 45341,
    "font": 37051,
    "fontCount": 1,
    "stylesheet": 3242,
    "stylesheetCount": 2,
    "thirdParty": 95389,
    "thirdPartyCount": 6
  },
  "run": {
    "number": 2,
    "total": 3
  },
  "axe": {
    "passes": 852,
    "violations": 41
  }
}