{
  "url": "https://nextjs.org/",
  "requestedUrl": "https://nextjs.org/",
  "timestamp": 1615198466692,
  "ranks": {
    "hundos": 5,
    "performance": 6,
    "accessibility": 7,
    "cumulative": 5
  },
  "lighthouse": {
    "version": "6.5.0",
    "performance": 0.85,
    "accessibility": 0.97,
    "bestPractices": 0.94,
    "seo": 1,
    "total": 376
  },
  "firstContentfulPaint": 1810.675,
  "speedIndex": 1810.675,
  "largestContentfulPaint": 2187.987,
  "totalBlockingTime": 564.9450000000002,
  "cumulativeLayoutShift": 0,
  "timeToInteractive": 4074.7185,
  "maxPotentialFirstInputDelay": 540,
  "timeToFirstByte": 8.640999999999998,
  "weight": {
    "summary": "79 requests • 536 KiB",
    "total": 549099,
    "image": 0,
    "imageCount": 0,
    "script": 222616,
    "scriptCount": 37,
    "document": 45365,
    "font": 37051,
    "fontCount": 1,
    "stylesheet": 3314,
    "stylesheetCount": 2,
    "thirdParty": 95958,
    "thirdPartyCount": 6
  },
  "run": {
    "number": 3,
    "total": 3
  },
  "axe": {
    "passes": 852,
    "violations": 41
  }
}