{
  "url": "https://nextjs.org/",
  "requestedUrl": "https://nextjs.org/",
  "timestamp": 1613815802587,
  "ranks": {
    "hundos": 3,
    "performance": 3,
    "accessibility": 7,
    "cumulative": 3
  },
  "lighthouse": {
    "version": "6.5.0",
    "performance": 0.97,
    "accessibility": 0.97,
    "bestPractices": 0.94,
    "seo": 1,
    "total": 388
  },
  "firstContentfulPaint": 1670.7540000000001,
  "speedIndex": 1670.7540000000001,
  "largestContentfulPaint": 2275.282,
  "totalBlockingTime": 131.5,
  "cumulativeLayoutShift": 0,
  "timeToInteractive": 3885.8325000000004,
  "maxPotentialFirstInputDelay": 260,
  "timeToFirstByte": 9.779,
  "weight": {
    "summary": "74 requests • 511 KiB",
    "total": 522828,
    "image": 0,
    "imageCount": 0,
    "script": 222004,
    "scriptCount": 35,
    "document": 45380,
    "font": 37042,
    "fontCount": 1,
    "stylesheet": 3308,
    "stylesheetCount": 2,
    "thirdParty": 95829,
    "thirdPartyCount": 6
  },
  "run": {
    "number": 1,
    "total": 3
  },
  "axe": {
    "passes": 852,
    "violations": 41
  }
}