{
  "url": "https://nextjs.org/",
  "requestedUrl": "https://nextjs.org/",
  "timestamp": 1613902271821,
  "ranks": {
    "hundos": 3,
    "performance": 4,
    "accessibility": 7,
    "cumulative": 3
  },
  "lighthouse": {
    "version": "6.5.0",
    "performance": 0.97,
    "accessibility": 0.97,
    "bestPractices": 0.94,
    "seo": 1,
    "total": 388
  },
  "firstContentfulPaint": 1688.645,
  "speedIndex": 1688.645,
  "largestContentfulPaint": 1840.915,
  "totalBlockingTime": 147,
  "cumulativeLayoutShift": 0,
  "timeToInteractive": 4213.139942016602,
  "maxPotentialFirstInputDelay": 160,
  "timeToFirstByte": 7.7230000000000025,
  "weight": {
    "summary": "74 requests • 510 KiB",
    "total": 522735,
    "image": 0,
    "imageCount": 0,
    "script": 221981,
    "scriptCount": 35,
    "document": 45379,
    "font": 37051,
    "fontCount": 1,
    "stylesheet": 3329,
    "stylesheetCount": 2,
    "thirdParty": 95816,
    "thirdPartyCount": 6
  },
  "run": {
    "number": 2,
    "total": 3
  },
  "axe": {
    "passes": 852,
    "violations": 41
  }
}