{
  "url": "https://nextjs.org/",
  "requestedUrl": "https://nextjs.org/",
  "timestamp": 1612609784831,
  "ranks": {
    "hundos": 3,
    "performance": 4,
    "accessibility": 7,
    "cumulative": 3
  },
  "lighthouse": {
    "version": "6.5.0",
    "performance": 0.97,
    "accessibility": 0.97,
    "bestPractices": 0.94,
    "seo": 1,
    "total": 388
  },
  "firstContentfulPaint": 1678.596,
  "speedIndex": 1678.596,
  "largestContentfulPaint": 2204.0249999999996,
  "totalBlockingTime": 91.5,
  "cumulativeLayoutShift": 0,
  "timeToInteractive": 3837.4859999999994,
  "maxPotentialFirstInputDelay": 95,
  "timeToFirstByte": 3.8580000000000005,
  "weight": {
    "summary": "74 requests • 508 KiB",
    "total": 519911,
    "image": 0,
    "imageCount": 0,
    "script": 221009,
    "scriptCount": 35,
    "document": 45338,
    "font": 37042,
    "fontCount": 1,
    "stylesheet": 3250,
    "stylesheetCount": 2,
    "thirdParty": 95332,
    "thirdPartyCount": 6
  },
  "run": {
    "number": 2,
    "total": 3
  },
  "axe": {
    "passes": 852,
    "violations": 41
  }
}