{
  "url": "https://nextjs.org/",
  "requestedUrl": "https://nextjs.org/",
  "timestamp": 1617178691017,
  "ranks": {
    "hundos": 4,
    "performance": 4,
    "accessibility": 7,
    "cumulative": 5
  },
  "lighthouse": {
    "version": "6.5.0",
    "performance": 0.95,
    "accessibility": 0.97,
    "bestPractices": 0.94,
    "seo": 1,
    "total": 386
  },
  "firstContentfulPaint": 1929.6480000000001,
  "speedIndex": 1929.6480000000001,
  "largestContentfulPaint": 2560.6945,
  "totalBlockingTime": 114,
  "cumulativeLayoutShift": 0,
  "timeToInteractive": 4199.7305,
  "maxPotentialFirstInputDelay": 280,
  "timeToFirstByte": 47.485000000000014,
  "weight": {
    "summary": "75 requests • 527 KiB",
    "total": 539203,
    "image": 0,
    "imageCount": 0,
    "script": 223548,
    "scriptCount": 35,
    "document": 45471,
    "font": 37052,
    "fontCount": 1,
    "stylesheet": 3308,
    "stylesheetCount": 2,
    "thirdParty": 96160,
    "thirdPartyCount": 6
  },
  "run": {
    "number": 2,
    "total": 3
  },
  "axe": {
    "passes": 864,
    "violations": 41
  }
}