{
  "url": "https://nextjs.org/",
  "requestedUrl": "https://nextjs.org/",
  "timestamp": 1613643174403,
  "ranks": {
    "hundos": 4,
    "performance": 5,
    "accessibility": 7,
    "cumulative": 4
  },
  "lighthouse": {
    "version": "6.5.0",
    "performance": 0.92,
    "accessibility": 0.97,
    "bestPractices": 0.94,
    "seo": 1,
    "total": 383
  },
  "firstContentfulPaint": 2067.1590000000006,
  "speedIndex": 2067.1590000000006,
  "largestContentfulPaint": 2683.6945000000014,
  "totalBlockingTime": 282,
  "cumulativeLayoutShift": 0,
  "timeToInteractive": 3699.1720000000005,
  "maxPotentialFirstInputDelay": 287,
  "timeToFirstByte": 44.331,
  "weight": {
    "summary": "74 requests • 511 KiB",
    "total": 522759,
    "image": 0,
    "imageCount": 0,
    "script": 233653,
    "scriptCount": 35,
    "document": 45379,
    "font": 37052,
    "fontCount": 1,
    "stylesheet": 3308,
    "stylesheetCount": 2,
    "thirdParty": 95815,
    "thirdPartyCount": 6
  },
  "run": {
    "number": 3,
    "total": 3
  },
  "axe": {
    "passes": 852,
    "violations": 41
  }
}