{
  "url": "https://nextjs.org/",
  "requestedUrl": "https://nextjs.org/",
  "timestamp": 1614852801254,
  "ranks": {
    "hundos": 3,
    "performance": 3,
    "accessibility": 7,
    "cumulative": 3
  },
  "lighthouse": {
    "version": "6.5.0",
    "performance": 0.97,
    "accessibility": 0.97,
    "bestPractices": 0.94,
    "seo": 1,
    "total": 388
  },
  "firstContentfulPaint": 1974.9719999999998,
  "speedIndex": 1974.9719999999998,
  "largestContentfulPaint": 2050.5564999999997,
  "totalBlockingTime": 104,
  "cumulativeLayoutShift": 0,
  "timeToInteractive": 3804.7654420166014,
  "maxPotentialFirstInputDelay": 117,
  "timeToFirstByte": 11.040999999999997,
  "weight": {
    "summary": "74 requests • 511 KiB",
    "total": 523251,
    "image": 0,
    "imageCount": 0,
    "script": 222394,
    "scriptCount": 35,
    "document": 45366,
    "font": 37042,
    "fontCount": 1,
    "stylesheet": 3308,
    "stylesheetCount": 2,
    "thirdParty": 95970,
    "thirdPartyCount": 6
  },
  "run": {
    "number": 3,
    "total": 3
  },
  "axe": {
    "passes": 852,
    "violations": 41
  }
}