{
  "url": "https://nextjs.org/",
  "requestedUrl": "https://nextjs.org/",
  "timestamp": 1617265428986,
  "ranks": {
    "hundos": 5,
    "performance": 5,
    "accessibility": 7,
    "cumulative": 5
  },
  "lighthouse": {
    "version": "6.5.0",
    "performance": 0.95,
    "accessibility": 0.97,
    "bestPractices": 0.94,
    "seo": 1,
    "total": 386
  },
  "firstContentfulPaint": 1959.9940000000001,
  "speedIndex": 1959.9940000000001,
  "largestContentfulPaint": 2564.991,
  "totalBlockingTime": 128,
  "cumulativeLayoutShift": 0,
  "timeToInteractive": 3607.0460000000003,
  "maxPotentialFirstInputDelay": 149,
  "timeToFirstByte": 10.011,
  "weight": {
    "summary": "75 requests • 527 KiB",
    "total": 539167,
    "image": 0,
    "imageCount": 0,
    "script": 223565,
    "scriptCount": 35,
    "document": 45471,
    "font": 37051,
    "fontCount": 1,
    "stylesheet": 3314,
    "stylesheetCount": 2,
    "thirdParty": 96122,
    "thirdPartyCount": 6
  },
  "run": {
    "number": 2,
    "total": 3
  },
  "axe": {
    "passes": 864,
    "violations": 41
  }
}