{
  "url": "https://nextjs.org/",
  "requestedUrl": "https://nextjs.org/",
  "timestamp": 1616494457223,
  "ranks": {
    "hundos": 5,
    "performance": 4,
    "accessibility": 7,
    "cumulative": 5
  },
  "lighthouse": {
    "version": "6.5.0",
    "performance": 0.96,
    "accessibility": 0.97,
    "bestPractices": 0.94,
    "seo": 1,
    "total": 387
  },
  "firstContentfulPaint": 1679.6590000000006,
  "speedIndex": 1679.6590000000006,
  "largestContentfulPaint": 2286.803000000001,
  "totalBlockingTime": 176.35599999999977,
  "cumulativeLayoutShift": 0,
  "timeToInteractive": 3789.068,
  "maxPotentialFirstInputDelay": 243,
  "timeToFirstByte": 8.580000000000002,
  "weight": {
    "summary": "79 requests • 537 KiB",
    "total": 550395,
    "image": 0,
    "imageCount": 0,
    "script": 223639,
    "scriptCount": 37,
    "document": 45370,
    "font": 37052,
    "fontCount": 1,
    "stylesheet": 3313,
    "stylesheetCount": 2,
    "thirdParty": 96370,
    "thirdPartyCount": 6
  },
  "run": {
    "number": 3,
    "total": 3
  },
  "axe": {
    "passes": 864,
    "violations": 41
  }
}