{
  "url": "https://nextjs.org/",
  "requestedUrl": "https://nextjs.org/",
  "timestamp": 1613556779051,
  "ranks": {
    "hundos": 4,
    "performance": 5,
    "accessibility": 7,
    "cumulative": 4
  },
  "lighthouse": {
    "version": "6.5.0",
    "performance": 0.95,
    "accessibility": 0.97,
    "bestPractices": 0.94,
    "seo": 1,
    "total": 386
  },
  "firstContentfulPaint": 1823.6909999999998,
  "speedIndex": 1823.6909999999998,
  "largestContentfulPaint": 2198.1969999999997,
  "totalBlockingTime": 239.5,
  "cumulativeLayoutShift": 0,
  "timeToInteractive": 4042.3389420166013,
  "maxPotentialFirstInputDelay": 205.5,
  "timeToFirstByte": 5.597000000000001,
  "weight": {
    "summary": "74 requests • 510 KiB",
    "total": 522522,
    "image": 0,
    "imageCount": 0,
    "script": 221814,
    "scriptCount": 35,
    "document": 45378,
    "font": 37051,
    "fontCount": 1,
    "stylesheet": 3307,
    "stylesheetCount": 2,
    "thirdParty": 95651,
    "thirdPartyCount": 6
  },
  "run": {
    "number": 3,
    "total": 3
  },
  "axe": {
    "passes": 852,
    "violations": 41
  }
}