{
  "url": "https://nextjs.org/",
  "requestedUrl": "https://nextjs.org/",
  "timestamp": 1612865368660,
  "ranks": {
    "hundos": 4,
    "performance": 5,
    "accessibility": 7,
    "cumulative": 4
  },
  "lighthouse": {
    "version": "6.5.0",
    "performance": 0.95,
    "accessibility": 0.97,
    "bestPractices": 0.94,
    "seo": 1,
    "total": 386
  },
  "firstContentfulPaint": 1818.018,
  "speedIndex": 1818.018,
  "largestContentfulPaint": 2388.787,
  "totalBlockingTime": 247.49999999999977,
  "cumulativeLayoutShift": 0,
  "timeToInteractive": 3719.8639999999987,
  "maxPotentialFirstInputDelay": 223,
  "timeToFirstByte": 51.076999999999984,
  "weight": {
    "summary": "74 requests • 508 KiB",
    "total": 520287,
    "image": 0,
    "imageCount": 0,
    "script": 221200,
    "scriptCount": 35,
    "document": 45331,
    "font": 37051,
    "fontCount": 1,
    "stylesheet": 3248,
    "stylesheetCount": 2,
    "thirdParty": 95485,
    "thirdPartyCount": 6
  },
  "run": {
    "number": 1,
    "total": 3
  },
  "axe": {
    "passes": 852,
    "violations": 41
  }
}