{
  "url": "https://nextjs.org/",
  "requestedUrl": "https://nextjs.org/",
  "timestamp": 1615803117654,
  "ranks": {
    "hundos": 4,
    "performance": 3,
    "accessibility": 7,
    "cumulative": 4
  },
  "lighthouse": {
    "version": "6.5.0",
    "performance": 0.97,
    "accessibility": 0.97,
    "bestPractices": 0.94,
    "seo": 1,
    "total": 388
  },
  "firstContentfulPaint": 1665.0199999999998,
  "speedIndex": 1665.0199999999998,
  "largestContentfulPaint": 2268.3165,
  "totalBlockingTime": 98.21600000000012,
  "cumulativeLayoutShift": 0,
  "timeToInteractive": 3724.5819999999994,
  "maxPotentialFirstInputDelay": 236,
  "timeToFirstByte": 14.977000000000004,
  "weight": {
    "summary": "79 requests • 537 KiB",
    "total": 549586,
    "image": 0,
    "imageCount": 0,
    "script": 223064,
    "scriptCount": 37,
    "document": 45368,
    "font": 37042,
    "fontCount": 1,
    "stylesheet": 3313,
    "stylesheetCount": 2,
    "thirdParty": 96364,
    "thirdPartyCount": 6
  },
  "run": {
    "number": 2,
    "total": 3
  },
  "axe": {
    "passes": 852,
    "violations": 41
  }
}