{
  "url": "https://nextjs.org/",
  "requestedUrl": "https://nextjs.org/",
  "timestamp": 1614595384706,
  "ranks": {
    "hundos": 3,
    "performance": 4,
    "accessibility": 7,
    "cumulative": 3
  },
  "lighthouse": {
    "version": "6.5.0",
    "performance": 0.97,
    "accessibility": 0.97,
    "bestPractices": 0.94,
    "seo": 1,
    "total": 388
  },
  "firstContentfulPaint": 1674.8470000000002,
  "speedIndex": 1674.8470000000002,
  "largestContentfulPaint": 2217.889,
  "totalBlockingTime": 141.99999999999977,
  "cumulativeLayoutShift": 0,
  "timeToInteractive": 3634.2869999999994,
  "maxPotentialFirstInputDelay": 239,
  "timeToFirstByte": 9.638999999999996,
  "weight": {
    "summary": "74 requests • 511 KiB",
    "total": 523049,
    "image": 0,
    "imageCount": 0,
    "script": 222294,
    "scriptCount": 35,
    "document": 45366,
    "font": 37055,
    "fontCount": 1,
    "stylesheet": 3305,
    "stylesheetCount": 2,
    "thirdParty": 95893,
    "thirdPartyCount": 6
  },
  "run": {
    "number": 1,
    "total": 3
  },
  "axe": {
    "passes": 852,
    "violations": 41
  }
}