{
  "url": "https://nextjs.org/",
  "requestedUrl": "https://nextjs.org/",
  "timestamp": 1614248550111,
  "ranks": {
    "hundos": 4,
    "performance": 4,
    "accessibility": 7,
    "cumulative": 4
  },
  "lighthouse": {
    "version": "6.5.0",
    "performance": 0.96,
    "accessibility": 0.97,
    "bestPractices": 0.94,
    "seo": 1,
    "total": 387
  },
  "firstContentfulPaint": 1864.4520000000002,
  "speedIndex": 1864.4520000000002,
  "largestContentfulPaint": 2331.057,
  "totalBlockingTime": 95.5,
  "cumulativeLayoutShift": 0,
  "timeToInteractive": 3880.9114420166015,
  "maxPotentialFirstInputDelay": 128,
  "timeToFirstByte": 17.976999999999997,
  "weight": {
    "summary": "74 requests • 511 KiB",
    "total": 523170,
    "image": 0,
    "imageCount": 0,
    "script": 234050,
    "scriptCount": 35,
    "document": 45367,
    "font": 37051,
    "fontCount": 1,
    "stylesheet": 3337,
    "stylesheetCount": 2,
    "thirdParty": 96002,
    "thirdPartyCount": 6
  },
  "run": {
    "number": 2,
    "total": 3
  },
  "axe": {
    "passes": 852,
    "violations": 41
  }
}