{
  "url": "https://nextjs.org/",
  "requestedUrl": "https://nextjs.org/",
  "timestamp": 1613211146156,
  "ranks": {
    "hundos": 4,
    "performance": 5,
    "accessibility": 7,
    "cumulative": 4
  },
  "lighthouse": {
    "version": "6.5.0",
    "performance": 0.94,
    "accessibility": 0.97,
    "bestPractices": 0.94,
    "seo": 1,
    "total": 385
  },
  "firstContentfulPaint": 1984.906,
  "speedIndex": 1984.906,
  "largestContentfulPaint": 2516.885,
  "totalBlockingTime": 222.5,
  "cumulativeLayoutShift": 0,
  "timeToInteractive": 3794.347,
  "maxPotentialFirstInputDelay": 227,
  "timeToFirstByte": 13.108999999999998,
  "weight": {
    "summary": "74 requests • 508 KiB",
    "total": 520107,
    "image": 0,
    "imageCount": 0,
    "script": 221230,
    "scriptCount": 35,
    "document": 45332,
    "font": 37051,
    "fontCount": 1,
    "stylesheet": 3247,
    "stylesheetCount": 2,
    "thirdParty": 95554,
    "thirdPartyCount": 6
  },
  "run": {
    "number": 3,
    "total": 3
  },
  "axe": {
    "passes": 852,
    "violations": 41
  }
}