{
  "url": "https://nextjs.org/",
  "requestedUrl": "https://nextjs.org/",
  "timestamp": 1612779513128,
  "ranks": {
    "hundos": 4,
    "performance": 6,
    "accessibility": 7,
    "cumulative": 4
  },
  "lighthouse": {
    "version": "6.5.0",
    "performance": 0.94,
    "accessibility": 0.97,
    "bestPractices": 0.94,
    "seo": 1,
    "total": 385
  },
  "firstContentfulPaint": 1740.116,
  "speedIndex": 1740.116,
  "largestContentfulPaint": 2296.3779999999997,
  "totalBlockingTime": 299.02899999999977,
  "cumulativeLayoutShift": 0,
  "timeToInteractive": 3771.2219999999998,
  "maxPotentialFirstInputDelay": 327,
  "timeToFirstByte": 18.424999999999997,
  "weight": {
    "summary": "74 requests • 508 KiB",
    "total": 519858,
    "image": 0,
    "imageCount": 0,
    "script": 220982,
    "scriptCount": 35,
    "document": 45340,
    "font": 37043,
    "fontCount": 1,
    "stylesheet": 3250,
    "stylesheetCount": 2,
    "thirdParty": 95331,
    "thirdPartyCount": 6
  },
  "run": {
    "number": 3,
    "total": 3
  },
  "axe": {
    "passes": 852,
    "violations": 41
  }
}