{
  "url": "https://nextjs.org/",
  "requestedUrl": "https://nextjs.org/",
  "timestamp": 1615716614784,
  "ranks": {
    "hundos": 3,
    "performance": 4,
    "accessibility": 7,
    "cumulative": 3
  },
  "lighthouse": {
    "version": "6.5.0",
    "performance": 0.97,
    "accessibility": 0.97,
    "bestPractices": 0.94,
    "seo": 1,
    "total": 388
  },
  "firstContentfulPaint": 1843.6770000000004,
  "speedIndex": 1843.6770000000004,
  "largestContentfulPaint": 2218.3545000000004,
  "totalBlockingTime": 131.00000000000023,
  "cumulativeLayoutShift": 0,
  "timeToInteractive": 3785.418157135011,
  "maxPotentialFirstInputDelay": 128,
  "timeToFirstByte": 16.147,
  "weight": {
    "summary": "79 requests • 537 KiB",
    "total": 549625,
    "image": 0,
    "imageCount": 0,
    "script": 223063,
    "scriptCount": 37,
    "document": 45368,
    "font": 37042,
    "fontCount": 1,
    "stylesheet": 3313,
    "stylesheetCount": 2,
    "thirdParty": 96357,
    "thirdPartyCount": 6
  },
  "run": {
    "number": 1,
    "total": 3
  },
  "axe": {
    "passes": 852,
    "violations": 41
  }
}