{
  "url": "https://nextjs.org/",
  "requestedUrl": "https://nextjs.org/",
  "timestamp": 1615630361457,
  "ranks": {
    "hundos": 5,
    "performance": 4,
    "accessibility": 7,
    "cumulative": 5
  },
  "lighthouse": {
    "version": "6.5.0",
    "performance": 0.96,
    "accessibility": 0.97,
    "bestPractices": 0.94,
    "seo": 1,
    "total": 387
  },
  "firstContentfulPaint": 1676.0249999999999,
  "speedIndex": 1676.0249999999999,
  "largestContentfulPaint": 2282.453,
  "totalBlockingTime": 136.5,
  "cumulativeLayoutShift": 0,
  "timeToInteractive": 3872.9309999999996,
  "maxPotentialFirstInputDelay": 147.5,
  "timeToFirstByte": 10.100000000000001,
  "weight": {
    "summary": "79 requests • 537 KiB",
    "total": 549572,
    "image": 0,
    "imageCount": 0,
    "script": 223003,
    "scriptCount": 37,
    "document": 45368,
    "font": 37051,
    "fontCount": 1,
    "stylesheet": 3313,
    "stylesheetCount": 2,
    "thirdParty": 96322,
    "thirdPartyCount": 6
  },
  "run": {
    "number": 3,
    "total": 3
  },
  "axe": {
    "passes": 852,
    "violations": 41
  }
}