{
  "url": "https://nextjs.org/",
  "requestedUrl": "https://nextjs.org/",
  "timestamp": 1615543819034,
  "ranks": {
    "hundos": 5,
    "performance": 5,
    "accessibility": 7,
    "cumulative": 5
  },
  "lighthouse": {
    "version": "6.5.0",
    "performance": 0.94,
    "accessibility": 0.97,
    "bestPractices": 0.94,
    "seo": 1,
    "total": 385
  },
  "firstContentfulPaint": 1854.0700000000002,
  "speedIndex": 1854.0700000000002,
  "largestContentfulPaint": 2005.7870000000003,
  "totalBlockingTime": 301.5,
  "cumulativeLayoutShift": 0,
  "timeToInteractive": 3876.75465713501,
  "maxPotentialFirstInputDelay": 271,
  "timeToFirstByte": 38.467,
  "weight": {
    "summary": "79 requests • 537 KiB",
    "total": 549805,
    "image": 0,
    "imageCount": 0,
    "script": 223011,
    "scriptCount": 37,
    "document": 45366,
    "font": 37051,
    "fontCount": 1,
    "stylesheet": 3314,
    "stylesheetCount": 2,
    "thirdParty": 96323,
    "thirdPartyCount": 6
  },
  "run": {
    "number": 1,
    "total": 3
  },
  "axe": {
    "passes": 852,
    "violations": 41
  }
}