{
  "url": "https://nextjs.org/",
  "requestedUrl": "https://nextjs.org/",
  "timestamp": 1616578138030,
  "ranks": {
    "hundos": 5,
    "performance": 5,
    "accessibility": 7,
    "cumulative": 5
  },
  "lighthouse": {
    "version": "6.5.0",
    "performance": 0.94,
    "accessibility": 0.97,
    "bestPractices": 0.94,
    "seo": 1,
    "total": 385
  },
  "firstContentfulPaint": 2092.252,
  "speedIndex": 2092.252,
  "largestContentfulPaint": 2539.902,
  "totalBlockingTime": 130,
  "cumulativeLayoutShift": 0,
  "timeToInteractive": 4049.0989999999997,
  "maxPotentialFirstInputDelay": 134,
  "timeToFirstByte": 41.217,
  "weight": {
    "summary": "79 requests • 536 KiB",
    "total": 548859,
    "image": 0,
    "imageCount": 0,
    "script": 223003,
    "scriptCount": 37,
    "document": 45372,
    "font": 37052,
    "fontCount": 1,
    "stylesheet": 3308,
    "stylesheetCount": 2,
    "thirdParty": 95657,
    "thirdPartyCount": 6
  },
  "run": {
    "number": 3,
    "total": 3
  },
  "axe": {
    "passes": 864,
    "violations": 41
  }
}