{
  "url": "https://nextjs.org/",
  "requestedUrl": "https://nextjs.org/",
  "timestamp": 1613297383728,
  "ranks": {
    "hundos": 3,
    "performance": 4,
    "accessibility": 7,
    "cumulative": 3
  },
  "lighthouse": {
    "version": "6.5.0",
    "performance": 0.97,
    "accessibility": 0.97,
    "bestPractices": 0.94,
    "seo": 1,
    "total": 388
  },
  "firstContentfulPaint": 1842.4849999999997,
  "speedIndex": 1842.4849999999997,
  "largestContentfulPaint": 2218.2074999999995,
  "totalBlockingTime": 120,
  "cumulativeLayoutShift": 0,
  "timeToInteractive": 3707.1143194122315,
  "maxPotentialFirstInputDelay": 126,
  "timeToFirstByte": 5.151999999999999,
  "weight": {
    "summary": "74 requests • 508 KiB",
    "total": 520069,
    "image": 0,
    "imageCount": 0,
    "script": 221178,
    "scriptCount": 35,
    "document": 45333,
    "font": 37051,
    "fontCount": 1,
    "stylesheet": 3249,
    "stylesheetCount": 2,
    "thirdParty": 95490,
    "thirdPartyCount": 6
  },
  "run": {
    "number": 1,
    "total": 3
  },
  "axe": {
    "passes": 852,
    "violations": 41
  }
}