{
  "url": "https://nextjs.org/",
  "requestedUrl": "https://nextjs.org/",
  "timestamp": 1616148738878,
  "ranks": {
    "hundos": 5,
    "performance": 6,
    "accessibility": 7,
    "cumulative": 5
  },
  "lighthouse": {
    "version": "6.5.0",
    "performance": 0.9,
    "accessibility": 0.97,
    "bestPractices": 0.94,
    "seo": 1,
    "total": 381
  },
  "firstContentfulPaint": 1900.5709999999995,
  "speedIndex": 1900.5709999999995,
  "largestContentfulPaint": 2456.7839999999997,
  "totalBlockingTime": 374,
  "cumulativeLayoutShift": 0,
  "timeToInteractive": 3821.459,
  "maxPotentialFirstInputDelay": 269,
  "timeToFirstByte": 17.991,
  "weight": {
    "summary": "79 requests • 537 KiB",
    "total": 549486,
    "image": 0,
    "imageCount": 0,
    "script": 222902,
    "scriptCount": 37,
    "document": 45382,
    "font": 37042,
    "fontCount": 1,
    "stylesheet": 3307,
    "stylesheetCount": 2,
    "thirdParty": 95661,
    "thirdPartyCount": 6
  },
  "run": {
    "number": 2,
    "total": 3
  },
  "axe": {
    "passes": 864,
    "violations": 41
  }
}