{
  "url": "https://nextjs.org/",
  "requestedUrl": "https://nextjs.org/",
  "timestamp": 1614506986127,
  "ranks": {
    "hundos": 4,
    "performance": 5,
    "accessibility": 7,
    "cumulative": 4
  },
  "lighthouse": {
    "version": "6.5.0",
    "performance": 0.96,
    "accessibility": 0.97,
    "bestPractices": 0.94,
    "seo": 1,
    "total": 387
  },
  "firstContentfulPaint": 2126.489,
  "speedIndex": 2126.489,
  "largestContentfulPaint": 2126.489,
  "totalBlockingTime": 78.5,
  "cumulativeLayoutShift": 0,
  "timeToInteractive": 3863.5430000000006,
  "maxPotentialFirstInputDelay": 117,
  "timeToFirstByte": 18.296,
  "weight": {
    "summary": "74 requests • 511 KiB",
    "total": 522991,
    "image": 0,
    "imageCount": 0,
    "script": 222286,
    "scriptCount": 35,
    "document": 45366,
    "font": 37042,
    "fontCount": 1,
    "stylesheet": 3302,
    "stylesheetCount": 2,
    "thirdParty": 95878,
    "thirdPartyCount": 6
  },
  "run": {
    "number": 1,
    "total": 3
  },
  "axe": {
    "passes": 852,
    "violations": 41
  }
}