{
  "url": "https://nextjs.org/",
  "requestedUrl": "https://nextjs.org/",
  "timestamp": 1617092375495,
  "ranks": {
    "hundos": 5,
    "performance": 5,
    "accessibility": 7,
    "cumulative": 5
  },
  "lighthouse": {
    "version": "6.5.0",
    "performance": 0.95,
    "accessibility": 0.97,
    "bestPractices": 0.94,
    "seo": 1,
    "total": 386
  },
  "firstContentfulPaint": 2077.795,
  "speedIndex": 2077.795,
  "largestContentfulPaint": 2520.8775000000005,
  "totalBlockingTime": 101,
  "cumulativeLayoutShift": 0,
  "timeToInteractive": 4010.558000000001,
  "maxPotentialFirstInputDelay": 101,
  "timeToFirstByte": 41.43799999999999,
  "weight": {
    "summary": "75 requests • 527 KiB",
    "total": 539205,
    "image": 0,
    "imageCount": 0,
    "script": 271146,
    "scriptCount": 35,
    "document": 45470,
    "font": 37052,
    "fontCount": 1,
    "stylesheet": 3308,
    "stylesheetCount": 2,
    "thirdParty": 96151,
    "thirdPartyCount": 6
  },
  "run": {
    "number": 3,
    "total": 3
  },
  "axe": {
    "passes": 864,
    "violations": 41
  }
}