{
  "url": "https://nextjs.org/",
  "requestedUrl": "https://nextjs.org/",
  "timestamp": 1613038292531,
  "ranks": {
    "hundos": 4,
    "performance": 4,
    "accessibility": 7,
    "cumulative": 4
  },
  "lighthouse": {
    "version": "6.5.0",
    "performance": 0.96,
    "accessibility": 0.97,
    "bestPractices": 0.94,
    "seo": 1,
    "total": 387
  },
  "firstContentfulPaint": 1833.1340000000002,
  "speedIndex": 1833.1340000000002,
  "largestContentfulPaint": 2289.152,
  "totalBlockingTime": 129,
  "cumulativeLayoutShift": 0,
  "timeToInteractive": 3910.917319412232,
  "maxPotentialFirstInputDelay": 150,
  "timeToFirstByte": 6.986999999999998,
  "weight": {
    "summary": "74 requests • 508 KiB",
    "total": 520158,
    "image": 0,
    "imageCount": 0,
    "script": 221218,
    "scriptCount": 35,
    "document": 45333,
    "font": 37051,
    "fontCount": 1,
    "stylesheet": 3249,
    "stylesheetCount": 2,
    "thirdParty": 95527,
    "thirdPartyCount": 6
  },
  "run": {
    "number": 2,
    "total": 3
  },
  "axe": {
    "passes": 852,
    "violations": 41
  }
}