{
  "url": "https://nextjs.org/",
  "requestedUrl": "https://nextjs.org/",
  "timestamp": 1617006626931,
  "ranks": {
    "hundos": 5,
    "performance": 5,
    "accessibility": 7,
    "cumulative": 5
  },
  "lighthouse": {
    "version": "6.5.0",
    "performance": 0.94,
    "accessibility": 0.97,
    "bestPractices": 0.94,
    "seo": 1,
    "total": 385
  },
  "firstContentfulPaint": 1955.3310000000001,
  "speedIndex": 1955.3310000000001,
  "largestContentfulPaint": 2487.5625,
  "totalBlockingTime": 255.5,
  "cumulativeLayoutShift": 0,
  "timeToInteractive": 3599.6890000000003,
  "maxPotentialFirstInputDelay": 195.5,
  "timeToFirstByte": 8.504999999999995,
  "weight": {
    "summary": "79 requests • 536 KiB",
    "total": 548928,
    "image": 0,
    "imageCount": 0,
    "script": 223054,
    "scriptCount": 37,
    "document": 45370,
    "font": 37051,
    "fontCount": 1,
    "stylesheet": 3314,
    "stylesheetCount": 2,
    "thirdParty": 95669,
    "thirdPartyCount": 6
  },
  "run": {
    "number": 3,
    "total": 3
  },
  "axe": {
    "passes": 864,
    "violations": 41
  }
}