{
  "url": "https://nextjs.org/",
  "requestedUrl": "https://nextjs.org/",
  "timestamp": 1612439625196,
  "ranks": {
    "hundos": 4,
    "performance": 5,
    "accessibility": 7,
    "cumulative": 4
  },
  "lighthouse": {
    "version": "6.5.0",
    "performance": 0.91,
    "accessibility": 0.97,
    "bestPractices": 0.94,
    "seo": 1,
    "total": 382
  },
  "firstContentfulPaint": 1817.413,
  "speedIndex": 1817.413,
  "largestContentfulPaint": 2421.285,
  "totalBlockingTime": 362.4999999999998,
  "cumulativeLayoutShift": 0,
  "timeToInteractive": 3837.2603194122307,
  "maxPotentialFirstInputDelay": 332.9999999999998,
  "timeToFirstByte": 16.811,
  "weight": {
    "summary": "74 requests • 508 KiB",
    "total": 519937,
    "image": 0,
    "imageCount": 0,
    "script": 221056,
    "scriptCount": 35,
    "document": 45340,
    "font": 37051,
    "fontCount": 1,
    "stylesheet": 3242,
    "stylesheetCount": 2,
    "thirdParty": 95388,
    "thirdPartyCount": 6
  },
  "run": {
    "number": 2,
    "total": 3
  },
  "axe": {
    "passes": 852,
    "violations": 41
  }
}