{
  "url": "https://nextjs.org/",
  "requestedUrl": "https://nextjs.org/",
  "timestamp": 1613729588220,
  "ranks": {
    "hundos": 4,
    "performance": 4,
    "accessibility": 7,
    "cumulative": 4
  },
  "lighthouse": {
    "version": "6.5.0",
    "performance": 0.95,
    "accessibility": 0.97,
    "bestPractices": 0.94,
    "seo": 1,
    "total": 386
  },
  "firstContentfulPaint": 1836.274,
  "speedIndex": 1836.274,
  "largestContentfulPaint": 2366.2055,
  "totalBlockingTime": 224.5,
  "cumulativeLayoutShift": 0,
  "timeToInteractive": 3858.5526571350097,
  "maxPotentialFirstInputDelay": 191.5,
  "timeToFirstByte": 10.23,
  "weight": {
    "summary": "74 requests • 511 KiB",
    "total": 522788,
    "image": 0,
    "imageCount": 0,
    "script": 221977,
    "scriptCount": 35,
    "document": 45378,
    "font": 37051,
    "fontCount": 1,
    "stylesheet": 3306,
    "stylesheetCount": 2,
    "thirdParty": 95814,
    "thirdPartyCount": 6
  },
  "run": {
    "number": 3,
    "total": 3
  },
  "axe": {
    "passes": 852,
    "violations": 41
  }
}