{
  "url": "https://nextjs.org/",
  "requestedUrl": "https://nextjs.org/",
  "timestamp": 1612696097337,
  "ranks": {
    "hundos": 4,
    "performance": 4,
    "accessibility": 7,
    "cumulative": 4
  },
  "lighthouse": {
    "version": "6.5.0",
    "performance": 0.95,
    "accessibility": 0.97,
    "bestPractices": 0.94,
    "seo": 1,
    "total": 386
  },
  "firstContentfulPaint": 1840.6399999999999,
  "speedIndex": 1840.6399999999999,
  "largestContentfulPaint": 2447.888,
  "totalBlockingTime": 209.47850000000017,
  "cumulativeLayoutShift": 0,
  "timeToInteractive": 3894.7008194122313,
  "maxPotentialFirstInputDelay": 220,
  "timeToFirstByte": 7.455000000000002,
  "weight": {
    "summary": "74 requests • 508 KiB",
    "total": 519916,
    "image": 0,
    "imageCount": 0,
    "script": 221003,
    "scriptCount": 35,
    "document": 45340,
    "font": 37051,
    "fontCount": 1,
    "stylesheet": 3249,
    "stylesheetCount": 2,
    "thirdParty": 95339,
    "thirdPartyCount": 6
  },
  "run": {
    "number": 1,
    "total": 3
  },
  "axe": {
    "passes": 852,
    "violations": 41
  }
}