{
  "url": "https://nextjs.org/",
  "requestedUrl": "https://nextjs.org/",
  "timestamp": 1617437908644,
  "ranks": {
    "hundos": 5,
    "performance": 5,
    "accessibility": 7,
    "cumulative": 5
  },
  "lighthouse": {
    "version": "6.5.0",
    "performance": 0.96,
    "accessibility": 0.97,
    "bestPractices": 0.94,
    "seo": 1,
    "total": 387
  },
  "firstContentfulPaint": 1812.13,
  "speedIndex": 1812.13,
  "largestContentfulPaint": 2337.13,
  "totalBlockingTime": 150.5,
  "cumulativeLayoutShift": 0,
  "timeToInteractive": 3617.13,
  "maxPotentialFirstInputDelay": 160.5,
  "timeToFirstByte": 11.369999999999997,
  "weight": {
    "summary": "75 requests • 527 KiB",
    "total": 539188,
    "image": 0,
    "imageCount": 0,
    "script": 223524,
    "scriptCount": 35,
    "document": 45468,
    "font": 37051,
    "fontCount": 1,
    "stylesheet": 3313,
    "stylesheetCount": 2,
    "thirdParty": 96113,
    "thirdPartyCount": 6
  },
  "run": {
    "number": 3,
    "total": 3
  },
  "axe": {
    "passes": 864,
    "violations": 41
  }
}