{
  "url": "https://nextjs.org/",
  "requestedUrl": "https://nextjs.org/",
  "timestamp": 1614161540315,
  "ranks": {
    "hundos": 4,
    "performance": 4,
    "accessibility": 7,
    "cumulative": 4
  },
  "lighthouse": {
    "version": "6.5.0",
    "performance": 0.96,
    "accessibility": 0.97,
    "bestPractices": 0.94,
    "seo": 1,
    "total": 387
  },
  "firstContentfulPaint": 1972.9139999999998,
  "speedIndex": 1972.9139999999998,
  "largestContentfulPaint": 2351.4964999999997,
  "totalBlockingTime": 158.5,
  "cumulativeLayoutShift": 0,
  "timeToInteractive": 3800.7659999999996,
  "maxPotentialFirstInputDelay": 163.5,
  "timeToFirstByte": 8.334,
  "weight": {
    "summary": "74 requests • 511 KiB",
    "total": 523174,
    "image": 0,
    "imageCount": 0,
    "script": 222390,
    "scriptCount": 35,
    "document": 45364,
    "font": 37051,
    "fontCount": 1,
    "stylesheet": 3306,
    "stylesheetCount": 2,
    "thirdParty": 95998,
    "thirdPartyCount": 6
  },
  "run": {
    "number": 2,
    "total": 3
  },
  "axe": {
    "passes": 852,
    "violations": 41
  }
}