{
  "url": "https://nextjs.org/",
  "requestedUrl": "https://nextjs.org/",
  "timestamp": 1614939219814,
  "ranks": {
    "hundos": 5,
    "performance": 4,
    "accessibility": 7,
    "cumulative": 5
  },
  "lighthouse": {
    "version": "6.5.0",
    "performance": 0.96,
    "accessibility": 0.97,
    "bestPractices": 0.94,
    "seo": 1,
    "total": 387
  },
  "firstContentfulPaint": 1724.8410000000001,
  "speedIndex": 1724.8410000000001,
  "largestContentfulPaint": 2325.067,
  "totalBlockingTime": 81.39499999999998,
  "cumulativeLayoutShift": 0,
  "timeToInteractive": 3780.477,
  "maxPotentialFirstInputDelay": 228,
  "timeToFirstByte": 38.91799999999999,
  "weight": {
    "summary": "74 requests • 511 KiB",
    "total": 523030,
    "image": 0,
    "imageCount": 0,
    "script": 222352,
    "scriptCount": 35,
    "document": 45366,
    "font": 37051,
    "fontCount": 1,
    "stylesheet": 3313,
    "stylesheetCount": 2,
    "thirdParty": 95958,
    "thirdPartyCount": 6
  },
  "run": {
    "number": 3,
    "total": 3
  },
  "axe": {
    "passes": 852,
    "violations": 41
  }
}