{
  "url": "https://docusaurus.io/",
  "requestedUrl": "https://v2.docusaurus.io/",
  "timestamp": 1616750336685,
  "ranks": {
    "hundos": 6,
    "performance": 6,
    "accessibility": 8,
    "cumulative": 6
  },
  "lighthouse": {
    "version": "6.5.0",
    "performance": 0.89,
    "accessibility": 0.96,
    "bestPractices": 0.93,
    "seo": 0.94,
    "total": 372
  },
  "firstContentfulPaint": 1879.848,
  "speedIndex": 2773.4489050417674,
  "largestContentfulPaint": 2788.4529999999995,
  "totalBlockingTime": 285.99999999999955,
  "cumulativeLayoutShift": 0.08071511501736112,
  "timeToInteractive": 4607.848,
  "maxPotentialFirstInputDelay": 320,
  "timeToFirstByte": 38.893,
  "weight": {
    "summary": "26 requests • 296 KiB",
    "total": 303445,
    "image": 63596,
    "imageCount": 10,
    "script": 210789,
    "scriptCount": 9,
    "document": 9780,
    "font": 0,
    "fontCount": 0,
    "stylesheet": 17426,
    "stylesheetCount": 1,
    "thirdParty": 125205,
    "thirdPartyCount": 14
  },
  "run": {
    "number": 1,
    "total": 2
  },
  "axe": {
    "passes": 392,
    "violations": 6
  }
}