{
  "url": "https://docusaurus.io/",
  "requestedUrl": "https://v2.docusaurus.io/",
  "timestamp": 1617092224772,
  "ranks": {
    "hundos": 6,
    "performance": 7,
    "accessibility": 8,
    "cumulative": 6
  },
  "lighthouse": {
    "version": "6.5.0",
    "performance": 0.8,
    "accessibility": 0.96,
    "bestPractices": 0.93,
    "seo": 0.94,
    "total": 363
  },
  "firstContentfulPaint": 2457.156,
  "speedIndex": 3055.1248337443044,
  "largestContentfulPaint": 3898.1040000000003,
  "totalBlockingTime": 265,
  "cumulativeLayoutShift": 0.08071511501736112,
  "timeToInteractive": 4903.3189999999995,
  "maxPotentialFirstInputDelay": 580,
  "timeToFirstByte": 88.99600000000001,
  "weight": {
    "summary": "26 requests • 297 KiB",
    "total": 303961,
    "image": 63637,
    "imageCount": 10,
    "script": 211264,
    "scriptCount": 9,
    "document": 9794,
    "font": 0,
    "fontCount": 0,
    "stylesheet": 17419,
    "stylesheetCount": 1,
    "thirdParty": 125723,
    "thirdPartyCount": 14
  },
  "run": {
    "number": 1,
    "total": 2
  },
  "axe": {
    "passes": 392,
    "violations": 6
  }
}