{
  "url": "https://docusaurus.io/",
  "requestedUrl": "https://v2.docusaurus.io/",
  "timestamp": 1616836631485,
  "ranks": {
    "hundos": 6,
    "performance": 7,
    "accessibility": 8,
    "cumulative": 6
  },
  "lighthouse": {
    "version": "6.5.0",
    "performance": 0.89,
    "accessibility": 0.96,
    "bestPractices": 0.93,
    "seo": 0.94,
    "total": 372
  },
  "firstContentfulPaint": 2318.5640000000003,
  "speedIndex": 2481.732383776277,
  "largestContentfulPaint": 2841.777,
  "totalBlockingTime": 250.5,
  "cumulativeLayoutShift": 0.08071511501736112,
  "timeToInteractive": 4571.15,
  "maxPotentialFirstInputDelay": 304,
  "timeToFirstByte": 31.011000000000003,
  "weight": {
    "summary": "26 requests • 296 KiB",
    "total": 303073,
    "image": 63165,
    "imageCount": 10,
    "script": 210755,
    "scriptCount": 9,
    "document": 9859,
    "font": 0,
    "fontCount": 0,
    "stylesheet": 17436,
    "stylesheetCount": 1,
    "thirdParty": 124747,
    "thirdPartyCount": 14
  },
  "run": {
    "number": 1,
    "total": 1
  },
  "axe": {
    "passes": 392,
    "violations": 6
  }
}