{
  "url": "https://docusaurus.io/",
  "requestedUrl": "https://v2.docusaurus.io/",
  "timestamp": 1617610725123,
  "ranks": {
    "hundos": 8,
    "performance": 9,
    "accessibility": 8,
    "cumulative": 8
  },
  "lighthouse": {
    "version": "6.5.0",
    "performance": 0.74,
    "accessibility": 0.96,
    "bestPractices": 0.93,
    "seo": 0.94,
    "total": 357
  },
  "firstContentfulPaint": 3364.758,
  "speedIndex": 3364.758,
  "largestContentfulPaint": 3964.758,
  "totalBlockingTime": 350,
  "cumulativeLayoutShift": 0.08071511501736112,
  "timeToInteractive": 4735.5085,
  "maxPotentialFirstInputDelay": 351,
  "timeToFirstByte": 62.902,
  "weight": {
    "summary": "26 requests • 296 KiB",
    "total": 303483,
    "image": 63205,
    "imageCount": 10,
    "script": 211237,
    "scriptCount": 9,
    "document": 9782,
    "font": 0,
    "fontCount": 0,
    "stylesheet": 17417,
    "stylesheetCount": 1,
    "thirdParty": 125240,
    "thirdPartyCount": 14
  },
  "run": {
    "number": 1,
    "total": 2
  },
  "axe": {
    "passes": 392,
    "violations": 6
  }
}