{
  "url": "https://docusaurus.io/",
  "requestedUrl": "https://v2.docusaurus.io/",
  "timestamp": 1616494309964,
  "ranks": {
    "hundos": 7,
    "performance": 7,
    "accessibility": 8,
    "cumulative": 7
  },
  "lighthouse": {
    "version": "6.5.0",
    "performance": 0.78,
    "accessibility": 0.96,
    "bestPractices": 0.93,
    "seo": 0.94,
    "total": 361
  },
  "firstContentfulPaint": 2318.933,
  "speedIndex": 4148.780520490775,
  "largestContentfulPaint": 4205.467,
  "totalBlockingTime": 140,
  "cumulativeLayoutShift": 0.08071511501736112,
  "timeToInteractive": 4998.433,
  "maxPotentialFirstInputDelay": 329,
  "timeToFirstByte": 139.182,
  "weight": {
    "summary": "26 requests • 297 KiB",
    "total": 304028,
    "image": 63598,
    "imageCount": 10,
    "script": 211425,
    "scriptCount": 9,
    "document": 9741,
    "font": 0,
    "fontCount": 0,
    "stylesheet": 17421,
    "stylesheetCount": 1,
    "thirdParty": 125907,
    "thirdPartyCount": 14
  },
  "run": {
    "number": 1,
    "total": 2
  },
  "axe": {
    "passes": 387,
    "violations": 6
  }
}