{
  "url": "https://docusaurus.io/",
  "requestedUrl": "https://v2.docusaurus.io/",
  "timestamp": 1616577973722,
  "ranks": {
    "hundos": 6,
    "performance": 7,
    "accessibility": 8,
    "cumulative": 6
  },
  "lighthouse": {
    "version": "6.5.0",
    "performance": 0.8,
    "accessibility": 0.96,
    "bestPractices": 0.93,
    "seo": 0.94,
    "total": 363
  },
  "firstContentfulPaint": 2556.39,
  "speedIndex": 3728.085725824363,
  "largestContentfulPaint": 3980.6800000000003,
  "totalBlockingTime": 127.5,
  "cumulativeLayoutShift": 0.08071511501736112,
  "timeToInteractive": 4720.991,
  "maxPotentialFirstInputDelay": 305,
  "timeToFirstByte": 212.75900000000001,
  "weight": {
    "summary": "26 requests • 296 KiB",
    "total": 303340,
    "image": 63633,
    "imageCount": 10,
    "script": 210485,
    "scriptCount": 9,
    "document": 9774,
    "font": 0,
    "fontCount": 0,
    "stylesheet": 17602,
    "stylesheetCount": 1,
    "thirdParty": 125180,
    "thirdPartyCount": 14
  },
  "run": {
    "number": 1,
    "total": 1
  },
  "axe": {
    "passes": 387,
    "violations": 6
  }
}