{
  "url": "https://docusaurus.io/",
  "requestedUrl": "https://v2.docusaurus.io/",
  "timestamp": 1617437850107,
  "ranks": {
    "hundos": 6,
    "performance": 6,
    "accessibility": 8,
    "cumulative": 6
  },
  "lighthouse": {
    "version": "6.5.0",
    "performance": 0.83,
    "accessibility": 0.96,
    "bestPractices": 0.93,
    "seo": 0.94,
    "total": 366
  },
  "firstContentfulPaint": 2025.72,
  "speedIndex": 2751.24407790035,
  "largestContentfulPaint": 3870.089,
  "totalBlockingTime": 225.5,
  "cumulativeLayoutShift": 0.08071511501736112,
  "timeToInteractive": 4712.22,
  "maxPotentialFirstInputDelay": 285,
  "timeToFirstByte": 44.736,
  "weight": {
    "summary": "26 requests • 297 KiB",
    "total": 303981,
    "image": 63618,
    "imageCount": 10,
    "script": 211195,
    "scriptCount": 9,
    "document": 9875,
    "font": 0,
    "fontCount": 0,
    "stylesheet": 17448,
    "stylesheetCount": 1,
    "thirdParty": 125626,
    "thirdPartyCount": 14
  },
  "run": {
    "number": 1,
    "total": 1
  },
  "axe": {
    "passes": 392,
    "violations": 6
  }
}