{
  "url": "https://docusaurus.io/",
  "requestedUrl": "https://v2.docusaurus.io/",
  "timestamp": 1617351560112,
  "ranks": {
    "hundos": 8,
    "performance": 10,
    "accessibility": 8,
    "cumulative": 8
  },
  "lighthouse": {
    "version": "6.5.0",
    "performance": 0.68,
    "accessibility": 0.96,
    "bestPractices": 0.93,
    "seo": 0.94,
    "total": 351
  },
  "firstContentfulPaint": 3954.8370000000004,
  "speedIndex": 4232.271846017942,
  "largestContentfulPaint": 4739.3369999999995,
  "totalBlockingTime": 197,
  "cumulativeLayoutShift": 0.001790798611111111,
  "timeToInteractive": 5020.8369999999995,
  "maxPotentialFirstInputDelay": 426,
  "timeToFirstByte": 103.154,
  "weight": {
    "summary": "26 requests • 296 KiB",
    "total": 303440,
    "image": 63147,
    "imageCount": 10,
    "script": 211066,
    "scriptCount": 9,
    "document": 9763,
    "font": 0,
    "fontCount": 0,
    "stylesheet": 17614,
    "stylesheetCount": 1,
    "thirdParty": 125193,
    "thirdPartyCount": 14
  },
  "run": {
    "number": 2,
    "total": 3
  },
  "axe": {
    "passes": 392,
    "violations": 6
  }
}