{
  "url": "https://docusaurus.io/",
  "requestedUrl": "https://v2.docusaurus.io/",
  "timestamp": 1617006536001,
  "ranks": {
    "hundos": 6,
    "performance": 6,
    "accessibility": 8,
    "cumulative": 6
  },
  "lighthouse": {
    "version": "6.5.0",
    "performance": 0.85,
    "accessibility": 0.96,
    "bestPractices": 0.93,
    "seo": 0.94,
    "total": 368
  },
  "firstContentfulPaint": 2339.549,
  "speedIndex": 2339.549,
  "largestContentfulPaint": 2796.6130000000003,
  "totalBlockingTime": 386,
  "cumulativeLayoutShift": 0.08071511501736112,
  "timeToInteractive": 4987.362,
  "maxPotentialFirstInputDelay": 705,
  "timeToFirstByte": 20.397,
  "weight": {
    "summary": "26 requests • 296 KiB",
    "total": 303438,
    "image": 63579,
    "imageCount": 10,
    "script": 210793,
    "scriptCount": 9,
    "document": 9801,
    "font": 0,
    "fontCount": 0,
    "stylesheet": 17422,
    "stylesheetCount": 1,
    "thirdParty": 125167,
    "thirdPartyCount": 14
  },
  "run": {
    "number": 1,
    "total": 1
  },
  "axe": {
    "passes": 392,
    "violations": 6
  }
}