{
  "url": "https://docusaurus.io/",
  "requestedUrl": "https://v2.docusaurus.io/",
  "timestamp": 1616663808061,
  "ranks": {
    "hundos": 6,
    "performance": 7,
    "accessibility": 8,
    "cumulative": 6
  },
  "lighthouse": {
    "version": "6.5.0",
    "performance": 0.81,
    "accessibility": 0.96,
    "bestPractices": 0.93,
    "seo": 0.94,
    "total": 364
  },
  "firstContentfulPaint": 2381.888,
  "speedIndex": 2532.303450539424,
  "largestContentfulPaint": 2839.1549999999997,
  "totalBlockingTime": 502.5,
  "cumulativeLayoutShift": 0.08071511501736112,
  "timeToInteractive": 5023.345,
  "maxPotentialFirstInputDelay": 683,
  "timeToFirstByte": 45.175,
  "weight": {
    "summary": "26 requests • 296 KiB",
    "total": 303035,
    "image": 63215,
    "imageCount": 10,
    "script": 210697,
    "scriptCount": 9,
    "document": 9778,
    "font": 0,
    "fontCount": 0,
    "stylesheet": 17493,
    "stylesheetCount": 1,
    "thirdParty": 124783,
    "thirdPartyCount": 14
  },
  "run": {
    "number": 1,
    "total": 1
  },
  "axe": {
    "passes": 392,
    "violations": 6
  }
}