{
  "url": "https://www.gatsbyjs.com/",
  "requestedUrl": "https://www.gatsbyjs.com/",
  "timestamp": 1613902341436,
  "ranks": {
    "hundos": 7,
    "performance": 10,
    "accessibility": 10,
    "cumulative": 7
  },
  "lighthouse": {
    "version": "6.5.0",
    "performance": 0.7,
    "accessibility": 0.94,
    "bestPractices": 1,
    "seo": 1,
    "total": 364
  },
  "firstContentfulPaint": 2338.078,
  "speedIndex": 3177.469777561605,
  "largestContentfulPaint": 2649.5099999999998,
  "totalBlockingTime": 885.9999999999995,
  "cumulativeLayoutShift": 0,
  "timeToInteractive": 6077.407000000001,
  "maxPotentialFirstInputDelay": 633,
  "timeToFirstByte": 126.85700000000001,
  "weight": {
    "summary": "39 requests • 518 KiB",
    "total": 529961,
    "image": 35388,
    "imageCount": 6,
    "script": 336124,
    "scriptCount": 22,
    "document": 69711,
    "font": 54932,
    "fontCount": 3,
    "stylesheet": 0,
    "stylesheetCount": 0,
    "thirdParty": 140824,
    "thirdPartyCount": 15
  },
  "run": {
    "number": 3,
    "total": 3
  },
  "axe": {
    "passes": 1345,
    "violations": 1
  }
}