{
  "url": "https://www.gatsbyjs.com/",
  "requestedUrl": "https://www.gatsbyjs.com/",
  "timestamp": 1615630183905,
  "ranks": {
    "hundos": 7,
    "performance": 10,
    "accessibility": 10,
    "cumulative": 7
  },
  "lighthouse": {
    "version": "6.5.0",
    "performance": 0.74,
    "accessibility": 0.91,
    "bestPractices": 1,
    "seo": 0.93,
    "total": 358
  },
  "firstContentfulPaint": 2264.8129999999996,
  "speedIndex": 3232.581538123167,
  "largestContentfulPaint": 2715.9169999999995,
  "totalBlockingTime": 688.5,
  "cumulativeLayoutShift": 0,
  "timeToInteractive": 5739.9,
  "maxPotentialFirstInputDelay": 531,
  "timeToFirstByte": 6.609999999999999,
  "weight": {
    "summary": "39 requests • 523 KiB",
    "total": 535442,
    "image": 35367,
    "imageCount": 6,
    "script": 340426,
    "scriptCount": 22,
    "document": 70365,
    "font": 54939,
    "fontCount": 3,
    "stylesheet": 0,
    "stylesheetCount": 0,
    "thirdParty": 142586,
    "thirdPartyCount": 15
  },
  "run": {
    "number": 1,
    "total": 3
  },
  "axe": {
    "passes": 1376,
    "violations": 4
  }
}