{
  "url": "https://www.gatsbyjs.com/",
  "requestedUrl": "https://www.gatsbyjs.com/",
  "timestamp": 1613470276681,
  "ranks": {
    "hundos": 7,
    "performance": 10,
    "accessibility": 10,
    "cumulative": 7
  },
  "lighthouse": {
    "version": "6.5.0",
    "performance": 0.78,
    "accessibility": 0.94,
    "bestPractices": 1,
    "seo": 0.92,
    "total": 364
  },
  "firstContentfulPaint": 2339.754,
  "speedIndex": 3107.024421216955,
  "largestContentfulPaint": 2965.6060000000007,
  "totalBlockingTime": 510.5140000000001,
  "cumulativeLayoutShift": 0,
  "timeToInteractive": 5832.932500000001,
  "maxPotentialFirstInputDelay": 466,
  "timeToFirstByte": 14.810999999999979,
  "weight": {
    "summary": "41 requests • 513 KiB",
    "total": 525067,
    "image": 23294,
    "imageCount": 8,
    "script": 336002,
    "scriptCount": 22,
    "document": 74729,
    "font": 54929,
    "fontCount": 3,
    "stylesheet": 0,
    "stylesheetCount": 0,
    "thirdParty": 128341,
    "thirdPartyCount": 17
  },
  "run": {
    "number": 2,
    "total": 3
  },
  "axe": {
    "passes": 1514,
    "violations": 1
  }
}