{
  "url": "https://www.gatsbyjs.com/",
  "requestedUrl": "https://www.gatsbyjs.com/",
  "timestamp": 1614766233650,
  "ranks": {
    "hundos": 7,
    "performance": 9,
    "accessibility": 10,
    "cumulative": 7
  },
  "lighthouse": {
    "version": "6.5.0",
    "performance": 0.68,
    "accessibility": 0.94,
    "bestPractices": 1,
    "seo": 0.93,
    "total": 355
  },
  "firstContentfulPaint": 2493.807,
  "speedIndex": 3152.5349976230755,
  "largestContentfulPaint": 2805.7129999999997,
  "totalBlockingTime": 936.5000000000005,
  "cumulativeLayoutShift": 0,
  "timeToInteractive": 5919.5015,
  "maxPotentialFirstInputDelay": 639.0000000000005,
  "timeToFirstByte": 13.775000000000006,
  "weight": {
    "summary": "39 requests • 525 KiB",
    "total": 537572,
    "image": 35377,
    "imageCount": 6,
    "script": 342607,
    "scriptCount": 22,
    "document": 70098,
    "font": 54916,
    "fontCount": 3,
    "stylesheet": 0,
    "stylesheetCount": 0,
    "thirdParty": 140850,
    "thirdPartyCount": 15
  },
  "run": {
    "number": 1,
    "total": 3
  },
  "axe": {
    "passes": 1374,
    "violations": 0
  }
}