{
  "url": "https://www.gatsbyjs.com/",
  "requestedUrl": "https://www.gatsbyjs.com/",
  "timestamp": 1616062183570,
  "ranks": {
    "hundos": 6,
    "performance": 7,
    "accessibility": 10,
    "cumulative": 6
  },
  "lighthouse": {
    "version": "6.5.0",
    "performance": 0.7,
    "accessibility": 0.91,
    "bestPractices": 1,
    "seo": 1,
    "total": 361
  },
  "firstContentfulPaint": 2259.477,
  "speedIndex": 3250.063166498588,
  "largestContentfulPaint": 2784.6169999999997,
  "totalBlockingTime": 847.5,
  "cumulativeLayoutShift": 0,
  "timeToInteractive": 6121.2155,
  "maxPotentialFirstInputDelay": 512.9999999999995,
  "timeToFirstByte": 9.314999999999998,
  "weight": {
    "summary": "42 requests • 530 KiB",
    "total": 542726,
    "image": 35390,
    "imageCount": 6,
    "script": 347399,
    "scriptCount": 24,
    "document": 70376,
    "font": 54948,
    "fontCount": 3,
    "stylesheet": 0,
    "stylesheetCount": 0,
    "thirdParty": 149973,
    "thirdPartyCount": 18
  },
  "run": {
    "number": 1,
    "total": 3
  },
  "axe": {
    "passes": 1378,
    "violations": 4
  }
}