{
  "url": "https://www.gatsbyjs.com/",
  "requestedUrl": "https://www.gatsbyjs.com/",
  "timestamp": 1613729570400,
  "ranks": {
    "hundos": 7,
    "performance": 10,
    "accessibility": 10,
    "cumulative": 7
  },
  "lighthouse": {
    "version": "6.5.0",
    "performance": 0.72,
    "accessibility": 0.94,
    "bestPractices": 1,
    "seo": 1,
    "total": 366
  },
  "firstContentfulPaint": 2343.74,
  "speedIndex": 2828.0215228201,
  "largestContentfulPaint": 2734.409048347473,
  "totalBlockingTime": 810,
  "cumulativeLayoutShift": 0,
  "timeToInteractive": 5764.9439999999995,
  "maxPotentialFirstInputDelay": 533,
  "timeToFirstByte": 127.76199999999999,
  "weight": {
    "summary": "39 requests • 517 KiB",
    "total": 529757,
    "image": 35397,
    "imageCount": 6,
    "script": 336031,
    "scriptCount": 22,
    "document": 69715,
    "font": 54953,
    "fontCount": 3,
    "stylesheet": 0,
    "stylesheetCount": 0,
    "thirdParty": 140833,
    "thirdPartyCount": 15
  },
  "run": {
    "number": 3,
    "total": 3
  },
  "axe": {
    "passes": 1345,
    "violations": 1
  }
}