{
  "url": "https://www.gatsbyjs.com/",
  "requestedUrl": "https://www.gatsbyjs.com/",
  "timestamp": 1616923003911,
  "ranks": {
    "hundos": 7,
    "performance": 10,
    "accessibility": 10,
    "cumulative": 7
  },
  "lighthouse": {
    "version": "6.5.0",
    "performance": 0.69,
    "accessibility": 0.91,
    "bestPractices": 1,
    "seo": 1,
    "total": 360
  },
  "firstContentfulPaint": 2267.7840000000006,
  "speedIndex": 3291.9439219123383,
  "largestContentfulPaint": 2644.9689999999996,
  "totalBlockingTime": 944.4999999999993,
  "cumulativeLayoutShift": 0,
  "timeToInteractive": 6269.077000000001,
  "maxPotentialFirstInputDelay": 533.9999999999995,
  "timeToFirstByte": 15.218999999999994,
  "weight": {
    "summary": "42 requests • 531 KiB",
    "total": 544114,
    "image": 35357,
    "imageCount": 6,
    "script": 348350,
    "scriptCount": 24,
    "document": 70512,
    "font": 55110,
    "fontCount": 3,
    "stylesheet": 0,
    "stylesheetCount": 0,
    "thirdParty": 150843,
    "thirdPartyCount": 18
  },
  "run": {
    "number": 3,
    "total": 3
  },
  "axe": {
    "passes": 1378,
    "violations": 4
  }
}