{
  "url": "https://www.gatsbyjs.com/",
  "requestedUrl": "https://www.gatsbyjs.com/",
  "timestamp": 1616148619139,
  "ranks": {
    "hundos": 8,
    "performance": 11,
    "accessibility": 10,
    "cumulative": 8
  },
  "lighthouse": {
    "version": "6.5.0",
    "performance": 0.65,
    "accessibility": 0.91,
    "bestPractices": 1,
    "seo": 1,
    "total": 356
  },
  "firstContentfulPaint": 2261.0939999999996,
  "speedIndex": 3698.283382047367,
  "largestContentfulPaint": 2636.1264999999994,
  "totalBlockingTime": 1163.9869999999992,
  "cumulativeLayoutShift": 0.0509765625,
  "timeToInteractive": 6416.796999999999,
  "maxPotentialFirstInputDelay": 626,
  "timeToFirstByte": 6.942999999999998,
  "weight": {
    "summary": "42 requests • 530 KiB",
    "total": 542869,
    "image": 35378,
    "imageCount": 6,
    "script": 347446,
    "scriptCount": 24,
    "document": 70377,
    "font": 55000,
    "fontCount": 3,
    "stylesheet": 0,
    "stylesheetCount": 0,
    "thirdParty": 149981,
    "thirdPartyCount": 18
  },
  "run": {
    "number": 1,
    "total": 3
  },
  "axe": {
    "passes": 1378,
    "violations": 4
  }
}