{
  "url": "https://www.gatsbyjs.com/",
  "requestedUrl": "https://www.gatsbyjs.com/",
  "timestamp": 1615284859379,
  "ranks": {
    "hundos": 8,
    "performance": 10,
    "accessibility": 10,
    "cumulative": 8
  },
  "lighthouse": {
    "version": "6.5.0",
    "performance": 0.73,
    "accessibility": 0.91,
    "bestPractices": 1,
    "seo": 0.93,
    "total": 357
  },
  "firstContentfulPaint": 2418.891,
  "speedIndex": 3128.8823670591564,
  "largestContentfulPaint": 2794.0535,
  "totalBlockingTime": 711.4999999999995,
  "cumulativeLayoutShift": 0.0509765625,
  "timeToInteractive": 5650.432499999999,
  "maxPotentialFirstInputDelay": 514.9999999999995,
  "timeToFirstByte": 11.245999999999995,
  "weight": {
    "summary": "40 requests • 521 KiB",
    "total": 533693,
    "image": 35772,
    "imageCount": 7,
    "script": 338255,
    "scriptCount": 22,
    "document": 70377,
    "font": 54991,
    "fontCount": 3,
    "stylesheet": 0,
    "stylesheetCount": 0,
    "thirdParty": 141400,
    "thirdPartyCount": 16
  },
  "run": {
    "number": 1,
    "total": 3
  },
  "axe": {
    "passes": 1376,
    "violations": 4
  }
}