{
  "url": "https://www.gatsbyjs.com/",
  "requestedUrl": "https://www.gatsbyjs.com/",
  "timestamp": 1617351601347,
  "ranks": {
    "hundos": 6,
    "performance": 8,
    "accessibility": 10,
    "cumulative": 6
  },
  "lighthouse": {
    "version": "6.5.0",
    "performance": 0.74,
    "accessibility": 0.91,
    "bestPractices": 1,
    "seo": 1,
    "total": 365
  },
  "firstContentfulPaint": 2335.314,
  "speedIndex": 3344.9145453779943,
  "largestContentfulPaint": 2960.997999999999,
  "totalBlockingTime": 578,
  "cumulativeLayoutShift": 0,
  "timeToInteractive": 6624.9995,
  "maxPotentialFirstInputDelay": 458,
  "timeToFirstByte": 7.818000000000012,
  "weight": {
    "summary": "52 requests • 528 KiB",
    "total": 540602,
    "image": 26534,
    "imageCount": 10,
    "script": 349825,
    "scriptCount": 25,
    "document": 70608,
    "font": 54957,
    "fontCount": 3,
    "stylesheet": 0,
    "stylesheetCount": 0,
    "thirdParty": 148121,
    "thirdPartyCount": 28
  },
  "run": {
    "number": 3,
    "total": 3
  },
  "axe": {
    "passes": 1378,
    "violations": 4
  }
}