{
  "url": "https://www.gatsbyjs.com/",
  "requestedUrl": "https://www.gatsbyjs.com/",
  "timestamp": 1617006487317,
  "ranks": {
    "hundos": 7,
    "performance": 11,
    "accessibility": 10,
    "cumulative": 7
  },
  "lighthouse": {
    "version": "6.5.0",
    "performance": 0.64,
    "accessibility": 0.91,
    "bestPractices": 1,
    "seo": 1,
    "total": 355
  },
  "firstContentfulPaint": 2564.107,
  "speedIndex": 3549.0247787353646,
  "largestContentfulPaint": 3015.9100000000003,
  "totalBlockingTime": 1043.2585000000004,
  "cumulativeLayoutShift": 0,
  "timeToInteractive": 6402.9529999999995,
  "maxPotentialFirstInputDelay": 620,
  "timeToFirstByte": 2.394999999999996,
  "weight": {
    "summary": "42 requests • 531 KiB",
    "total": 543538,
    "image": 35039,
    "imageCount": 6,
    "script": 348085,
    "scriptCount": 24,
    "document": 70511,
    "font": 54929,
    "fontCount": 3,
    "stylesheet": 0,
    "stylesheetCount": 0,
    "thirdParty": 150182,
    "thirdPartyCount": 18
  },
  "run": {
    "number": 2,
    "total": 3
  },
  "axe": {
    "passes": 1378,
    "violations": 4
  }
}