{
  "url": "https://www.gatsbyjs.com/",
  "requestedUrl": "https://www.gatsbyjs.com/",
  "timestamp": 1615111801764,
  "ranks": {
    "hundos": 7,
    "performance": 9,
    "accessibility": 10,
    "cumulative": 7
  },
  "lighthouse": {
    "version": "6.5.0",
    "performance": 0.73,
    "accessibility": 0.91,
    "bestPractices": 1,
    "seo": 0.93,
    "total": 357
  },
  "firstContentfulPaint": 2408.552,
  "speedIndex": 3201.0449269887604,
  "largestContentfulPaint": 2858.552,
  "totalBlockingTime": 708.5,
  "cumulativeLayoutShift": 0,
  "timeToInteractive": 5600.799000000001,
  "maxPotentialFirstInputDelay": 543,
  "timeToFirstByte": 2.796999999999997,
  "weight": {
    "summary": "40 requests • 522 KiB",
    "total": 535009,
    "image": 35773,
    "imageCount": 7,
    "script": 339496,
    "scriptCount": 22,
    "document": 70379,
    "font": 55159,
    "fontCount": 3,
    "stylesheet": 0,
    "stylesheetCount": 0,
    "thirdParty": 141397,
    "thirdPartyCount": 16
  },
  "run": {
    "number": 1,
    "total": 3
  },
  "axe": {
    "passes": 1376,
    "violations": 4
  }
}