{
  "url": "https://www.gatsbyjs.com/",
  "requestedUrl": "https://www.gatsbyjs.com/",
  "timestamp": 1615889613090,
  "ranks": {
    "hundos": 7,
    "performance": 9,
    "accessibility": 10,
    "cumulative": 7
  },
  "lighthouse": {
    "version": "6.5.0",
    "performance": 0.72,
    "accessibility": 0.91,
    "bestPractices": 1,
    "seo": 0.93,
    "total": 356
  },
  "firstContentfulPaint": 2340.1929999999998,
  "speedIndex": 3108.9012628125047,
  "largestContentfulPaint": 2808.330999999999,
  "totalBlockingTime": 772.5,
  "cumulativeLayoutShift": 0,
  "timeToInteractive": 5818.061,
  "maxPotentialFirstInputDelay": 569,
  "timeToFirstByte": 12.875,
  "weight": {
    "summary": "39 requests • 523 KiB",
    "total": 535499,
    "image": 35402,
    "imageCount": 6,
    "script": 340512,
    "scriptCount": 22,
    "document": 70354,
    "font": 55018,
    "fontCount": 3,
    "stylesheet": 0,
    "stylesheetCount": 0,
    "thirdParty": 142607,
    "thirdPartyCount": 15
  },
  "run": {
    "number": 3,
    "total": 3
  },
  "axe": {
    "passes": 1376,
    "violations": 4
  }
}