{
  "url": "https://www.gatsbyjs.com/",
  "requestedUrl": "https://www.gatsbyjs.com/",
  "timestamp": 1616577920604,
  "ranks": {
    "hundos": 7,
    "performance": 11,
    "accessibility": 10,
    "cumulative": 7
  },
  "lighthouse": {
    "version": "6.5.0",
    "performance": 0.69,
    "accessibility": 0.91,
    "bestPractices": 1,
    "seo": 1,
    "total": 360
  },
  "firstContentfulPaint": 2437.993,
  "speedIndex": 3405.915996876863,
  "largestContentfulPaint": 2817.2329999999997,
  "totalBlockingTime": 827.0280000000002,
  "cumulativeLayoutShift": 0.0509765625,
  "timeToInteractive": 6147.1735,
  "maxPotentialFirstInputDelay": 512,
  "timeToFirstByte": 11.037999999999982,
  "weight": {
    "summary": "42 requests • 531 KiB",
    "total": 543421,
    "image": 35385,
    "imageCount": 6,
    "script": 347801,
    "scriptCount": 24,
    "document": 70487,
    "font": 54933,
    "fontCount": 3,
    "stylesheet": 0,
    "stylesheetCount": 0,
    "thirdParty": 150443,
    "thirdPartyCount": 18
  },
  "run": {
    "number": 1,
    "total": 3
  },
  "axe": {
    "passes": 1378,
    "violations": 4
  }
}