{
  "url": "https://www.gatsbyjs.com/",
  "requestedUrl": "https://www.gatsbyjs.com/",
  "timestamp": 1615457402525,
  "ranks": {
    "hundos": 7,
    "performance": 10,
    "accessibility": 10,
    "cumulative": 7
  },
  "lighthouse": {
    "version": "6.5.0",
    "performance": 0.72,
    "accessibility": 0.91,
    "bestPractices": 1,
    "seo": 0.93,
    "total": 356
  },
  "firstContentfulPaint": 2334.4669999999996,
  "speedIndex": 3090.889219665114,
  "largestContentfulPaint": 2802.1369999999993,
  "totalBlockingTime": 731.0000000000009,
  "cumulativeLayoutShift": 0.0509765625,
  "timeToInteractive": 5856.841,
  "maxPotentialFirstInputDelay": 545.0000000000009,
  "timeToFirstByte": 12.825000000000003,
  "weight": {
    "summary": "39 requests • 523 KiB",
    "total": 535463,
    "image": 35389,
    "imageCount": 6,
    "script": 340272,
    "scriptCount": 22,
    "document": 70372,
    "font": 54999,
    "fontCount": 3,
    "stylesheet": 0,
    "stylesheetCount": 0,
    "thirdParty": 142607,
    "thirdPartyCount": 15
  },
  "run": {
    "number": 1,
    "total": 3
  },
  "axe": {
    "passes": 1376,
    "violations": 4
  }
}