{
  "url": "https://www.gatsbyjs.com/",
  "requestedUrl": "https://www.gatsbyjs.com/",
  "timestamp": 1617610564873,
  "ranks": {
    "hundos": 6,
    "performance": 10,
    "accessibility": 10,
    "cumulative": 6
  },
  "lighthouse": {
    "version": "6.5.0",
    "performance": 0.72,
    "accessibility": 0.91,
    "bestPractices": 1,
    "seo": 1,
    "total": 363
  },
  "firstContentfulPaint": 2102.524,
  "speedIndex": 3473.9710724291454,
  "largestContentfulPaint": 2668.978,
  "totalBlockingTime": 770.9860000000006,
  "cumulativeLayoutShift": 0.051205078125000004,
  "timeToInteractive": 6345.354000000001,
  "maxPotentialFirstInputDelay": 609,
  "timeToFirstByte": 15.806000000000012,
  "weight": {
    "summary": "52 requests • 528 KiB",
    "total": 540836,
    "image": 26531,
    "imageCount": 10,
    "script": 350085,
    "scriptCount": 25,
    "document": 70623,
    "font": 55011,
    "fontCount": 3,
    "stylesheet": 0,
    "stylesheetCount": 0,
    "thirdParty": 148361,
    "thirdPartyCount": 28
  },
  "run": {
    "number": 1,
    "total": 3
  },
  "axe": {
    "passes": 1377,
    "violations": 5
  }
}