{
  "url": "https://www.gatsbyjs.com/",
  "requestedUrl": "https://www.gatsbyjs.com/",
  "timestamp": 1614420578880,
  "ranks": {
    "hundos": 7,
    "performance": 7,
    "accessibility": 10,
    "cumulative": 7
  },
  "lighthouse": {
    "version": "6.5.0",
    "performance": 0.78,
    "accessibility": 0.94,
    "bestPractices": 1,
    "seo": 1,
    "total": 372
  },
  "firstContentfulPaint": 2409.2960000000003,
  "speedIndex": 2993.737268143723,
  "largestContentfulPaint": 2860.3000483474734,
  "totalBlockingTime": 531.7755000000006,
  "cumulativeLayoutShift": 0,
  "timeToInteractive": 5724.071500000001,
  "maxPotentialFirstInputDelay": 485,
  "timeToFirstByte": 2.5289999999999964,
  "weight": {
    "summary": "41 requests • 526 KiB",
    "total": 538568,
    "image": 35062,
    "imageCount": 6,
    "script": 343490,
    "scriptCount": 24,
    "document": 70527,
    "font": 54919,
    "fontCount": 3,
    "stylesheet": 0,
    "stylesheetCount": 0,
    "thirdParty": 140498,
    "thirdPartyCount": 15
  },
  "run": {
    "number": 1,
    "total": 3
  },
  "axe": {
    "passes": 1368,
    "violations": 1
  }
}