{
  "url": "https://www.gatsbyjs.com/",
  "requestedUrl": "https://www.gatsbyjs.com/",
  "timestamp": 1617265503960,
  "ranks": {
    "hundos": 6,
    "performance": 10,
    "accessibility": 10,
    "cumulative": 6
  },
  "lighthouse": {
    "version": "6.5.0",
    "performance": 0.71,
    "accessibility": 0.91,
    "bestPractices": 1,
    "seo": 1,
    "total": 362
  },
  "firstContentfulPaint": 2407.5329999999994,
  "speedIndex": 3307.6830750936388,
  "largestContentfulPaint": 3008.6889999999985,
  "totalBlockingTime": 704.5,
  "cumulativeLayoutShift": 0,
  "timeToInteractive": 5843.400499999998,
  "maxPotentialFirstInputDelay": 487,
  "timeToFirstByte": 124.282,
  "weight": {
    "summary": "42 requests • 532 KiB",
    "total": 544519,
    "image": 35405,
    "imageCount": 6,
    "script": 348831,
    "scriptCount": 24,
    "document": 70453,
    "font": 55034,
    "fontCount": 3,
    "stylesheet": 0,
    "stylesheetCount": 0,
    "thirdParty": 151144,
    "thirdPartyCount": 18
  },
  "run": {
    "number": 3,
    "total": 3
  },
  "axe": {
    "passes": 1378,
    "violations": 4
  }
}