{
  "url": "https://www.gatsbyjs.com/",
  "requestedUrl": "https://www.gatsbyjs.com/",
  "timestamp": 1615716782528,
  "ranks": {
    "hundos": 7,
    "performance": 10,
    "accessibility": 10,
    "cumulative": 7
  },
  "lighthouse": {
    "version": "6.5.0",
    "performance": 0.72,
    "accessibility": 0.91,
    "bestPractices": 1,
    "seo": 0.93,
    "total": 356
  },
  "firstContentfulPaint": 2333.759,
  "speedIndex": 3246.274092668099,
  "largestContentfulPaint": 2879.919999999999,
  "totalBlockingTime": 722.9770000000003,
  "cumulativeLayoutShift": 0,
  "timeToInteractive": 5769.0985,
  "maxPotentialFirstInputDelay": 529,
  "timeToFirstByte": 12.338000000000001,
  "weight": {
    "summary": "39 requests • 523 KiB",
    "total": 535418,
    "image": 35400,
    "imageCount": 6,
    "script": 340437,
    "scriptCount": 22,
    "document": 70365,
    "font": 54922,
    "fontCount": 3,
    "stylesheet": 0,
    "stylesheetCount": 0,
    "thirdParty": 142637,
    "thirdPartyCount": 15
  },
  "run": {
    "number": 3,
    "total": 3
  },
  "axe": {
    "passes": 1376,
    "violations": 4
  }
}