{
  "url": "https://www.gatsbyjs.com/",
  "requestedUrl": "https://www.gatsbyjs.com/",
  "timestamp": 1613297464437,
  "ranks": {
    "hundos": 6,
    "performance": 8,
    "accessibility": 10,
    "cumulative": 6
  },
  "lighthouse": {
    "version": "6.5.0",
    "performance": 0.68,
    "accessibility": 0.94,
    "bestPractices": 1,
    "seo": 0.92,
    "total": 354
  },
  "firstContentfulPaint": 2334.308,
  "speedIndex": 2981.4694141529544,
  "largestContentfulPaint": 2958.9659502639765,
  "totalBlockingTime": 870.9999999999995,
  "cumulativeLayoutShift": 0,
  "timeToInteractive": 6335.726499999999,
  "maxPotentialFirstInputDelay": 711,
  "timeToFirstByte": 10.585999999999999,
  "weight": {
    "summary": "41 requests • 513 KiB",
    "total": 525071,
    "image": 23322,
    "imageCount": 8,
    "script": 335861,
    "scriptCount": 22,
    "document": 74731,
    "font": 55034,
    "fontCount": 3,
    "stylesheet": 0,
    "stylesheetCount": 0,
    "thirdParty": 128371,
    "thirdPartyCount": 17
  },
  "run": {
    "number": 2,
    "total": 3
  },
  "axe": {
    "passes": 1514,
    "violations": 1
  }
}