{
  "url": "https://www.gatsbyjs.com/",
  "requestedUrl": "https://www.gatsbyjs.com/",
  "timestamp": 1612439707411,
  "ranks": {
    "hundos": 7,
    "performance": 9,
    "accessibility": 10,
    "cumulative": 7
  },
  "lighthouse": {
    "version": "6.5.0",
    "performance": 0.73,
    "accessibility": 0.92,
    "bestPractices": 1,
    "seo": 0.92,
    "total": 357
  },
  "firstContentfulPaint": 2187.7480000000005,
  "speedIndex": 2533.822744551464,
  "largestContentfulPaint": 2580.7314393692022,
  "totalBlockingTime": 779.8105000000005,
  "cumulativeLayoutShift": 0.0022803192138671877,
  "timeToInteractive": 6143.327499999999,
  "maxPotentialFirstInputDelay": 640,
  "timeToFirstByte": 7.623999999999995,
  "weight": {
    "summary": "44 requests • 513 KiB",
    "total": 525493,
    "image": 23334,
    "imageCount": 10,
    "script": 335200,
    "scriptCount": 21,
    "document": 75054,
    "font": 54950,
    "fontCount": 3,
    "stylesheet": 0,
    "stylesheetCount": 0,
    "thirdParty": 129057,
    "thirdPartyCount": 21
  },
  "run": {
    "number": 3,
    "total": 3
  },
  "axe": {
    "passes": 1522,
    "violations": 2
  }
}