{
  "url": "https://www.gatsbyjs.com/",
  "requestedUrl": "https://www.gatsbyjs.com/",
  "timestamp": 1615198348808,
  "ranks": {
    "hundos": 7,
    "performance": 10,
    "accessibility": 10,
    "cumulative": 7
  },
  "lighthouse": {
    "version": "6.5.0",
    "performance": 0.64,
    "accessibility": 0.91,
    "bestPractices": 1,
    "seo": 0.93,
    "total": 348
  },
  "firstContentfulPaint": 2660.879,
  "speedIndex": 3567.873500312558,
  "largestContentfulPaint": 2971.999,
  "totalBlockingTime": 1017.5000000000014,
  "cumulativeLayoutShift": 0.0509765625,
  "timeToInteractive": 6086.184500000001,
  "maxPotentialFirstInputDelay": 703.0000000000005,
  "timeToFirstByte": 38.51400000000001,
  "weight": {
    "summary": "40 requests • 523 KiB",
    "total": 535191,
    "image": 35768,
    "imageCount": 7,
    "script": 339613,
    "scriptCount": 22,
    "document": 70399,
    "font": 54927,
    "fontCount": 3,
    "stylesheet": 0,
    "stylesheetCount": 0,
    "thirdParty": 141392,
    "thirdPartyCount": 16
  },
  "run": {
    "number": 2,
    "total": 3
  },
  "axe": {
    "passes": 1376,
    "violations": 4
  }
}