{
  "url": "https://www.gatsbyjs.com/",
  "requestedUrl": "https://www.gatsbyjs.com/",
  "timestamp": 1614075094999,
  "ranks": {
    "hundos": 6,
    "performance": 8,
    "accessibility": 10,
    "cumulative": 6
  },
  "lighthouse": {
    "version": "6.5.0",
    "performance": 0.7,
    "accessibility": 0.94,
    "bestPractices": 1,
    "seo": 1,
    "total": 364
  },
  "firstContentfulPaint": 2451.258,
  "speedIndex": 2736.8313797728943,
  "largestContentfulPaint": 2901.474,
  "totalBlockingTime": 842.2649999999994,
  "cumulativeLayoutShift": 0,
  "timeToInteractive": 5737.746999999999,
  "maxPotentialFirstInputDelay": 681,
  "timeToFirstByte": 5.511000000000003,
  "weight": {
    "summary": "39 requests • 517 KiB",
    "total": 529722,
    "image": 35381,
    "imageCount": 6,
    "script": 336193,
    "scriptCount": 22,
    "document": 69684,
    "font": 54851,
    "fontCount": 3,
    "stylesheet": 0,
    "stylesheetCount": 0,
    "thirdParty": 140811,
    "thirdPartyCount": 15
  },
  "run": {
    "number": 2,
    "total": 3
  },
  "axe": {
    "passes": 1345,
    "violations": 1
  }
}