{
  "url": "https://www.gatsbyjs.com/",
  "requestedUrl": "https://www.gatsbyjs.com/",
  "timestamp": 1616836492862,
  "ranks": {
    "hundos": 7,
    "performance": 10,
    "accessibility": 10,
    "cumulative": 7
  },
  "lighthouse": {
    "version": "6.5.0",
    "performance": 0.69,
    "accessibility": 0.91,
    "bestPractices": 1,
    "seo": 1,
    "total": 360
  },
  "firstContentfulPaint": 2266.1339999999996,
  "speedIndex": 3590.154262344386,
  "largestContentfulPaint": 2791.8514999999993,
  "totalBlockingTime": 825.5,
  "cumulativeLayoutShift": 0,
  "timeToInteractive": 6424.093999999999,
  "maxPotentialFirstInputDelay": 566.0000000000005,
  "timeToFirstByte": 18.85499999999999,
  "weight": {
    "summary": "42 requests • 531 KiB",
    "total": 544096,
    "image": 35391,
    "imageCount": 6,
    "script": 348422,
    "scriptCount": 24,
    "document": 70517,
    "font": 55034,
    "fontCount": 3,
    "stylesheet": 0,
    "stylesheetCount": 0,
    "thirdParty": 150765,
    "thirdPartyCount": 18
  },
  "run": {
    "number": 2,
    "total": 3
  },
  "axe": {
    "passes": 1378,
    "violations": 4
  }
}