{
  "url": "https://www.gatsbyjs.com/",
  "requestedUrl": "https://www.gatsbyjs.com/",
  "timestamp": 1617092176997,
  "ranks": {
    "hundos": 7,
    "performance": 10,
    "accessibility": 10,
    "cumulative": 7
  },
  "lighthouse": {
    "version": "6.5.0",
    "performance": 0.7,
    "accessibility": 0.91,
    "bestPractices": 1,
    "seo": 1,
    "total": 361
  },
  "firstContentfulPaint": 2560.871,
  "speedIndex": 3383.567164923715,
  "largestContentfulPaint": 3010.8949999999995,
  "totalBlockingTime": 715.4359999999997,
  "cumulativeLayoutShift": 0,
  "timeToInteractive": 5910.0244999999995,
  "maxPotentialFirstInputDelay": 472,
  "timeToFirstByte": 8.468000000000004,
  "weight": {
    "summary": "42 requests • 532 KiB",
    "total": 544453,
    "image": 35408,
    "imageCount": 6,
    "script": 348711,
    "scriptCount": 24,
    "document": 70528,
    "font": 54946,
    "fontCount": 3,
    "stylesheet": 0,
    "stylesheetCount": 0,
    "thirdParty": 151115,
    "thirdPartyCount": 18
  },
  "run": {
    "number": 1,
    "total": 3
  },
  "axe": {
    "passes": 1378,
    "violations": 4
  }
}