{
  "url": "https://www.gatsbyjs.com/",
  "requestedUrl": "https://www.gatsbyjs.com/",
  "timestamp": 1613988499859,
  "ranks": {
    "hundos": 7,
    "performance": 9,
    "accessibility": 10,
    "cumulative": 7
  },
  "lighthouse": {
    "version": "6.5.0",
    "performance": 0.71,
    "accessibility": 0.94,
    "bestPractices": 1,
    "seo": 1,
    "total": 365
  },
  "firstContentfulPaint": 2345.0539999999996,
  "speedIndex": 2755.584179878245,
  "largestContentfulPaint": 2656.4679999999994,
  "totalBlockingTime": 896.3659999999998,
  "cumulativeLayoutShift": 0,
  "timeToInteractive": 5771.006,
  "maxPotentialFirstInputDelay": 656.0000000000005,
  "timeToFirstByte": 12.641999999999996,
  "weight": {
    "summary": "39 requests • 518 KiB",
    "total": 529958,
    "image": 35370,
    "imageCount": 6,
    "script": 336265,
    "scriptCount": 22,
    "document": 69705,
    "font": 54954,
    "fontCount": 3,
    "stylesheet": 0,
    "stylesheetCount": 0,
    "thirdParty": 140830,
    "thirdPartyCount": 15
  },
  "run": {
    "number": 1,
    "total": 3
  },
  "axe": {
    "passes": 1345,
    "violations": 1
  }
}