{
  "url": "https://www.gatsbyjs.com/",
  "requestedUrl": "https://www.gatsbyjs.com/",
  "timestamp": 1613383896432,
  "ranks": {
    "hundos": 8,
    "performance": 9,
    "accessibility": 10,
    "cumulative": 8
  },
  "lighthouse": {
    "version": "6.5.0",
    "performance": 0.72,
    "accessibility": 0.94,
    "bestPractices": 1,
    "seo": 0.92,
    "total": 358
  },
  "firstContentfulPaint": 2333.853,
  "speedIndex": 2750.788368823309,
  "largestContentfulPaint": 2801.3816832351686,
  "totalBlockingTime": 734.2475,
  "cumulativeLayoutShift": 0,
  "timeToInteractive": 6080.144,
  "maxPotentialFirstInputDelay": 696,
  "timeToFirstByte": 8.658000000000001,
  "weight": {
    "summary": "41 requests • 512 KiB",
    "total": 524361,
    "image": 22695,
    "imageCount": 8,
    "script": 335846,
    "scriptCount": 22,
    "document": 74729,
    "font": 55008,
    "fontCount": 3,
    "stylesheet": 0,
    "stylesheetCount": 0,
    "thirdParty": 127701,
    "thirdPartyCount": 17
  },
  "run": {
    "number": 2,
    "total": 3
  },
  "axe": {
    "passes": 1514,
    "violations": 1
  }
}