{
  "url": "https://www.gatsbyjs.com/",
  "requestedUrl": "https://www.gatsbyjs.com/",
  "timestamp": 1616407908435,
  "ranks": {
    "hundos": 7,
    "performance": 10,
    "accessibility": 10,
    "cumulative": 7
  },
  "lighthouse": {
    "version": "6.5.0",
    "performance": 0.64,
    "accessibility": 0.91,
    "bestPractices": 1,
    "seo": 1,
    "total": 355
  },
  "firstContentfulPaint": 2408.782,
  "speedIndex": 3474.273975131368,
  "largestContentfulPaint": 2858.8240000000005,
  "totalBlockingTime": 1168.9999999999998,
  "cumulativeLayoutShift": 0,
  "timeToInteractive": 6366.3060000000005,
  "maxPotentialFirstInputDelay": 693,
  "timeToFirstByte": 10.634,
  "weight": {
    "summary": "42 requests • 530 KiB",
    "total": 542801,
    "image": 35384,
    "imageCount": 6,
    "script": 347201,
    "scriptCount": 24,
    "document": 70486,
    "font": 54923,
    "fontCount": 3,
    "stylesheet": 0,
    "stylesheetCount": 0,
    "thirdParty": 149797,
    "thirdPartyCount": 18
  },
  "run": {
    "number": 2,
    "total": 3
  },
  "axe": {
    "passes": 1378,
    "violations": 4
  }
}