{
  "url": "https://www.gatsbyjs.com/",
  "requestedUrl": "https://www.gatsbyjs.com/",
  "timestamp": 1614334597927,
  "ranks": {
    "hundos": 7,
    "performance": 8,
    "accessibility": 10,
    "cumulative": 7
  },
  "lighthouse": {
    "version": "6.5.0",
    "performance": 0.69,
    "accessibility": 0.94,
    "bestPractices": 1,
    "seo": 1,
    "total": 363
  },
  "firstContentfulPaint": 2334.02,
  "speedIndex": 3138.279954533547,
  "largestContentfulPaint": 2723.5525000000002,
  "totalBlockingTime": 918.9340000000007,
  "cumulativeLayoutShift": 0,
  "timeToInteractive": 6126.303000000002,
  "maxPotentialFirstInputDelay": 708,
  "timeToFirstByte": 7.893000000000001,
  "weight": {
    "summary": "39 requests • 517 KiB",
    "total": 529911,
    "image": 35379,
    "imageCount": 6,
    "script": 336205,
    "scriptCount": 22,
    "document": 69709,
    "font": 54990,
    "fontCount": 3,
    "stylesheet": 0,
    "stylesheetCount": 0,
    "thirdParty": 140823,
    "thirdPartyCount": 15
  },
  "run": {
    "number": 3,
    "total": 3
  },
  "axe": {
    "passes": 1345,
    "violations": 1
  }
}