{
  "url": "https://www.gatsbyjs.com/",
  "requestedUrl": "https://www.gatsbyjs.com/",
  "timestamp": 1615025401536,
  "ranks": {
    "hundos": 7,
    "performance": 9,
    "accessibility": 10,
    "cumulative": 7
  },
  "lighthouse": {
    "version": "6.5.0",
    "performance": 0.72,
    "accessibility": 0.91,
    "bestPractices": 1,
    "seo": 0.93,
    "total": 356
  },
  "firstContentfulPaint": 2341.1620000000003,
  "speedIndex": 3427.4943443277434,
  "largestContentfulPaint": 2808.6340000000005,
  "totalBlockingTime": 723.3520000000008,
  "cumulativeLayoutShift": 0.0509765625,
  "timeToInteractive": 5998.983,
  "maxPotentialFirstInputDelay": 665,
  "timeToFirstByte": 152.51100000000002,
  "weight": {
    "summary": "40 requests • 522 KiB",
    "total": 534832,
    "image": 35760,
    "imageCount": 7,
    "script": 339368,
    "scriptCount": 22,
    "document": 70382,
    "font": 55037,
    "fontCount": 3,
    "stylesheet": 0,
    "stylesheetCount": 0,
    "thirdParty": 141406,
    "thirdPartyCount": 16
  },
  "run": {
    "number": 1,
    "total": 3
  },
  "axe": {
    "passes": 1376,
    "violations": 4
  }
}