{
  "url": "https://www.gatsbyjs.com/",
  "requestedUrl": "https://www.gatsbyjs.com/",
  "timestamp": 1613815957019,
  "ranks": {
    "hundos": 7,
    "performance": 10,
    "accessibility": 10,
    "cumulative": 7
  },
  "lighthouse": {
    "version": "6.5.0",
    "performance": 0.74,
    "accessibility": 0.94,
    "bestPractices": 1,
    "seo": 1,
    "total": 368
  },
  "firstContentfulPaint": 2271.463,
  "speedIndex": 2903.107651036426,
  "largestContentfulPaint": 2722.3420000000006,
  "totalBlockingTime": 731.4999999999989,
  "cumulativeLayoutShift": 0,
  "timeToInteractive": 5501.109999999999,
  "maxPotentialFirstInputDelay": 518.9999999999991,
  "timeToFirstByte": 13.541000000000011,
  "weight": {
    "summary": "39 requests • 517 KiB",
    "total": 529835,
    "image": 35389,
    "imageCount": 6,
    "script": 336062,
    "scriptCount": 22,
    "document": 69709,
    "font": 55009,
    "fontCount": 3,
    "stylesheet": 0,
    "stylesheetCount": 0,
    "thirdParty": 140844,
    "thirdPartyCount": 15
  },
  "run": {
    "number": 3,
    "total": 3
  },
  "axe": {
    "passes": 1345,
    "violations": 1
  }
}